[2025-09-22 10:53:28] local.ERROR: Undefined variable $urlType {"view":{"view":"C:\\Users\\lenovo\\Desktop\\revdb\\resources\\views\\partial\\admin\\header.blade.php","data":{"errors":"<pre class=sf-dump id=sf-dump-1786911718 data-indent-pad=\"  \"><span class=sf-dump-note>Illuminate\\Support\\ViewErrorBag</span> {<a class=sf-dump-ref>#1439</a><samp data-depth=1 class=sf-dump-expanded>
  #<span class=sf-dump-protected title=\"Protected property\">bags</span>: []
</samp>}
</pre><script>Sfdump(\"sf-dump-1786911718\", {\"maxDepth\":3,\"maxStringLength\":160})</script>
","earningSummary":"<pre class=sf-dump id=sf-dump-242284547 data-indent-pad=\"  \"><span class=sf-dump-note>array:9</span> [<samp data-depth=1 class=sf-dump-expanded>
  \"<span class=sf-dump-key>total_sales</span>\" => <span class=sf-dump-num>125620.9686</span>
  \"<span class=sf-dump-key>total_commission</span>\" => <span class=sf-dump-num>5330.4814769783</span>
  \"<span class=sf-dump-key>total_transactions</span>\" => <span class=sf-dump-num>690</span>
  \"<span class=sf-dump-key>pending_commission</span>\" => <span class=sf-dump-num>4958.3705037356</span>
  \"<span class=sf-dump-key>approved_commission</span>\" => <span class=sf-dump-num>234.32747172884</span>
  \"<span class=sf-dump-key>declined_commission</span>\" => <span class=sf-dump-num>137.78350151384</span>
  \"<span class=sf-dump-key>publisher_commission</span>\" => <span class=sf-dump-num>4264.3851815826</span>
  \"<span class=sf-dump-key>totalPaidAmount</span>\" => <span class=sf-dump-num>0</span>
  \"<span class=sf-dump-key>total_profit</span>\" => <span class=sf-dump-num>1066.0962953957</span>
</samp>]
</pre><script>Sfdump(\"sf-dump-242284547\", {\"maxDepth\":3,\"maxStringLength\":160})</script>
","earningSummaryGraph":"<pre class=sf-dump id=sf-dump-985095648 data-indent-pad=\"  \"><span class=sf-dump-note>array:2</span> [<samp data-depth=1 class=sf-dump-expanded>
  \"<span class=sf-dump-key>current</span>\" => <span class=\"sf-dump-note sf-dump-ellipsization\" title=\"Illuminate\\Support\\Collection
\"><span class=\"sf-dump-ellipsis sf-dump-ellipsis-note\">Illuminate\\Support</span><span class=\"sf-dump-ellipsis sf-dump-ellipsis-note\">\\</span><span class=\"sf-dump-ellipsis-tail\">Collection</span></span> {<a class=sf-dump-ref>#1533</a><samp data-depth=2 class=sf-dump-compact>
    #<span class=sf-dump-protected title=\"Protected property\">items</span>: <span class=sf-dump-note>array:17</span> [<samp data-depth=3 class=sf-dump-compact>
      <span class=sf-dump-index>0</span> => {<a class=sf-dump-ref>#1538</a> &#8230;9}
      <span class=sf-dump-index>1</span> => {<a class=sf-dump-ref>#1687</a> &#8230;9}
      <span class=sf-dump-index>2</span> => {<a class=sf-dump-ref>#1536</a> &#8230;9}
      <span class=sf-dump-index>3</span> => {<a class=sf-dump-ref>#1685</a> &#8230;9}
      <span class=sf-dump-index>4</span> => {<a class=sf-dump-ref>#1688</a> &#8230;9}
      <span class=sf-dump-index>5</span> => {<a class=sf-dump-ref>#1539</a> &#8230;9}
      <span class=sf-dump-index>6</span> => {<a class=sf-dump-ref>#1540</a> &#8230;9}
      <span class=sf-dump-index>7</span> => {<a class=sf-dump-ref>#1681</a> &#8230;9}
      <span class=sf-dump-index>8</span> => {<a class=sf-dump-ref>#1541</a> &#8230;9}
      <span class=sf-dump-index>9</span> => {<a class=sf-dump-ref>#1680</a> &#8230;9}
      <span class=sf-dump-index>10</span> => {<a class=sf-dump-ref>#1542</a> &#8230;9}
      <span class=sf-dump-index>11</span> => {<a class=sf-dump-ref>#1679</a> &#8230;9}
      <span class=sf-dump-index>12</span> => {<a class=sf-dump-ref>#1543</a> &#8230;9}
      <span class=sf-dump-index>13</span> => {<a class=sf-dump-ref>#1678</a> &#8230;9}
      <span class=sf-dump-index>14</span> => {<a class=sf-dump-ref>#1544</a> &#8230;9}
      <span class=sf-dump-index>15</span> => {<a class=sf-dump-ref>#1677</a> &#8230;9}
      <span class=sf-dump-index>16</span> => {<a class=sf-dump-ref>#1545</a> &#8230;9}
    </samp>]
    #<span class=sf-dump-protected title=\"Protected property\">escapeWhenCastingToString</span>: <span class=sf-dump-const>false</span>
  </samp>}
  \"<span class=sf-dump-key>previous</span>\" => <span class=\"sf-dump-note sf-dump-ellipsization\" title=\"Illuminate\\Support\\Collection
\"><span class=\"sf-dump-ellipsis sf-dump-ellipsis-note\">Illuminate\\Support</span><span class=\"sf-dump-ellipsis sf-dump-ellipsis-note\">\\</span><span class=\"sf-dump-ellipsis-tail\">Collection</span></span> {<a class=sf-dump-ref>#1684</a><samp data-depth=2 class=sf-dump-compact>
    #<span class=sf-dump-protected title=\"Protected property\">items</span>: <span class=sf-dump-note>array:31</span> [<samp data-depth=3 class=sf-dump-compact>
      <span class=sf-dump-index>0</span> => {<a class=sf-dump-ref>#1547</a> &#8230;9}
      <span class=sf-dump-index>1</span> => {<a class=sf-dump-ref>#1534</a> &#8230;9}
      <span class=sf-dump-index>2</span> => {<a class=sf-dump-ref>#1674</a> &#8230;9}
      <span class=sf-dump-index>3</span> => {<a class=sf-dump-ref>#1548</a> &#8230;9}
      <span class=sf-dump-index>4</span> => {<a class=sf-dump-ref>#1549</a> &#8230;9}
      <span class=sf-dump-index>5</span> => {<a class=sf-dump-ref>#1672</a> &#8230;9}
      <span class=sf-dump-index>6</span> => {<a class=sf-dump-ref>#1550</a> &#8230;9}
      <span class=sf-dump-index>7</span> => {<a class=sf-dump-ref>#1671</a> &#8230;9}
      <span class=sf-dump-index>8</span> => {<a class=sf-dump-ref>#1551</a> &#8230;9}
      <span class=sf-dump-index>9</span> => {<a class=sf-dump-ref>#1670</a> &#8230;9}
      <span class=sf-dump-index>10</span> => {<a class=sf-dump-ref>#1552</a> &#8230;9}
      <span class=sf-dump-index>11</span> => {<a class=sf-dump-ref>#1669</a> &#8230;9}
      <span class=sf-dump-index>12</span> => {<a class=sf-dump-ref>#1553</a> &#8230;9}
      <span class=sf-dump-index>13</span> => {<a class=sf-dump-ref>#1668</a> &#8230;9}
      <span class=sf-dump-index>14</span> => {<a class=sf-dump-ref>#1554</a> &#8230;9}
      <span class=sf-dump-index>15</span> => {<a class=sf-dump-ref>#1667</a> &#8230;9}
      <span class=sf-dump-index>16</span> => {<a class=sf-dump-ref>#1555</a> &#8230;9}
      <span class=sf-dump-index>17</span> => {<a class=sf-dump-ref>#1666</a> &#8230;9}
      <span class=sf-dump-index>18</span> => {<a class=sf-dump-ref>#1556</a> &#8230;9}
      <span class=sf-dump-index>19</span> => {<a class=sf-dump-ref>#1665</a> &#8230;9}
      <span class=sf-dump-index>20</span> => {<a class=sf-dump-ref>#1557</a> &#8230;9}
      <span class=sf-dump-index>21</span> => {<a class=sf-dump-ref>#1664</a> &#8230;9}
      <span class=sf-dump-index>22</span> => {<a class=sf-dump-ref>#1558</a> &#8230;9}
      <span class=sf-dump-index>23</span> => {<a class=sf-dump-ref>#1663</a> &#8230;9}
      <span class=sf-dump-index>24</span> => {<a class=sf-dump-ref>#1559</a> &#8230;9}
      <span class=sf-dump-index>25</span> => {<a class=sf-dump-ref>#1662</a> &#8230;9}
      <span class=sf-dump-index>26</span> => {<a class=sf-dump-ref>#1560</a> &#8230;9}
      <span class=sf-dump-index>27</span> => {<a class=sf-dump-ref>#1661</a> &#8230;9}
      <span class=sf-dump-index>28</span> => {<a class=sf-dump-ref>#1561</a> &#8230;9}
      <span class=sf-dump-index>29</span> => {<a class=sf-dump-ref>#1660</a> &#8230;9}
      <span class=sf-dump-index>30</span> => {<a class=sf-dump-ref>#1562</a> &#8230;9}
    </samp>]
    #<span class=sf-dump-protected title=\"Protected property\">escapeWhenCastingToString</span>: <span class=sf-dump-const>false</span>
  </samp>}
</samp>]
</pre><script>Sfdump(\"sf-dump-985095648\", {\"maxDepth\":3,\"maxStringLength\":160})</script>
","advertisersStats":"<pre class=sf-dump id=sf-dump-1236944471 data-indent-pad=\"  \"><span class=sf-dump-note>array:4</span> [<samp data-depth=1 class=sf-dump-expanded>
  \"<span class=sf-dump-key>totalAdvertisers</span>\" => <span class=sf-dump-num>17362</span>
  \"<span class=sf-dump-key>totalActiveAdvertisers</span>\" => <span class=sf-dump-num>11281</span>
  \"<span class=sf-dump-key>totalNewAdvertisers</span>\" => <span class=sf-dump-num>84</span>
  \"<span class=sf-dump-key>totalPending</span>\" => <span class=sf-dump-num>180</span>
</samp>]
</pre><script>Sfdump(\"sf-dump-1236944471\", {\"maxDepth\":3,\"maxStringLength\":160})</script>
","advertisers":"<pre class=sf-dump id=sf-dump-1864057167 data-indent-pad=\"  \"><span class=sf-dump-note>Illuminate\\Support\\Collection</span> {<a class=sf-dump-ref>#1527</a><samp data-depth=1 class=sf-dump-expanded>
  #<span class=sf-dump-protected title=\"Protected property\">items</span>: <span class=sf-dump-note>array:10</span> [<samp data-depth=2 class=sf-dump-compact>
    <span class=sf-dump-index>0</span> => {<a class=sf-dump-ref>#1692</a><samp data-depth=3 class=sf-dump-compact>
      +\"<span class=sf-dump-public title=\"Runtime added dynamic property\">id</span>\": \"<span class=sf-dump-str title=\"36 characters\">af639b5b-ce60-4cd5-9d26-fe87ce270b20</span>\"
      +\"<span class=sf-dump-public title=\"Runtime added dynamic property\">user_id</span>\": <span class=sf-dump-const>null</span>
      +\"<span class=sf-dump-public title=\"Runtime added dynamic property\">network_source_id</span>\": <span class=sf-dump-const>null</span>
      +\"<span class=sf-dump-public title=\"Runtime added dynamic property\">advertiser_id</span>\": <span class=sf-dump-num>214959</span>
      +\"<span class=sf-dump-public title=\"Runtime added dynamic property\">api_advertiser_id</span>\": \"\"
      +\"<span class=sf-dump-public title=\"Runtime added dynamic property\">sid</span>\": <span class=sf-dump-num>84363391</span>
      +\"<span class=sf-dump-public title=\"Runtime added dynamic property\">name</span>\": \"<span class=sf-dump-str title=\"19 characters\">CheckOutStore, Inc.</span>\"
      +\"<span class=sf-dump-public title=\"Runtime added dynamic property\">currency_code</span>\": <span class=sf-dump-const>null</span>
      +\"<span class=sf-dump-public title=\"Runtime added dynamic property\">average_payment_time</span>\": <span class=sf-dump-const>null</span>
      +\"<span class=sf-dump-public title=\"Runtime added dynamic property\">validation_days</span>\": <span class=sf-dump-const>null</span>
      +\"<span class=sf-dump-public title=\"Runtime added dynamic property\">epc</span>\": <span class=sf-dump-const>null</span>
      +\"<span class=sf-dump-public title=\"Runtime added dynamic property\">tags</span>\": <span class=sf-dump-const>null</span>
      +\"<span class=sf-dump-public title=\"Runtime added dynamic property\">offer_type</span>\": <span class=sf-dump-const>null</span>
      +\"<span class=sf-dump-public title=\"Runtime added dynamic property\">source</span>\": \"<span class=sf-dump-str title=\"7 characters\">BlueAFF</span>\"
      +\"<span class=sf-dump-public title=\"Runtime added dynamic property\">logo</span>\": \"<span class=sf-dump-str title=\"31 characters\">storage/logos/68c9379730b59.png</span>\"
      +\"<span class=sf-dump-public title=\"Runtime added dynamic property\">fetch_logo_url</span>\": <span class=sf-dump-const>null</span>
      +\"<span class=sf-dump-public title=\"Runtime added dynamic property\">is_fetchable_logo</span>\": <span class=sf-dump-num>0</span>
      +\"<span class=sf-dump-public title=\"Runtime added dynamic property\">fetch_logo_error</span>\": <span class=sf-dump-const>null</span>
      +\"<span class=sf-dump-public title=\"Runtime added dynamic property\">status</span>\": <span class=sf-dump-num>1</span>
      +\"<span class=sf-dump-public title=\"Runtime added dynamic property\">provider_status</span>\": <span class=sf-dump-const>null</span>
      +\"<span class=sf-dump-public title=\"Runtime added dynamic property\">company_name</span>\": <span class=sf-dump-const>null</span>
      +\"<span class=sf-dump-public title=\"Runtime added dynamic property\">phone_number</span>\": <span class=sf-dump-const>null</span>
      +\"<span class=sf-dump-public title=\"Runtime added dynamic property\">address</span>\": <span class=sf-dump-const>null</span>
      +\"<span class=sf-dump-public title=\"Runtime added dynamic property\">city</span>\": <span class=sf-dump-const>null</span>
      +\"<span class=sf-dump-public title=\"Runtime added dynamic property\">state</span>\": <span class=sf-dump-const>null</span>
      +\"<span class=sf-dump-public title=\"Runtime added dynamic property\">country</span>\": <span class=sf-dump-const>null</span>
      +\"<span class=sf-dump-public title=\"Runtime added dynamic property\">commission</span>\": \"<span class=sf-dump-str title=\"2 characters\">80</span>\"
      +\"<span class=sf-dump-public title=\"Runtime added dynamic property\">commission_type</span>\": \"<span class=sf-dump-str>%</span>\"
      +\"<span class=sf-dump-public title=\"Runtime added dynamic property\">goto_cookie_lifetime</span>\": <span class=sf-dump-const>null</span>
      +\"<span class=sf-dump-public title=\"Runtime added dynamic property\">deeplink_enabled</span>\": <span class=sf-dump-num>0</span>
      +\"<span class=sf-dump-public title=\"Runtime added dynamic property\">exclusive</span>\": <span class=sf-dump-num>0</span>
      +\"<span class=sf-dump-public title=\"Runtime added dynamic property\">is_available</span>\": <span class=sf-dump-num>1</span>
      +\"<span class=sf-dump-public title=\"Runtime added dynamic property\">country_full_name</span>\": <span class=sf-dump-const>null</span>
      +\"<span class=sf-dump-public title=\"Runtime added dynamic property\">categories</span>\": <span class=sf-dump-const>null</span>
      +\"<span class=sf-dump-public title=\"Runtime added dynamic property\">primary_regions</span>\": \"<span class=sf-dump-str title=\"6 characters\">[&quot;US&quot;]</span>\"
      +\"<span class=sf-dump-public title=\"Runtime added dynamic property\">supported_regions</span>\": <span class=sf-dump-const>null</span>
      +\"<span class=sf-dump-public title=\"Runtime added dynamic property\">program_restrictions</span>\": <span class=sf-dump-const>null</span>
      +\"<span class=sf-dump-public title=\"Runtime added dynamic property\">promotional_methods</span>\": <span class=sf-dump-const>null</span>
      +\"<span class=sf-dump-public title=\"Runtime added dynamic property\">valid_domains</span>\": <span class=sf-dump-const>null</span>
      +\"<span class=sf-dump-public title=\"Runtime added dynamic property\">short_description</span>\": <span class=sf-dump-const>null</span>
      +\"<span class=sf-dump-public title=\"Runtime added dynamic property\">description</span>\": <span class=sf-dump-const>null</span>
      +\"<span class=sf-dump-public title=\"Runtime added dynamic property\">program_policies</span>\": <span class=sf-dump-const>null</span>
      +\"<span class=sf-dump-public title=\"Runtime added dynamic property\">url</span>\": \"<span class=sf-dump-str title=\"30 characters\">https://www.checkoutstore.com/</span>\"
      +\"<span class=sf-dump-public title=\"Runtime added dynamic property\">click_through_url</span>\": \"<span class=sf-dump-str title=\"38 characters\">https://r.blueaff.com/54WBR9W/GKQ57N7S</span>\"
      +\"<span class=sf-dump-public title=\"Runtime added dynamic property\">type</span>\": \"<span class=sf-dump-str title=\"3 characters\">api</span>\"
      +\"<span class=sf-dump-public title=\"Runtime added dynamic property\">created_at</span>\": \"<span class=sf-dump-str title=\"19 characters\">2025-09-17 03:10:31</span>\"
      +\"<span class=sf-dump-public title=\"Runtime added dynamic property\">updated_at</span>\": \"<span class=sf-dump-str title=\"19 characters\">2025-09-17 12:00:04</span>\"
      +\"<span class=sf-dump-public title=\"Runtime added dynamic property\">deleted_at</span>\": <span class=sf-dump-const>null</span>
      +\"<span class=sf-dump-public title=\"Runtime added dynamic property\">is_request__process</span>\": <span class=sf-dump-num>0</span>
      +\"<span class=sf-dump-public title=\"Runtime added dynamic property\">is_active</span>\": <span class=sf-dump-num>1</span>
      +\"<span class=sf-dump-public title=\"Runtime added dynamic property\">custom_domain</span>\": \"<span class=sf-dump-str title=\"17 characters\">checkoutstore.com</span>\"
      +\"<span class=sf-dump-public title=\"Runtime added dynamic property\">is_show</span>\": <span class=sf-dump-num>1</span>
    </samp>}
    <span class=sf-dump-index>1</span> => {<a class=sf-dump-ref>#1694</a><samp data-depth=3 class=sf-dump-compact>
      +\"<span class=sf-dump-public title=\"Runtime added dynamic property\">id</span>\": \"<span class=sf-dump-str title=\"36 characters\">96b062b0-e4e1-4c9b-94c4-699ce6648455</span>\"
      +\"<span class=sf-dump-public title=\"Runtime added dynamic property\">user_id</span>\": <span class=sf-dump-const>null</span>
      +\"<span class=sf-dump-public title=\"Runtime added dynamic property\">network_source_id</span>\": <span class=sf-dump-const>null</span>
      +\"<span class=sf-dump-public title=\"Runtime added dynamic property\">advertiser_id</span>\": <span class=sf-dump-num>175397</span>
      +\"<span class=sf-dump-public title=\"Runtime added dynamic property\">api_advertiser_id</span>\": \"\"
      +\"<span class=sf-dump-public title=\"Runtime added dynamic property\">sid</span>\": <span class=sf-dump-num>57900756</span>
      +\"<span class=sf-dump-public title=\"Runtime added dynamic property\">name</span>\": \"<span class=sf-dump-str title=\"11 characters\">Musement PT</span>\"
      +\"<span class=sf-dump-public title=\"Runtime added dynamic property\">currency_code</span>\": <span class=sf-dump-const>null</span>
      +\"<span class=sf-dump-public title=\"Runtime added dynamic property\">average_payment_time</span>\": <span class=sf-dump-const>null</span>
      +\"<span class=sf-dump-public title=\"Runtime added dynamic property\">validation_days</span>\": <span class=sf-dump-const>null</span>
      +\"<span class=sf-dump-public title=\"Runtime added dynamic property\">epc</span>\": <span class=sf-dump-const>null</span>
      +\"<span class=sf-dump-public title=\"Runtime added dynamic property\">tags</span>\": <span class=sf-dump-const>null</span>
      +\"<span class=sf-dump-public title=\"Runtime added dynamic property\">offer_type</span>\": <span class=sf-dump-const>null</span>
      +\"<span class=sf-dump-public title=\"Runtime added dynamic property\">source</span>\": \"<span class=sf-dump-str title=\"7 characters\">BlueAFF</span>\"
      +\"<span class=sf-dump-public title=\"Runtime added dynamic property\">logo</span>\": \"<span class=sf-dump-str title=\"31 characters\">storage/logos/68c93567b8647.png</span>\"
      +\"<span class=sf-dump-public title=\"Runtime added dynamic property\">fetch_logo_url</span>\": <span class=sf-dump-const>null</span>
      +\"<span class=sf-dump-public title=\"Runtime added dynamic property\">is_fetchable_logo</span>\": <span class=sf-dump-num>0</span>
      +\"<span class=sf-dump-public title=\"Runtime added dynamic property\">fetch_logo_error</span>\": <span class=sf-dump-const>null</span>
      +\"<span class=sf-dump-public title=\"Runtime added dynamic property\">status</span>\": <span class=sf-dump-num>1</span>
      +\"<span class=sf-dump-public title=\"Runtime added dynamic property\">provider_status</span>\": <span class=sf-dump-const>null</span>
      +\"<span class=sf-dump-public title=\"Runtime added dynamic property\">company_name</span>\": <span class=sf-dump-const>null</span>
      +\"<span class=sf-dump-public title=\"Runtime added dynamic property\">phone_number</span>\": <span class=sf-dump-const>null</span>
      +\"<span class=sf-dump-public title=\"Runtime added dynamic property\">address</span>\": <span class=sf-dump-const>null</span>
      +\"<span class=sf-dump-public title=\"Runtime added dynamic property\">city</span>\": <span class=sf-dump-const>null</span>
      +\"<span class=sf-dump-public title=\"Runtime added dynamic property\">state</span>\": <span class=sf-dump-const>null</span>
      +\"<span class=sf-dump-public title=\"Runtime added dynamic property\">country</span>\": <span class=sf-dump-const>null</span>
      +\"<span class=sf-dump-public title=\"Runtime added dynamic property\">commission</span>\": \"<span class=sf-dump-str title=\"2 characters\">80</span>\"
      +\"<span class=sf-dump-public title=\"Runtime added dynamic property\">commission_type</span>\": \"<span class=sf-dump-str>%</span>\"
      +\"<span class=sf-dump-public title=\"Runtime added dynamic property\">goto_cookie_lifetime</span>\": <span class=sf-dump-const>null</span>
      +\"<span class=sf-dump-public title=\"Runtime added dynamic property\">deeplink_enabled</span>\": <span class=sf-dump-num>0</span>
      +\"<span class=sf-dump-public title=\"Runtime added dynamic property\">exclusive</span>\": <span class=sf-dump-num>0</span>
      +\"<span class=sf-dump-public title=\"Runtime added dynamic property\">is_available</span>\": <span class=sf-dump-num>1</span>
      +\"<span class=sf-dump-public title=\"Runtime added dynamic property\">country_full_name</span>\": <span class=sf-dump-const>null</span>
      +\"<span class=sf-dump-public title=\"Runtime added dynamic property\">categories</span>\": <span class=sf-dump-const>null</span>
      +\"<span class=sf-dump-public title=\"Runtime added dynamic property\">primary_regions</span>\": \"<span class=sf-dump-str title=\"6 characters\">[&quot;PT&quot;]</span>\"
      +\"<span class=sf-dump-public title=\"Runtime added dynamic property\">supported_regions</span>\": <span class=sf-dump-const>null</span>
      +\"<span class=sf-dump-public title=\"Runtime added dynamic property\">program_restrictions</span>\": <span class=sf-dump-const>null</span>
      +\"<span class=sf-dump-public title=\"Runtime added dynamic property\">promotional_methods</span>\": <span class=sf-dump-const>null</span>
      +\"<span class=sf-dump-public title=\"Runtime added dynamic property\">valid_domains</span>\": <span class=sf-dump-const>null</span>
      +\"<span class=sf-dump-public title=\"Runtime added dynamic property\">short_description</span>\": <span class=sf-dump-const>null</span>
      +\"<span class=sf-dump-public title=\"Runtime added dynamic property\">description</span>\": <span class=sf-dump-const>null</span>
      +\"<span class=sf-dump-public title=\"Runtime added dynamic property\">program_policies</span>\": <span class=sf-dump-const>null</span>
      +\"<span class=sf-dump-public title=\"Runtime added dynamic property\">url</span>\": \"<span class=sf-dump-str title=\"28 characters\">https://www.musement.com/us/</span>\"
      +\"<span class=sf-dump-public title=\"Runtime added dynamic property\">click_through_url</span>\": \"<span class=sf-dump-str title=\"38 characters\">https://r.blueaff.com/54WBR9W/D3N1PHS2</span>\"
      +\"<span class=sf-dump-public title=\"Runtime added dynamic property\">type</span>\": \"<span class=sf-dump-str title=\"3 characters\">api</span>\"
      +\"<span class=sf-dump-public title=\"Runtime added dynamic property\">created_at</span>\": \"<span class=sf-dump-str title=\"19 characters\">2025-09-17 03:01:11</span>\"
      +\"<span class=sf-dump-public title=\"Runtime added dynamic property\">updated_at</span>\": \"<span class=sf-dump-str title=\"19 characters\">2025-09-17 12:00:04</span>\"
      +\"<span class=sf-dump-public title=\"Runtime added dynamic property\">deleted_at</span>\": <span class=sf-dump-const>null</span>
      +\"<span class=sf-dump-public title=\"Runtime added dynamic property\">is_request__process</span>\": <span class=sf-dump-num>0</span>
      +\"<span class=sf-dump-public title=\"Runtime added dynamic property\">is_active</span>\": <span class=sf-dump-num>1</span>
      +\"<span class=sf-dump-public title=\"Runtime added dynamic property\">custom_domain</span>\": \"<span class=sf-dump-str title=\"12 characters\">musement.com</span>\"
      +\"<span class=sf-dump-public title=\"Runtime added dynamic property\">is_show</span>\": <span class=sf-dump-num>1</span>
    </samp>}
    <span class=sf-dump-index>2</span> => {<a class=sf-dump-ref>#1693</a><samp data-depth=3 class=sf-dump-compact>
      +\"<span class=sf-dump-public title=\"Runtime added dynamic property\">id</span>\": \"<span class=sf-dump-str title=\"36 characters\">17763639-c695-4091-b1fa-939838ee7a0d</span>\"
      +\"<span class=sf-dump-public title=\"Runtime added dynamic property\">user_id</span>\": <span class=sf-dump-const>null</span>
      +\"<span class=sf-dump-public title=\"Runtime added dynamic property\">network_source_id</span>\": <span class=sf-dump-const>null</span>
      +\"<span class=sf-dump-public title=\"Runtime added dynamic property\">advertiser_id</span>\": <span class=sf-dump-num>175396</span>
      +\"<span class=sf-dump-public title=\"Runtime added dynamic property\">api_advertiser_id</span>\": \"\"
      +\"<span class=sf-dump-public title=\"Runtime added dynamic property\">sid</span>\": <span class=sf-dump-num>55591409</span>
      +\"<span class=sf-dump-public title=\"Runtime added dynamic property\">name</span>\": \"<span class=sf-dump-str title=\"11 characters\">Musement IT</span>\"
      +\"<span class=sf-dump-public title=\"Runtime added dynamic property\">currency_code</span>\": <span class=sf-dump-const>null</span>
      +\"<span class=sf-dump-public title=\"Runtime added dynamic property\">average_payment_time</span>\": <span class=sf-dump-const>null</span>
      +\"<span class=sf-dump-public title=\"Runtime added dynamic property\">validation_days</span>\": <span class=sf-dump-const>null</span>
      +\"<span class=sf-dump-public title=\"Runtime added dynamic property\">epc</span>\": <span class=sf-dump-const>null</span>
      +\"<span class=sf-dump-public title=\"Runtime added dynamic property\">tags</span>\": <span class=sf-dump-const>null</span>
      +\"<span class=sf-dump-public title=\"Runtime added dynamic property\">offer_type</span>\": <span class=sf-dump-const>null</span>
      +\"<span class=sf-dump-public title=\"Runtime added dynamic property\">source</span>\": \"<span class=sf-dump-str title=\"7 characters\">BlueAFF</span>\"
      +\"<span class=sf-dump-public title=\"Runtime added dynamic property\">logo</span>\": \"<span class=sf-dump-str title=\"31 characters\">storage/logos/68c933f823c17.png</span>\"
      +\"<span class=sf-dump-public title=\"Runtime added dynamic property\">fetch_logo_url</span>\": <span class=sf-dump-const>null</span>
      +\"<span class=sf-dump-public title=\"Runtime added dynamic property\">is_fetchable_logo</span>\": <span class=sf-dump-num>0</span>
      +\"<span class=sf-dump-public title=\"Runtime added dynamic property\">fetch_logo_error</span>\": <span class=sf-dump-const>null</span>
      +\"<span class=sf-dump-public title=\"Runtime added dynamic property\">status</span>\": <span class=sf-dump-num>1</span>
      +\"<span class=sf-dump-public title=\"Runtime added dynamic property\">provider_status</span>\": <span class=sf-dump-const>null</span>
      +\"<span class=sf-dump-public title=\"Runtime added dynamic property\">company_name</span>\": <span class=sf-dump-const>null</span>
      +\"<span class=sf-dump-public title=\"Runtime added dynamic property\">phone_number</span>\": <span class=sf-dump-const>null</span>
      +\"<span class=sf-dump-public title=\"Runtime added dynamic property\">address</span>\": <span class=sf-dump-const>null</span>
      +\"<span class=sf-dump-public title=\"Runtime added dynamic property\">city</span>\": <span class=sf-dump-const>null</span>
      +\"<span class=sf-dump-public title=\"Runtime added dynamic property\">state</span>\": <span class=sf-dump-const>null</span>
      +\"<span class=sf-dump-public title=\"Runtime added dynamic property\">country</span>\": <span class=sf-dump-const>null</span>
      +\"<span class=sf-dump-public title=\"Runtime added dynamic property\">commission</span>\": \"<span class=sf-dump-str title=\"2 characters\">80</span>\"
      +\"<span class=sf-dump-public title=\"Runtime added dynamic property\">commission_type</span>\": \"<span class=sf-dump-str>%</span>\"
      +\"<span class=sf-dump-public title=\"Runtime added dynamic property\">goto_cookie_lifetime</span>\": <span class=sf-dump-const>null</span>
      +\"<span class=sf-dump-public title=\"Runtime added dynamic property\">deeplink_enabled</span>\": <span class=sf-dump-num>0</span>
      +\"<span class=sf-dump-public title=\"Runtime added dynamic property\">exclusive</span>\": <span class=sf-dump-num>0</span>
      +\"<span class=sf-dump-public title=\"Runtime added dynamic property\">is_available</span>\": <span class=sf-dump-num>1</span>
      +\"<span class=sf-dump-public title=\"Runtime added dynamic property\">country_full_name</span>\": <span class=sf-dump-const>null</span>
      +\"<span class=sf-dump-public title=\"Runtime added dynamic property\">categories</span>\": <span class=sf-dump-const>null</span>
      +\"<span class=sf-dump-public title=\"Runtime added dynamic property\">primary_regions</span>\": \"<span class=sf-dump-str title=\"6 characters\">[&quot;IT&quot;]</span>\"
      +\"<span class=sf-dump-public title=\"Runtime added dynamic property\">supported_regions</span>\": <span class=sf-dump-const>null</span>
      +\"<span class=sf-dump-public title=\"Runtime added dynamic property\">program_restrictions</span>\": <span class=sf-dump-const>null</span>
      +\"<span class=sf-dump-public title=\"Runtime added dynamic property\">promotional_methods</span>\": <span class=sf-dump-const>null</span>
      +\"<span class=sf-dump-public title=\"Runtime added dynamic property\">valid_domains</span>\": <span class=sf-dump-const>null</span>
      +\"<span class=sf-dump-public title=\"Runtime added dynamic property\">short_description</span>\": <span class=sf-dump-const>null</span>
      +\"<span class=sf-dump-public title=\"Runtime added dynamic property\">description</span>\": <span class=sf-dump-const>null</span>
      +\"<span class=sf-dump-public title=\"Runtime added dynamic property\">program_policies</span>\": <span class=sf-dump-const>null</span>
      +\"<span class=sf-dump-public title=\"Runtime added dynamic property\">url</span>\": \"<span class=sf-dump-str title=\"28 characters\">https://www.musement.com/us/</span>\"
      +\"<span class=sf-dump-public title=\"Runtime added dynamic property\">click_through_url</span>\": \"<span class=sf-dump-str title=\"38 characters\">https://r.blueaff.com/54WBR9W/D3MZBM3F</span>\"
      +\"<span class=sf-dump-public title=\"Runtime added dynamic property\">type</span>\": \"<span class=sf-dump-str title=\"3 characters\">api</span>\"
      +\"<span class=sf-dump-public title=\"Runtime added dynamic property\">created_at</span>\": \"<span class=sf-dump-str title=\"19 characters\">2025-09-17 02:55:04</span>\"
      +\"<span class=sf-dump-public title=\"Runtime added dynamic property\">updated_at</span>\": \"<span class=sf-dump-str title=\"19 characters\">2025-09-17 12:00:04</span>\"
      +\"<span class=sf-dump-public title=\"Runtime added dynamic property\">deleted_at</span>\": <span class=sf-dump-const>null</span>
      +\"<span class=sf-dump-public title=\"Runtime added dynamic property\">is_request__process</span>\": <span class=sf-dump-num>0</span>
      +\"<span class=sf-dump-public title=\"Runtime added dynamic property\">is_active</span>\": <span class=sf-dump-num>1</span>
      +\"<span class=sf-dump-public title=\"Runtime added dynamic property\">custom_domain</span>\": \"<span class=sf-dump-str title=\"12 characters\">musement.com</span>\"
      +\"<span class=sf-dump-public title=\"Runtime added dynamic property\">is_show</span>\": <span class=sf-dump-num>1</span>
    </samp>}
    <span class=sf-dump-index>3</span> => {<a class=sf-dump-ref>#1675</a><samp data-depth=3 class=sf-dump-compact>
      +\"<span class=sf-dump-public title=\"Runtime added dynamic property\">id</span>\": \"<span class=sf-dump-str title=\"36 characters\">e51ae3c8-df00-4904-981d-823dbe43c725</span>\"
      +\"<span class=sf-dump-public title=\"Runtime added dynamic property\">user_id</span>\": <span class=sf-dump-const>null</span>
      +\"<span class=sf-dump-public title=\"Runtime added dynamic property\">network_source_id</span>\": <span class=sf-dump-const>null</span>
      +\"<span class=sf-dump-public title=\"Runtime added dynamic property\">advertiser_id</span>\": <span class=sf-dump-num>2147483647</span>
      +\"<span class=sf-dump-public title=\"Runtime added dynamic property\">api_advertiser_id</span>\": \"\"
      +\"<span class=sf-dump-public title=\"Runtime added dynamic property\">sid</span>\": <span class=sf-dump-num>14361299</span>
      +\"<span class=sf-dump-public title=\"Runtime added dynamic property\">name</span>\": \"<span class=sf-dump-str title=\"14 characters\">acme-challenge</span>\"
      +\"<span class=sf-dump-public title=\"Runtime added dynamic property\">currency_code</span>\": \"<span class=sf-dump-str title=\"3 characters\">EUR</span>\"
      +\"<span class=sf-dump-public title=\"Runtime added dynamic property\">average_payment_time</span>\": <span class=sf-dump-const>null</span>
      +\"<span class=sf-dump-public title=\"Runtime added dynamic property\">validation_days</span>\": <span class=sf-dump-const>null</span>
      +\"<span class=sf-dump-public title=\"Runtime added dynamic property\">epc</span>\": <span class=sf-dump-const>null</span>
      +\"<span class=sf-dump-public title=\"Runtime added dynamic property\">tags</span>\": <span class=sf-dump-const>null</span>
      +\"<span class=sf-dump-public title=\"Runtime added dynamic property\">offer_type</span>\": <span class=sf-dump-const>null</span>
      +\"<span class=sf-dump-public title=\"Runtime added dynamic property\">source</span>\": \"<span class=sf-dump-str title=\"3 characters\">New</span>\"
      +\"<span class=sf-dump-public title=\"Runtime added dynamic property\">logo</span>\": \"<span class=sf-dump-str title=\"31 characters\">storage/logos/68c93255ad249.png</span>\"
      +\"<span class=sf-dump-public title=\"Runtime added dynamic property\">fetch_logo_url</span>\": <span class=sf-dump-const>null</span>
      +\"<span class=sf-dump-public title=\"Runtime added dynamic property\">is_fetchable_logo</span>\": <span class=sf-dump-num>0</span>
      +\"<span class=sf-dump-public title=\"Runtime added dynamic property\">fetch_logo_error</span>\": <span class=sf-dump-const>null</span>
      +\"<span class=sf-dump-public title=\"Runtime added dynamic property\">status</span>\": <span class=sf-dump-num>1</span>
      +\"<span class=sf-dump-public title=\"Runtime added dynamic property\">provider_status</span>\": <span class=sf-dump-const>null</span>
      +\"<span class=sf-dump-public title=\"Runtime added dynamic property\">company_name</span>\": <span class=sf-dump-const>null</span>
      +\"<span class=sf-dump-public title=\"Runtime added dynamic property\">phone_number</span>\": <span class=sf-dump-const>null</span>
      +\"<span class=sf-dump-public title=\"Runtime added dynamic property\">address</span>\": <span class=sf-dump-const>null</span>
      +\"<span class=sf-dump-public title=\"Runtime added dynamic property\">city</span>\": <span class=sf-dump-const>null</span>
      +\"<span class=sf-dump-public title=\"Runtime added dynamic property\">state</span>\": <span class=sf-dump-const>null</span>
      +\"<span class=sf-dump-public title=\"Runtime added dynamic property\">country</span>\": <span class=sf-dump-const>null</span>
      +\"<span class=sf-dump-public title=\"Runtime added dynamic property\">commission</span>\": \"<span class=sf-dump-str title=\"2 characters\">10</span>\"
      +\"<span class=sf-dump-public title=\"Runtime added dynamic property\">commission_type</span>\": \"<span class=sf-dump-str>%</span>\"
      +\"<span class=sf-dump-public title=\"Runtime added dynamic property\">goto_cookie_lifetime</span>\": <span class=sf-dump-const>null</span>
      +\"<span class=sf-dump-public title=\"Runtime added dynamic property\">deeplink_enabled</span>\": <span class=sf-dump-num>0</span>
      +\"<span class=sf-dump-public title=\"Runtime added dynamic property\">exclusive</span>\": <span class=sf-dump-num>0</span>
      +\"<span class=sf-dump-public title=\"Runtime added dynamic property\">is_available</span>\": <span class=sf-dump-num>1</span>
      +\"<span class=sf-dump-public title=\"Runtime added dynamic property\">country_full_name</span>\": <span class=sf-dump-const>null</span>
      +\"<span class=sf-dump-public title=\"Runtime added dynamic property\">categories</span>\": \"<span class=sf-dump-str title=\"40 characters\">[&quot;3a07d69d-64b6-48e9-9a86-521deda22624&quot;]</span>\"
      +\"<span class=sf-dump-public title=\"Runtime added dynamic property\">primary_regions</span>\": \"<span class=sf-dump-str title=\"6 characters\">[&quot;AT&quot;]</span>\"
      +\"<span class=sf-dump-public title=\"Runtime added dynamic property\">supported_regions</span>\": <span class=sf-dump-const>null</span>
      +\"<span class=sf-dump-public title=\"Runtime added dynamic property\">program_restrictions</span>\": <span class=sf-dump-const>null</span>
      +\"<span class=sf-dump-public title=\"Runtime added dynamic property\">promotional_methods</span>\": \"<span class=sf-dump-str title=\"40 characters\">[&quot;c3b0a6e7-2ee8-4bdd-a729-a17218576d0a&quot;]</span>\"
      +\"<span class=sf-dump-public title=\"Runtime added dynamic property\">valid_domains</span>\": <span class=sf-dump-const>null</span>
      +\"<span class=sf-dump-public title=\"Runtime added dynamic property\">short_description</span>\": <span class=sf-dump-const>null</span>
      +\"<span class=sf-dump-public title=\"Runtime added dynamic property\">description</span>\": <span class=sf-dump-const>null</span>
      +\"<span class=sf-dump-public title=\"Runtime added dynamic property\">program_policies</span>\": <span class=sf-dump-const>null</span>
      +\"<span class=sf-dump-public title=\"Runtime added dynamic property\">url</span>\": \"<span class=sf-dump-str title=\"28 characters\">https://www.uniqlo.com/sg/en</span>\"
      +\"<span class=sf-dump-public title=\"Runtime added dynamic property\">click_through_url</span>\": \"<span class=sf-dump-str title=\"37 characters\">https://www.newBrand.com.au/r=5645454</span>\"
      +\"<span class=sf-dump-public title=\"Runtime added dynamic property\">type</span>\": \"<span class=sf-dump-str title=\"3 characters\">api</span>\"
      +\"<span class=sf-dump-public title=\"Runtime added dynamic property\">created_at</span>\": \"<span class=sf-dump-str title=\"19 characters\">2025-09-17 02:48:05</span>\"
      +\"<span class=sf-dump-public title=\"Runtime added dynamic property\">updated_at</span>\": \"<span class=sf-dump-str title=\"19 characters\">2025-09-17 02:50:30</span>\"
      +\"<span class=sf-dump-public title=\"Runtime added dynamic property\">deleted_at</span>\": \"<span class=sf-dump-str title=\"19 characters\">2025-09-17 02:50:30</span>\"
      +\"<span class=sf-dump-public title=\"Runtime added dynamic property\">is_request__process</span>\": <span class=sf-dump-num>0</span>
      +\"<span class=sf-dump-public title=\"Runtime added dynamic property\">is_active</span>\": <span class=sf-dump-num>1</span>
      +\"<span class=sf-dump-public title=\"Runtime added dynamic property\">custom_domain</span>\": <span class=sf-dump-const>null</span>
      +\"<span class=sf-dump-public title=\"Runtime added dynamic property\">is_show</span>\": <span class=sf-dump-num>1</span>
    </samp>}
    <span class=sf-dump-index>4</span> => {<a class=sf-dump-ref>#1676</a><samp data-depth=3 class=sf-dump-compact>
      +\"<span class=sf-dump-public title=\"Runtime added dynamic property\">id</span>\": \"<span class=sf-dump-str title=\"36 characters\">eda4d76e-878f-46f6-9cd4-dc6074e1c4a7</span>\"
      +\"<span class=sf-dump-public title=\"Runtime added dynamic property\">user_id</span>\": <span class=sf-dump-const>null</span>
      +\"<span class=sf-dump-public title=\"Runtime added dynamic property\">network_source_id</span>\": <span class=sf-dump-const>null</span>
      +\"<span class=sf-dump-public title=\"Runtime added dynamic property\">advertiser_id</span>\": <span class=sf-dump-num>172918</span>
      +\"<span class=sf-dump-public title=\"Runtime added dynamic property\">api_advertiser_id</span>\": \"\"
      +\"<span class=sf-dump-public title=\"Runtime added dynamic property\">sid</span>\": <span class=sf-dump-num>16311272</span>
      +\"<span class=sf-dump-public title=\"Runtime added dynamic property\">name</span>\": \"<span class=sf-dump-str title=\"49 characters\">MaevenArt | Duurzame Geluiddempende Wanddecoratie</span>\"
      +\"<span class=sf-dump-public title=\"Runtime added dynamic property\">currency_code</span>\": <span class=sf-dump-const>null</span>
      +\"<span class=sf-dump-public title=\"Runtime added dynamic property\">average_payment_time</span>\": <span class=sf-dump-const>null</span>
      +\"<span class=sf-dump-public title=\"Runtime added dynamic property\">validation_days</span>\": <span class=sf-dump-const>null</span>
      +\"<span class=sf-dump-public title=\"Runtime added dynamic property\">epc</span>\": <span class=sf-dump-const>null</span>
      +\"<span class=sf-dump-public title=\"Runtime added dynamic property\">tags</span>\": <span class=sf-dump-const>null</span>
      +\"<span class=sf-dump-public title=\"Runtime added dynamic property\">offer_type</span>\": <span class=sf-dump-const>null</span>
      +\"<span class=sf-dump-public title=\"Runtime added dynamic property\">source</span>\": \"<span class=sf-dump-str title=\"7 characters\">BlueAFF</span>\"
      +\"<span class=sf-dump-public title=\"Runtime added dynamic property\">logo</span>\": \"<span class=sf-dump-str title=\"31 characters\">storage/logos/68c92f594254a.png</span>\"
      +\"<span class=sf-dump-public title=\"Runtime added dynamic property\">fetch_logo_url</span>\": <span class=sf-dump-const>null</span>
      +\"<span class=sf-dump-public title=\"Runtime added dynamic property\">is_fetchable_logo</span>\": <span class=sf-dump-num>0</span>
      +\"<span class=sf-dump-public title=\"Runtime added dynamic property\">fetch_logo_error</span>\": <span class=sf-dump-const>null</span>
      +\"<span class=sf-dump-public title=\"Runtime added dynamic property\">status</span>\": <span class=sf-dump-num>1</span>
      +\"<span class=sf-dump-public title=\"Runtime added dynamic property\">provider_status</span>\": <span class=sf-dump-const>null</span>
      +\"<span class=sf-dump-public title=\"Runtime added dynamic property\">company_name</span>\": <span class=sf-dump-const>null</span>
      +\"<span class=sf-dump-public title=\"Runtime added dynamic property\">phone_number</span>\": <span class=sf-dump-const>null</span>
      +\"<span class=sf-dump-public title=\"Runtime added dynamic property\">address</span>\": <span class=sf-dump-const>null</span>
      +\"<span class=sf-dump-public title=\"Runtime added dynamic property\">city</span>\": <span class=sf-dump-const>null</span>
      +\"<span class=sf-dump-public title=\"Runtime added dynamic property\">state</span>\": <span class=sf-dump-const>null</span>
      +\"<span class=sf-dump-public title=\"Runtime added dynamic property\">country</span>\": <span class=sf-dump-const>null</span>
      +\"<span class=sf-dump-public title=\"Runtime added dynamic property\">commission</span>\": \"<span class=sf-dump-str title=\"2 characters\">80</span>\"
      +\"<span class=sf-dump-public title=\"Runtime added dynamic property\">commission_type</span>\": \"<span class=sf-dump-str>%</span>\"
      +\"<span class=sf-dump-public title=\"Runtime added dynamic property\">goto_cookie_lifetime</span>\": <span class=sf-dump-const>null</span>
      +\"<span class=sf-dump-public title=\"Runtime added dynamic property\">deeplink_enabled</span>\": <span class=sf-dump-num>0</span>
      +\"<span class=sf-dump-public title=\"Runtime added dynamic property\">exclusive</span>\": <span class=sf-dump-num>0</span>
      +\"<span class=sf-dump-public title=\"Runtime added dynamic property\">is_available</span>\": <span class=sf-dump-num>1</span>
      +\"<span class=sf-dump-public title=\"Runtime added dynamic property\">country_full_name</span>\": <span class=sf-dump-const>null</span>
      +\"<span class=sf-dump-public title=\"Runtime added dynamic property\">categories</span>\": <span class=sf-dump-const>null</span>
      +\"<span class=sf-dump-public title=\"Runtime added dynamic property\">primary_regions</span>\": \"<span class=sf-dump-str title=\"6 characters\">[&quot;NL&quot;]</span>\"
      +\"<span class=sf-dump-public title=\"Runtime added dynamic property\">supported_regions</span>\": <span class=sf-dump-const>null</span>
      +\"<span class=sf-dump-public title=\"Runtime added dynamic property\">program_restrictions</span>\": <span class=sf-dump-const>null</span>
      +\"<span class=sf-dump-public title=\"Runtime added dynamic property\">promotional_methods</span>\": <span class=sf-dump-const>null</span>
      +\"<span class=sf-dump-public title=\"Runtime added dynamic property\">valid_domains</span>\": <span class=sf-dump-const>null</span>
      +\"<span class=sf-dump-public title=\"Runtime added dynamic property\">short_description</span>\": <span class=sf-dump-const>null</span>
      +\"<span class=sf-dump-public title=\"Runtime added dynamic property\">description</span>\": <span class=sf-dump-const>null</span>
      +\"<span class=sf-dump-public title=\"Runtime added dynamic property\">program_policies</span>\": <span class=sf-dump-const>null</span>
      +\"<span class=sf-dump-public title=\"Runtime added dynamic property\">url</span>\": \"<span class=sf-dump-str title=\"26 characters\">https://www.maevenart.com/</span>\"
      +\"<span class=sf-dump-public title=\"Runtime added dynamic property\">click_through_url</span>\": \"<span class=sf-dump-str title=\"38 characters\">https://r.blueaff.com/54WBR9W/CX935HBX</span>\"
      +\"<span class=sf-dump-public title=\"Runtime added dynamic property\">type</span>\": \"<span class=sf-dump-str title=\"3 characters\">api</span>\"
      +\"<span class=sf-dump-public title=\"Runtime added dynamic property\">created_at</span>\": \"<span class=sf-dump-str title=\"19 characters\">2025-09-17 02:35:21</span>\"
      +\"<span class=sf-dump-public title=\"Runtime added dynamic property\">updated_at</span>\": \"<span class=sf-dump-str title=\"19 characters\">2025-09-17 12:00:04</span>\"
      +\"<span class=sf-dump-public title=\"Runtime added dynamic property\">deleted_at</span>\": <span class=sf-dump-const>null</span>
      +\"<span class=sf-dump-public title=\"Runtime added dynamic property\">is_request__process</span>\": <span class=sf-dump-num>0</span>
      +\"<span class=sf-dump-public title=\"Runtime added dynamic property\">is_active</span>\": <span class=sf-dump-num>1</span>
      +\"<span class=sf-dump-public title=\"Runtime added dynamic property\">custom_domain</span>\": \"<span class=sf-dump-str title=\"13 characters\">maevenart.com</span>\"
      +\"<span class=sf-dump-public title=\"Runtime added dynamic property\">is_show</span>\": <span class=sf-dump-num>1</span>
    </samp>}
    <span class=sf-dump-index>5</span> => {<a class=sf-dump-ref>#1673</a><samp data-depth=3 class=sf-dump-compact>
      +\"<span class=sf-dump-public title=\"Runtime added dynamic property\">id</span>\": \"<span class=sf-dump-str title=\"36 characters\">2799b58c-386d-4a72-93fa-82503a48b3d7</span>\"
      +\"<span class=sf-dump-public title=\"Runtime added dynamic property\">user_id</span>\": <span class=sf-dump-const>null</span>
      +\"<span class=sf-dump-public title=\"Runtime added dynamic property\">network_source_id</span>\": <span class=sf-dump-const>null</span>
      +\"<span class=sf-dump-public title=\"Runtime added dynamic property\">advertiser_id</span>\": <span class=sf-dump-num>164464</span>
      +\"<span class=sf-dump-public title=\"Runtime added dynamic property\">api_advertiser_id</span>\": \"\"
      +\"<span class=sf-dump-public title=\"Runtime added dynamic property\">sid</span>\": <span class=sf-dump-num>78689401</span>
      +\"<span class=sf-dump-public title=\"Runtime added dynamic property\">name</span>\": \"<span class=sf-dump-str title=\"9 characters\">Geovis DE</span>\"
      +\"<span class=sf-dump-public title=\"Runtime added dynamic property\">currency_code</span>\": <span class=sf-dump-const>null</span>
      +\"<span class=sf-dump-public title=\"Runtime added dynamic property\">average_payment_time</span>\": <span class=sf-dump-const>null</span>
      +\"<span class=sf-dump-public title=\"Runtime added dynamic property\">validation_days</span>\": <span class=sf-dump-const>null</span>
      +\"<span class=sf-dump-public title=\"Runtime added dynamic property\">epc</span>\": <span class=sf-dump-const>null</span>
      +\"<span class=sf-dump-public title=\"Runtime added dynamic property\">tags</span>\": <span class=sf-dump-const>null</span>
      +\"<span class=sf-dump-public title=\"Runtime added dynamic property\">offer_type</span>\": <span class=sf-dump-const>null</span>
      +\"<span class=sf-dump-public title=\"Runtime added dynamic property\">source</span>\": \"<span class=sf-dump-str title=\"7 characters\">BlueAFF</span>\"
      +\"<span class=sf-dump-public title=\"Runtime added dynamic property\">logo</span>\": \"<span class=sf-dump-str title=\"31 characters\">storage/logos/68c92e60b69c6.jpg</span>\"
      +\"<span class=sf-dump-public title=\"Runtime added dynamic property\">fetch_logo_url</span>\": <span class=sf-dump-const>null</span>
      +\"<span class=sf-dump-public title=\"Runtime added dynamic property\">is_fetchable_logo</span>\": <span class=sf-dump-num>0</span>
      +\"<span class=sf-dump-public title=\"Runtime added dynamic property\">fetch_logo_error</span>\": <span class=sf-dump-const>null</span>
      +\"<span class=sf-dump-public title=\"Runtime added dynamic property\">status</span>\": <span class=sf-dump-num>1</span>
      +\"<span class=sf-dump-public title=\"Runtime added dynamic property\">provider_status</span>\": <span class=sf-dump-const>null</span>
      +\"<span class=sf-dump-public title=\"Runtime added dynamic property\">company_name</span>\": <span class=sf-dump-const>null</span>
      +\"<span class=sf-dump-public title=\"Runtime added dynamic property\">phone_number</span>\": <span class=sf-dump-const>null</span>
      +\"<span class=sf-dump-public title=\"Runtime added dynamic property\">address</span>\": <span class=sf-dump-const>null</span>
      +\"<span class=sf-dump-public title=\"Runtime added dynamic property\">city</span>\": <span class=sf-dump-const>null</span>
      +\"<span class=sf-dump-public title=\"Runtime added dynamic property\">state</span>\": <span class=sf-dump-const>null</span>
      +\"<span class=sf-dump-public title=\"Runtime added dynamic property\">country</span>\": <span class=sf-dump-const>null</span>
      +\"<span class=sf-dump-public title=\"Runtime added dynamic property\">commission</span>\": \"<span class=sf-dump-str title=\"2 characters\">80</span>\"
      +\"<span class=sf-dump-public title=\"Runtime added dynamic property\">commission_type</span>\": \"<span class=sf-dump-str>%</span>\"
      +\"<span class=sf-dump-public title=\"Runtime added dynamic property\">goto_cookie_lifetime</span>\": <span class=sf-dump-const>null</span>
      +\"<span class=sf-dump-public title=\"Runtime added dynamic property\">deeplink_enabled</span>\": <span class=sf-dump-num>0</span>
      +\"<span class=sf-dump-public title=\"Runtime added dynamic property\">exclusive</span>\": <span class=sf-dump-num>0</span>
      +\"<span class=sf-dump-public title=\"Runtime added dynamic property\">is_available</span>\": <span class=sf-dump-num>1</span>
      +\"<span class=sf-dump-public title=\"Runtime added dynamic property\">country_full_name</span>\": <span class=sf-dump-const>null</span>
      +\"<span class=sf-dump-public title=\"Runtime added dynamic property\">categories</span>\": <span class=sf-dump-const>null</span>
      +\"<span class=sf-dump-public title=\"Runtime added dynamic property\">primary_regions</span>\": \"<span class=sf-dump-str title=\"6 characters\">[&quot;DE&quot;]</span>\"
      +\"<span class=sf-dump-public title=\"Runtime added dynamic property\">supported_regions</span>\": <span class=sf-dump-const>null</span>
      +\"<span class=sf-dump-public title=\"Runtime added dynamic property\">program_restrictions</span>\": <span class=sf-dump-const>null</span>
      +\"<span class=sf-dump-public title=\"Runtime added dynamic property\">promotional_methods</span>\": <span class=sf-dump-const>null</span>
      +\"<span class=sf-dump-public title=\"Runtime added dynamic property\">valid_domains</span>\": <span class=sf-dump-const>null</span>
      +\"<span class=sf-dump-public title=\"Runtime added dynamic property\">short_description</span>\": <span class=sf-dump-const>null</span>
      +\"<span class=sf-dump-public title=\"Runtime added dynamic property\">description</span>\": <span class=sf-dump-const>null</span>
      +\"<span class=sf-dump-public title=\"Runtime added dynamic property\">program_policies</span>\": <span class=sf-dump-const>null</span>
      +\"<span class=sf-dump-public title=\"Runtime added dynamic property\">url</span>\": \"<span class=sf-dump-str title=\"22 characters\">https://www.geovis.de/</span>\"
      +\"<span class=sf-dump-public title=\"Runtime added dynamic property\">click_through_url</span>\": \"<span class=sf-dump-str title=\"38 characters\">https://r.blueaff.com/54WBR9W/CD9R51G5</span>\"
      +\"<span class=sf-dump-public title=\"Runtime added dynamic property\">type</span>\": \"<span class=sf-dump-str title=\"3 characters\">api</span>\"
      +\"<span class=sf-dump-public title=\"Runtime added dynamic property\">created_at</span>\": \"<span class=sf-dump-str title=\"19 characters\">2025-09-17 02:31:12</span>\"
      +\"<span class=sf-dump-public title=\"Runtime added dynamic property\">updated_at</span>\": \"<span class=sf-dump-str title=\"19 characters\">2025-09-17 12:00:04</span>\"
      +\"<span class=sf-dump-public title=\"Runtime added dynamic property\">deleted_at</span>\": <span class=sf-dump-const>null</span>
      +\"<span class=sf-dump-public title=\"Runtime added dynamic property\">is_request__process</span>\": <span class=sf-dump-num>0</span>
      +\"<span class=sf-dump-public title=\"Runtime added dynamic property\">is_active</span>\": <span class=sf-dump-num>1</span>
      +\"<span class=sf-dump-public title=\"Runtime added dynamic property\">custom_domain</span>\": \"<span class=sf-dump-str title=\"9 characters\">geovis.de</span>\"
      +\"<span class=sf-dump-public title=\"Runtime added dynamic property\">is_show</span>\": <span class=sf-dump-num>1</span>
    </samp>}
    <span class=sf-dump-index>6</span> => {<a class=sf-dump-ref>#1659</a><samp data-depth=3 class=sf-dump-compact>
      +\"<span class=sf-dump-public title=\"Runtime added dynamic property\">id</span>\": \"<span class=sf-dump-str title=\"36 characters\">89588e80-545e-446a-9e97-46b5ce4f4646</span>\"
      +\"<span class=sf-dump-public title=\"Runtime added dynamic property\">user_id</span>\": <span class=sf-dump-const>null</span>
      +\"<span class=sf-dump-public title=\"Runtime added dynamic property\">network_source_id</span>\": <span class=sf-dump-const>null</span>
      +\"<span class=sf-dump-public title=\"Runtime added dynamic property\">advertiser_id</span>\": <span class=sf-dump-num>161749</span>
      +\"<span class=sf-dump-public title=\"Runtime added dynamic property\">api_advertiser_id</span>\": \"\"
      +\"<span class=sf-dump-public title=\"Runtime added dynamic property\">sid</span>\": <span class=sf-dump-num>83855303</span>
      +\"<span class=sf-dump-public title=\"Runtime added dynamic property\">name</span>\": \"<span class=sf-dump-str title=\"15 characters\">Factory Colch&#243;n</span>\"
      +\"<span class=sf-dump-public title=\"Runtime added dynamic property\">currency_code</span>\": <span class=sf-dump-const>null</span>
      +\"<span class=sf-dump-public title=\"Runtime added dynamic property\">average_payment_time</span>\": <span class=sf-dump-const>null</span>
      +\"<span class=sf-dump-public title=\"Runtime added dynamic property\">validation_days</span>\": <span class=sf-dump-const>null</span>
      +\"<span class=sf-dump-public title=\"Runtime added dynamic property\">epc</span>\": <span class=sf-dump-const>null</span>
      +\"<span class=sf-dump-public title=\"Runtime added dynamic property\">tags</span>\": <span class=sf-dump-const>null</span>
      +\"<span class=sf-dump-public title=\"Runtime added dynamic property\">offer_type</span>\": <span class=sf-dump-const>null</span>
      +\"<span class=sf-dump-public title=\"Runtime added dynamic property\">source</span>\": \"<span class=sf-dump-str title=\"7 characters\">BlueAFF</span>\"
      +\"<span class=sf-dump-public title=\"Runtime added dynamic property\">logo</span>\": \"<span class=sf-dump-str title=\"31 characters\">storage/logos/68c92cad8fea2.png</span>\"
      +\"<span class=sf-dump-public title=\"Runtime added dynamic property\">fetch_logo_url</span>\": <span class=sf-dump-const>null</span>
      +\"<span class=sf-dump-public title=\"Runtime added dynamic property\">is_fetchable_logo</span>\": <span class=sf-dump-num>0</span>
      +\"<span class=sf-dump-public title=\"Runtime added dynamic property\">fetch_logo_error</span>\": <span class=sf-dump-const>null</span>
      +\"<span class=sf-dump-public title=\"Runtime added dynamic property\">status</span>\": <span class=sf-dump-num>1</span>
      +\"<span class=sf-dump-public title=\"Runtime added dynamic property\">provider_status</span>\": <span class=sf-dump-const>null</span>
      +\"<span class=sf-dump-public title=\"Runtime added dynamic property\">company_name</span>\": <span class=sf-dump-const>null</span>
      +\"<span class=sf-dump-public title=\"Runtime added dynamic property\">phone_number</span>\": <span class=sf-dump-const>null</span>
      +\"<span class=sf-dump-public title=\"Runtime added dynamic property\">address</span>\": <span class=sf-dump-const>null</span>
      +\"<span class=sf-dump-public title=\"Runtime added dynamic property\">city</span>\": <span class=sf-dump-const>null</span>
      +\"<span class=sf-dump-public title=\"Runtime added dynamic property\">state</span>\": <span class=sf-dump-const>null</span>
      +\"<span class=sf-dump-public title=\"Runtime added dynamic property\">country</span>\": <span class=sf-dump-const>null</span>
      +\"<span class=sf-dump-public title=\"Runtime added dynamic property\">commission</span>\": \"<span class=sf-dump-str title=\"2 characters\">80</span>\"
      +\"<span class=sf-dump-public title=\"Runtime added dynamic property\">commission_type</span>\": \"<span class=sf-dump-str>%</span>\"
      +\"<span class=sf-dump-public title=\"Runtime added dynamic property\">goto_cookie_lifetime</span>\": <span class=sf-dump-const>null</span>
      +\"<span class=sf-dump-public title=\"Runtime added dynamic property\">deeplink_enabled</span>\": <span class=sf-dump-num>0</span>
      +\"<span class=sf-dump-public title=\"Runtime added dynamic property\">exclusive</span>\": <span class=sf-dump-num>0</span>
      +\"<span class=sf-dump-public title=\"Runtime added dynamic property\">is_available</span>\": <span class=sf-dump-num>1</span>
      +\"<span class=sf-dump-public title=\"Runtime added dynamic property\">country_full_name</span>\": <span class=sf-dump-const>null</span>
      +\"<span class=sf-dump-public title=\"Runtime added dynamic property\">categories</span>\": <span class=sf-dump-const>null</span>
      +\"<span class=sf-dump-public title=\"Runtime added dynamic property\">primary_regions</span>\": \"<span class=sf-dump-str title=\"6 characters\">[&quot;ES&quot;]</span>\"
      +\"<span class=sf-dump-public title=\"Runtime added dynamic property\">supported_regions</span>\": <span class=sf-dump-const>null</span>
      +\"<span class=sf-dump-public title=\"Runtime added dynamic property\">program_restrictions</span>\": <span class=sf-dump-const>null</span>
      +\"<span class=sf-dump-public title=\"Runtime added dynamic property\">promotional_methods</span>\": <span class=sf-dump-const>null</span>
      +\"<span class=sf-dump-public title=\"Runtime added dynamic property\">valid_domains</span>\": <span class=sf-dump-const>null</span>
      +\"<span class=sf-dump-public title=\"Runtime added dynamic property\">short_description</span>\": <span class=sf-dump-const>null</span>
      +\"<span class=sf-dump-public title=\"Runtime added dynamic property\">description</span>\": <span class=sf-dump-const>null</span>
      +\"<span class=sf-dump-public title=\"Runtime added dynamic property\">program_policies</span>\": <span class=sf-dump-const>null</span>
      +\"<span class=sf-dump-public title=\"Runtime added dynamic property\">url</span>\": \"<span class=sf-dump-str title=\"26 characters\">https://factorycolchon.es/</span>\"
      +\"<span class=sf-dump-public title=\"Runtime added dynamic property\">click_through_url</span>\": \"<span class=sf-dump-str title=\"38 characters\">https://r.blueaff.com/54WBR9W/C7H4SH9Q</span>\"
      +\"<span class=sf-dump-public title=\"Runtime added dynamic property\">type</span>\": \"<span class=sf-dump-str title=\"3 characters\">api</span>\"
      +\"<span class=sf-dump-public title=\"Runtime added dynamic property\">created_at</span>\": \"<span class=sf-dump-str title=\"19 characters\">2025-09-17 02:23:57</span>\"
      +\"<span class=sf-dump-public title=\"Runtime added dynamic property\">updated_at</span>\": \"<span class=sf-dump-str title=\"19 characters\">2025-09-17 12:00:04</span>\"
      +\"<span class=sf-dump-public title=\"Runtime added dynamic property\">deleted_at</span>\": <span class=sf-dump-const>null</span>
      +\"<span class=sf-dump-public title=\"Runtime added dynamic property\">is_request__process</span>\": <span class=sf-dump-num>0</span>
      +\"<span class=sf-dump-public title=\"Runtime added dynamic property\">is_active</span>\": <span class=sf-dump-num>1</span>
      +\"<span class=sf-dump-public title=\"Runtime added dynamic property\">custom_domain</span>\": \"<span class=sf-dump-str title=\"17 characters\">factorycolchon.es</span>\"
      +\"<span class=sf-dump-public title=\"Runtime added dynamic property\">is_show</span>\": <span class=sf-dump-num>1</span>
    </samp>}
    <span class=sf-dump-index>7</span> => {<a class=sf-dump-ref>#1658</a><samp data-depth=3 class=sf-dump-compact>
      +\"<span class=sf-dump-public title=\"Runtime added dynamic property\">id</span>\": \"<span class=sf-dump-str title=\"36 characters\">8895bd85-3d01-4437-b132-9a53d4c7d682</span>\"
      +\"<span class=sf-dump-public title=\"Runtime added dynamic property\">user_id</span>\": <span class=sf-dump-const>null</span>
      +\"<span class=sf-dump-public title=\"Runtime added dynamic property\">network_source_id</span>\": <span class=sf-dump-const>null</span>
      +\"<span class=sf-dump-public title=\"Runtime added dynamic property\">advertiser_id</span>\": <span class=sf-dump-num>161412</span>
      +\"<span class=sf-dump-public title=\"Runtime added dynamic property\">api_advertiser_id</span>\": \"\"
      +\"<span class=sf-dump-public title=\"Runtime added dynamic property\">sid</span>\": <span class=sf-dump-num>17978655</span>
      +\"<span class=sf-dump-public title=\"Runtime added dynamic property\">name</span>\": \"<span class=sf-dump-str title=\"58 characters\">EviDenS de Beaut&#233;: Elevating Skincare with Japanese Luxury</span>\"
      +\"<span class=sf-dump-public title=\"Runtime added dynamic property\">currency_code</span>\": <span class=sf-dump-const>null</span>
      +\"<span class=sf-dump-public title=\"Runtime added dynamic property\">average_payment_time</span>\": <span class=sf-dump-const>null</span>
      +\"<span class=sf-dump-public title=\"Runtime added dynamic property\">validation_days</span>\": <span class=sf-dump-const>null</span>
      +\"<span class=sf-dump-public title=\"Runtime added dynamic property\">epc</span>\": <span class=sf-dump-const>null</span>
      +\"<span class=sf-dump-public title=\"Runtime added dynamic property\">tags</span>\": <span class=sf-dump-const>null</span>
      +\"<span class=sf-dump-public title=\"Runtime added dynamic property\">offer_type</span>\": <span class=sf-dump-const>null</span>
      +\"<span class=sf-dump-public title=\"Runtime added dynamic property\">source</span>\": \"<span class=sf-dump-str title=\"7 characters\">BlueAFF</span>\"
      +\"<span class=sf-dump-public title=\"Runtime added dynamic property\">logo</span>\": \"<span class=sf-dump-str title=\"31 characters\">storage/logos/68c92bb9e66a4.png</span>\"
      +\"<span class=sf-dump-public title=\"Runtime added dynamic property\">fetch_logo_url</span>\": <span class=sf-dump-const>null</span>
      +\"<span class=sf-dump-public title=\"Runtime added dynamic property\">is_fetchable_logo</span>\": <span class=sf-dump-num>0</span>
      +\"<span class=sf-dump-public title=\"Runtime added dynamic property\">fetch_logo_error</span>\": <span class=sf-dump-const>null</span>
      +\"<span class=sf-dump-public title=\"Runtime added dynamic property\">status</span>\": <span class=sf-dump-num>1</span>
      +\"<span class=sf-dump-public title=\"Runtime added dynamic property\">provider_status</span>\": <span class=sf-dump-const>null</span>
      +\"<span class=sf-dump-public title=\"Runtime added dynamic property\">company_name</span>\": <span class=sf-dump-const>null</span>
      +\"<span class=sf-dump-public title=\"Runtime added dynamic property\">phone_number</span>\": <span class=sf-dump-const>null</span>
      +\"<span class=sf-dump-public title=\"Runtime added dynamic property\">address</span>\": <span class=sf-dump-const>null</span>
      +\"<span class=sf-dump-public title=\"Runtime added dynamic property\">city</span>\": <span class=sf-dump-const>null</span>
      +\"<span class=sf-dump-public title=\"Runtime added dynamic property\">state</span>\": <span class=sf-dump-const>null</span>
      +\"<span class=sf-dump-public title=\"Runtime added dynamic property\">country</span>\": <span class=sf-dump-const>null</span>
      +\"<span class=sf-dump-public title=\"Runtime added dynamic property\">commission</span>\": \"<span class=sf-dump-str title=\"2 characters\">80</span>\"
      +\"<span class=sf-dump-public title=\"Runtime added dynamic property\">commission_type</span>\": \"<span class=sf-dump-str>%</span>\"
      +\"<span class=sf-dump-public title=\"Runtime added dynamic property\">goto_cookie_lifetime</span>\": <span class=sf-dump-const>null</span>
      +\"<span class=sf-dump-public title=\"Runtime added dynamic property\">deeplink_enabled</span>\": <span class=sf-dump-num>0</span>
      +\"<span class=sf-dump-public title=\"Runtime added dynamic property\">exclusive</span>\": <span class=sf-dump-num>0</span>
      +\"<span class=sf-dump-public title=\"Runtime added dynamic property\">is_available</span>\": <span class=sf-dump-num>1</span>
      +\"<span class=sf-dump-public title=\"Runtime added dynamic property\">country_full_name</span>\": <span class=sf-dump-const>null</span>
      +\"<span class=sf-dump-public title=\"Runtime added dynamic property\">categories</span>\": <span class=sf-dump-const>null</span>
      +\"<span class=sf-dump-public title=\"Runtime added dynamic property\">primary_regions</span>\": \"<span class=sf-dump-str title=\"6 characters\">[&quot;US&quot;]</span>\"
      +\"<span class=sf-dump-public title=\"Runtime added dynamic property\">supported_regions</span>\": <span class=sf-dump-const>null</span>
      +\"<span class=sf-dump-public title=\"Runtime added dynamic property\">program_restrictions</span>\": <span class=sf-dump-const>null</span>
      +\"<span class=sf-dump-public title=\"Runtime added dynamic property\">promotional_methods</span>\": <span class=sf-dump-const>null</span>
      +\"<span class=sf-dump-public title=\"Runtime added dynamic property\">valid_domains</span>\": <span class=sf-dump-const>null</span>
      +\"<span class=sf-dump-public title=\"Runtime added dynamic property\">short_description</span>\": <span class=sf-dump-const>null</span>
      +\"<span class=sf-dump-public title=\"Runtime added dynamic property\">description</span>\": <span class=sf-dump-const>null</span>
      +\"<span class=sf-dump-public title=\"Runtime added dynamic property\">program_policies</span>\": <span class=sf-dump-const>null</span>
      +\"<span class=sf-dump-public title=\"Runtime added dynamic property\">url</span>\": \"<span class=sf-dump-str title=\"28 characters\">https://evidensdebeaute.com/</span>\"
      +\"<span class=sf-dump-public title=\"Runtime added dynamic property\">click_through_url</span>\": \"<span class=sf-dump-str title=\"38 characters\">https://r.blueaff.com/54WBR9W/C6WDSR95</span>\"
      +\"<span class=sf-dump-public title=\"Runtime added dynamic property\">type</span>\": \"<span class=sf-dump-str title=\"3 characters\">api</span>\"
      +\"<span class=sf-dump-public title=\"Runtime added dynamic property\">created_at</span>\": \"<span class=sf-dump-str title=\"19 characters\">2025-09-17 02:19:53</span>\"
      +\"<span class=sf-dump-public title=\"Runtime added dynamic property\">updated_at</span>\": \"<span class=sf-dump-str title=\"19 characters\">2025-09-17 12:00:04</span>\"
      +\"<span class=sf-dump-public title=\"Runtime added dynamic property\">deleted_at</span>\": <span class=sf-dump-const>null</span>
      +\"<span class=sf-dump-public title=\"Runtime added dynamic property\">is_request__process</span>\": <span class=sf-dump-num>0</span>
      +\"<span class=sf-dump-public title=\"Runtime added dynamic property\">is_active</span>\": <span class=sf-dump-num>1</span>
      +\"<span class=sf-dump-public title=\"Runtime added dynamic property\">custom_domain</span>\": \"<span class=sf-dump-str title=\"19 characters\">evidensdebeaute.com</span>\"
      +\"<span class=sf-dump-public title=\"Runtime added dynamic property\">is_show</span>\": <span class=sf-dump-num>1</span>
    </samp>}
    <span class=sf-dump-index>8</span> => {<a class=sf-dump-ref>#1564</a><samp data-depth=3 class=sf-dump-compact>
      +\"<span class=sf-dump-public title=\"Runtime added dynamic property\">id</span>\": \"<span class=sf-dump-str title=\"36 characters\">820c038d-2787-4327-a5c9-1a8cb947659e</span>\"
      +\"<span class=sf-dump-public title=\"Runtime added dynamic property\">user_id</span>\": <span class=sf-dump-const>null</span>
      +\"<span class=sf-dump-public title=\"Runtime added dynamic property\">network_source_id</span>\": <span class=sf-dump-const>null</span>
      +\"<span class=sf-dump-public title=\"Runtime added dynamic property\">advertiser_id</span>\": <span class=sf-dump-num>158228</span>
      +\"<span class=sf-dump-public title=\"Runtime added dynamic property\">api_advertiser_id</span>\": \"\"
      +\"<span class=sf-dump-public title=\"Runtime added dynamic property\">sid</span>\": <span class=sf-dump-num>12011578</span>
      +\"<span class=sf-dump-public title=\"Runtime added dynamic property\">name</span>\": \"<span class=sf-dump-str title=\"12 characters\">DENSE DE CPS</span>\"
      +\"<span class=sf-dump-public title=\"Runtime added dynamic property\">currency_code</span>\": <span class=sf-dump-const>null</span>
      +\"<span class=sf-dump-public title=\"Runtime added dynamic property\">average_payment_time</span>\": <span class=sf-dump-const>null</span>
      +\"<span class=sf-dump-public title=\"Runtime added dynamic property\">validation_days</span>\": <span class=sf-dump-const>null</span>
      +\"<span class=sf-dump-public title=\"Runtime added dynamic property\">epc</span>\": <span class=sf-dump-const>null</span>
      +\"<span class=sf-dump-public title=\"Runtime added dynamic property\">tags</span>\": <span class=sf-dump-const>null</span>
      +\"<span class=sf-dump-public title=\"Runtime added dynamic property\">offer_type</span>\": <span class=sf-dump-const>null</span>
      +\"<span class=sf-dump-public title=\"Runtime added dynamic property\">source</span>\": \"<span class=sf-dump-str title=\"7 characters\">BlueAFF</span>\"
      +\"<span class=sf-dump-public title=\"Runtime added dynamic property\">logo</span>\": \"<span class=sf-dump-str title=\"38 characters\">storage/logos/68c929f01d255.crdownload</span>\"
      +\"<span class=sf-dump-public title=\"Runtime added dynamic property\">fetch_logo_url</span>\": <span class=sf-dump-const>null</span>
      +\"<span class=sf-dump-public title=\"Runtime added dynamic property\">is_fetchable_logo</span>\": <span class=sf-dump-num>0</span>
      +\"<span class=sf-dump-public title=\"Runtime added dynamic property\">fetch_logo_error</span>\": <span class=sf-dump-const>null</span>
      +\"<span class=sf-dump-public title=\"Runtime added dynamic property\">status</span>\": <span class=sf-dump-num>1</span>
      +\"<span class=sf-dump-public title=\"Runtime added dynamic property\">provider_status</span>\": <span class=sf-dump-const>null</span>
      +\"<span class=sf-dump-public title=\"Runtime added dynamic property\">company_name</span>\": <span class=sf-dump-const>null</span>
      +\"<span class=sf-dump-public title=\"Runtime added dynamic property\">phone_number</span>\": <span class=sf-dump-const>null</span>
      +\"<span class=sf-dump-public title=\"Runtime added dynamic property\">address</span>\": <span class=sf-dump-const>null</span>
      +\"<span class=sf-dump-public title=\"Runtime added dynamic property\">city</span>\": <span class=sf-dump-const>null</span>
      +\"<span class=sf-dump-public title=\"Runtime added dynamic property\">state</span>\": <span class=sf-dump-const>null</span>
      +\"<span class=sf-dump-public title=\"Runtime added dynamic property\">country</span>\": <span class=sf-dump-const>null</span>
      +\"<span class=sf-dump-public title=\"Runtime added dynamic property\">commission</span>\": \"<span class=sf-dump-str title=\"2 characters\">80</span>\"
      +\"<span class=sf-dump-public title=\"Runtime added dynamic property\">commission_type</span>\": \"<span class=sf-dump-str>%</span>\"
      +\"<span class=sf-dump-public title=\"Runtime added dynamic property\">goto_cookie_lifetime</span>\": <span class=sf-dump-const>null</span>
      +\"<span class=sf-dump-public title=\"Runtime added dynamic property\">deeplink_enabled</span>\": <span class=sf-dump-num>0</span>
      +\"<span class=sf-dump-public title=\"Runtime added dynamic property\">exclusive</span>\": <span class=sf-dump-num>0</span>
      +\"<span class=sf-dump-public title=\"Runtime added dynamic property\">is_available</span>\": <span class=sf-dump-num>1</span>
      +\"<span class=sf-dump-public title=\"Runtime added dynamic property\">country_full_name</span>\": <span class=sf-dump-const>null</span>
      +\"<span class=sf-dump-public title=\"Runtime added dynamic property\">categories</span>\": <span class=sf-dump-const>null</span>
      +\"<span class=sf-dump-public title=\"Runtime added dynamic property\">primary_regions</span>\": \"<span class=sf-dump-str title=\"6 characters\">[&quot;DE&quot;]</span>\"
      +\"<span class=sf-dump-public title=\"Runtime added dynamic property\">supported_regions</span>\": <span class=sf-dump-const>null</span>
      +\"<span class=sf-dump-public title=\"Runtime added dynamic property\">program_restrictions</span>\": <span class=sf-dump-const>null</span>
      +\"<span class=sf-dump-public title=\"Runtime added dynamic property\">promotional_methods</span>\": <span class=sf-dump-const>null</span>
      +\"<span class=sf-dump-public title=\"Runtime added dynamic property\">valid_domains</span>\": <span class=sf-dump-const>null</span>
      +\"<span class=sf-dump-public title=\"Runtime added dynamic property\">short_description</span>\": <span class=sf-dump-const>null</span>
      +\"<span class=sf-dump-public title=\"Runtime added dynamic property\">description</span>\": <span class=sf-dump-const>null</span>
      +\"<span class=sf-dump-public title=\"Runtime added dynamic property\">program_policies</span>\": <span class=sf-dump-const>null</span>
      +\"<span class=sf-dump-public title=\"Runtime added dynamic property\">url</span>\": \"<span class=sf-dump-str title=\"27 characters\">https://densenutrition.com/</span>\"
      +\"<span class=sf-dump-public title=\"Runtime added dynamic property\">click_through_url</span>\": \"<span class=sf-dump-str title=\"38 characters\">https://r.blueaff.com/54WBR9W/C18H7XZ1</span>\"
      +\"<span class=sf-dump-public title=\"Runtime added dynamic property\">type</span>\": \"<span class=sf-dump-str title=\"3 characters\">api</span>\"
      +\"<span class=sf-dump-public title=\"Runtime added dynamic property\">created_at</span>\": \"<span class=sf-dump-str title=\"19 characters\">2025-09-17 02:12:16</span>\"
      +\"<span class=sf-dump-public title=\"Runtime added dynamic property\">updated_at</span>\": \"<span class=sf-dump-str title=\"19 characters\">2025-09-17 12:00:04</span>\"
      +\"<span class=sf-dump-public title=\"Runtime added dynamic property\">deleted_at</span>\": <span class=sf-dump-const>null</span>
      +\"<span class=sf-dump-public title=\"Runtime added dynamic property\">is_request__process</span>\": <span class=sf-dump-num>0</span>
      +\"<span class=sf-dump-public title=\"Runtime added dynamic property\">is_active</span>\": <span class=sf-dump-num>1</span>
      +\"<span class=sf-dump-public title=\"Runtime added dynamic property\">custom_domain</span>\": \"<span class=sf-dump-str title=\"18 characters\">densenutrition.com</span>\"
      +\"<span class=sf-dump-public title=\"Runtime added dynamic property\">is_show</span>\": <span class=sf-dump-num>1</span>
    </samp>}
    <span class=sf-dump-index>9</span> => {<a class=sf-dump-ref>#1490</a><samp data-depth=3 class=sf-dump-compact>
      +\"<span class=sf-dump-public title=\"Runtime added dynamic property\">id</span>\": \"<span class=sf-dump-str title=\"36 characters\">cfab9758-76d0-4e28-b6c3-ba2e15a68467</span>\"
      +\"<span class=sf-dump-public title=\"Runtime added dynamic property\">user_id</span>\": <span class=sf-dump-const>null</span>
      +\"<span class=sf-dump-public title=\"Runtime added dynamic property\">network_source_id</span>\": <span class=sf-dump-const>null</span>
      +\"<span class=sf-dump-public title=\"Runtime added dynamic property\">advertiser_id</span>\": <span class=sf-dump-num>149840</span>
      +\"<span class=sf-dump-public title=\"Runtime added dynamic property\">api_advertiser_id</span>\": \"\"
      +\"<span class=sf-dump-public title=\"Runtime added dynamic property\">sid</span>\": <span class=sf-dump-num>63669611</span>
      +\"<span class=sf-dump-public title=\"Runtime added dynamic property\">name</span>\": \"<span class=sf-dump-str title=\"9 characters\">AUBADE DE</span>\"
      +\"<span class=sf-dump-public title=\"Runtime added dynamic property\">currency_code</span>\": <span class=sf-dump-const>null</span>
      +\"<span class=sf-dump-public title=\"Runtime added dynamic property\">average_payment_time</span>\": <span class=sf-dump-const>null</span>
      +\"<span class=sf-dump-public title=\"Runtime added dynamic property\">validation_days</span>\": <span class=sf-dump-const>null</span>
      +\"<span class=sf-dump-public title=\"Runtime added dynamic property\">epc</span>\": <span class=sf-dump-const>null</span>
      +\"<span class=sf-dump-public title=\"Runtime added dynamic property\">tags</span>\": <span class=sf-dump-const>null</span>
      +\"<span class=sf-dump-public title=\"Runtime added dynamic property\">offer_type</span>\": <span class=sf-dump-const>null</span>
      +\"<span class=sf-dump-public title=\"Runtime added dynamic property\">source</span>\": \"<span class=sf-dump-str title=\"7 characters\">BlueAFF</span>\"
      +\"<span class=sf-dump-public title=\"Runtime added dynamic property\">logo</span>\": \"<span class=sf-dump-str title=\"38 characters\">storage/logos/68c918bd5eead.crdownload</span>\"
      +\"<span class=sf-dump-public title=\"Runtime added dynamic property\">fetch_logo_url</span>\": <span class=sf-dump-const>null</span>
      +\"<span class=sf-dump-public title=\"Runtime added dynamic property\">is_fetchable_logo</span>\": <span class=sf-dump-num>0</span>
      +\"<span class=sf-dump-public title=\"Runtime added dynamic property\">fetch_logo_error</span>\": <span class=sf-dump-const>null</span>
      +\"<span class=sf-dump-public title=\"Runtime added dynamic property\">status</span>\": <span class=sf-dump-num>1</span>
      +\"<span class=sf-dump-public title=\"Runtime added dynamic property\">provider_status</span>\": <span class=sf-dump-const>null</span>
      +\"<span class=sf-dump-public title=\"Runtime added dynamic property\">company_name</span>\": <span class=sf-dump-const>null</span>
      +\"<span class=sf-dump-public title=\"Runtime added dynamic property\">phone_number</span>\": <span class=sf-dump-const>null</span>
      +\"<span class=sf-dump-public title=\"Runtime added dynamic property\">address</span>\": <span class=sf-dump-const>null</span>
      +\"<span class=sf-dump-public title=\"Runtime added dynamic property\">city</span>\": <span class=sf-dump-const>null</span>
      +\"<span class=sf-dump-public title=\"Runtime added dynamic property\">state</span>\": <span class=sf-dump-const>null</span>
      +\"<span class=sf-dump-public title=\"Runtime added dynamic property\">country</span>\": <span class=sf-dump-const>null</span>
      +\"<span class=sf-dump-public title=\"Runtime added dynamic property\">commission</span>\": \"<span class=sf-dump-str title=\"2 characters\">80</span>\"
      +\"<span class=sf-dump-public title=\"Runtime added dynamic property\">commission_type</span>\": \"<span class=sf-dump-str>%</span>\"
      +\"<span class=sf-dump-public title=\"Runtime added dynamic property\">goto_cookie_lifetime</span>\": <span class=sf-dump-const>null</span>
      +\"<span class=sf-dump-public title=\"Runtime added dynamic property\">deeplink_enabled</span>\": <span class=sf-dump-num>0</span>
      +\"<span class=sf-dump-public title=\"Runtime added dynamic property\">exclusive</span>\": <span class=sf-dump-num>0</span>
      +\"<span class=sf-dump-public title=\"Runtime added dynamic property\">is_available</span>\": <span class=sf-dump-num>1</span>
      +\"<span class=sf-dump-public title=\"Runtime added dynamic property\">country_full_name</span>\": <span class=sf-dump-const>null</span>
      +\"<span class=sf-dump-public title=\"Runtime added dynamic property\">categories</span>\": <span class=sf-dump-const>null</span>
      +\"<span class=sf-dump-public title=\"Runtime added dynamic property\">primary_regions</span>\": <span class=sf-dump-const>null</span>
      +\"<span class=sf-dump-public title=\"Runtime added dynamic property\">supported_regions</span>\": <span class=sf-dump-const>null</span>
      +\"<span class=sf-dump-public title=\"Runtime added dynamic property\">program_restrictions</span>\": <span class=sf-dump-const>null</span>
      +\"<span class=sf-dump-public title=\"Runtime added dynamic property\">promotional_methods</span>\": <span class=sf-dump-const>null</span>
      +\"<span class=sf-dump-public title=\"Runtime added dynamic property\">valid_domains</span>\": <span class=sf-dump-const>null</span>
      +\"<span class=sf-dump-public title=\"Runtime added dynamic property\">short_description</span>\": <span class=sf-dump-const>null</span>
      +\"<span class=sf-dump-public title=\"Runtime added dynamic property\">description</span>\": <span class=sf-dump-const>null</span>
      +\"<span class=sf-dump-public title=\"Runtime added dynamic property\">program_policies</span>\": <span class=sf-dump-const>null</span>
      +\"<span class=sf-dump-public title=\"Runtime added dynamic property\">url</span>\": \"<span class=sf-dump-str title=\"19 characters\">https://aubade.com/</span>\"
      +\"<span class=sf-dump-public title=\"Runtime added dynamic property\">click_through_url</span>\": \"<span class=sf-dump-str title=\"38 characters\">https://r.blueaff.com/54WBR9W/BGDGTQM9</span>\"
      +\"<span class=sf-dump-public title=\"Runtime added dynamic property\">type</span>\": \"<span class=sf-dump-str title=\"3 characters\">api</span>\"
      +\"<span class=sf-dump-public title=\"Runtime added dynamic property\">created_at</span>\": \"<span class=sf-dump-str title=\"19 characters\">2025-09-17 00:58:53</span>\"
      +\"<span class=sf-dump-public title=\"Runtime added dynamic property\">updated_at</span>\": \"<span class=sf-dump-str title=\"19 characters\">2025-09-17 12:00:04</span>\"
      +\"<span class=sf-dump-public title=\"Runtime added dynamic property\">deleted_at</span>\": <span class=sf-dump-const>null</span>
      +\"<span class=sf-dump-public title=\"Runtime added dynamic property\">is_request__process</span>\": <span class=sf-dump-num>0</span>
      +\"<span class=sf-dump-public title=\"Runtime added dynamic property\">is_active</span>\": <span class=sf-dump-num>1</span>
      +\"<span class=sf-dump-public title=\"Runtime added dynamic property\">custom_domain</span>\": \"<span class=sf-dump-str title=\"10 characters\">aubade.com</span>\"
      +\"<span class=sf-dump-public title=\"Runtime added dynamic property\">is_show</span>\": <span class=sf-dump-num>1</span>
    </samp>}
  </samp>]
  #<span class=sf-dump-protected title=\"Protected property\">escapeWhenCastingToString</span>: <span class=sf-dump-const>false</span>
</samp>}
</pre><script>Sfdump(\"sf-dump-1864057167\", {\"maxDepth\":3,\"maxStringLength\":160})</script>
","earningSummaryComparison":"<pre class=sf-dump id=sf-dump-1973556580 data-indent-pad=\"  \"><span class=sf-dump-note>array:9</span> [<samp data-depth=1 class=sf-dump-expanded>
  \"<span class=sf-dump-key>total_sales</span>\" => <span class=sf-dump-note>array:3</span> [<samp data-depth=2 class=sf-dump-compact>
    \"<span class=sf-dump-key>current</span>\" => <span class=sf-dump-num>125620.97</span>
    \"<span class=sf-dump-key>last</span>\" => <span class=sf-dump-num>199050.71</span>
    \"<span class=sf-dump-key>change_percent</span>\" => <span class=sf-dump-num>-36.89</span>
  </samp>]
  \"<span class=sf-dump-key>total_commission</span>\" => <span class=sf-dump-note>array:3</span> [<samp data-depth=2 class=sf-dump-compact>
    \"<span class=sf-dump-key>current</span>\" => <span class=sf-dump-num>5330.48</span>
    \"<span class=sf-dump-key>last</span>\" => <span class=sf-dump-num>8719.83</span>
    \"<span class=sf-dump-key>change_percent</span>\" => <span class=sf-dump-num>-38.87</span>
  </samp>]
  \"<span class=sf-dump-key>total_transactions</span>\" => <span class=sf-dump-note>array:3</span> [<samp data-depth=2 class=sf-dump-compact>
    \"<span class=sf-dump-key>current</span>\" => <span class=sf-dump-num>690.0</span>
    \"<span class=sf-dump-key>last</span>\" => <span class=sf-dump-num>1251.0</span>
    \"<span class=sf-dump-key>change_percent</span>\" => <span class=sf-dump-num>-44.84</span>
  </samp>]
  \"<span class=sf-dump-key>pending_commission</span>\" => <span class=sf-dump-note>array:3</span> [<samp data-depth=2 class=sf-dump-compact>
    \"<span class=sf-dump-key>current</span>\" => <span class=sf-dump-num>4958.37</span>
    \"<span class=sf-dump-key>last</span>\" => <span class=sf-dump-num>6703.36</span>
    \"<span class=sf-dump-key>change_percent</span>\" => <span class=sf-dump-num>-26.03</span>
  </samp>]
  \"<span class=sf-dump-key>approved_commission</span>\" => <span class=sf-dump-note>array:3</span> [<samp data-depth=2 class=sf-dump-compact>
    \"<span class=sf-dump-key>current</span>\" => <span class=sf-dump-num>234.33</span>
    \"<span class=sf-dump-key>last</span>\" => <span class=sf-dump-num>1426.08</span>
    \"<span class=sf-dump-key>change_percent</span>\" => <span class=sf-dump-num>-83.57</span>
  </samp>]
  \"<span class=sf-dump-key>declined_commission</span>\" => <span class=sf-dump-note>array:3</span> [<samp data-depth=2 class=sf-dump-compact>
    \"<span class=sf-dump-key>current</span>\" => <span class=sf-dump-num>137.78</span>
    \"<span class=sf-dump-key>last</span>\" => <span class=sf-dump-num>581.38</span>
    \"<span class=sf-dump-key>change_percent</span>\" => <span class=sf-dump-num>-76.3</span>
  </samp>]
  \"<span class=sf-dump-key>publisher_commission</span>\" => <span class=sf-dump-note>array:3</span> [<samp data-depth=2 class=sf-dump-compact>
    \"<span class=sf-dump-key>current</span>\" => <span class=sf-dump-num>4264.39</span>
    \"<span class=sf-dump-key>last</span>\" => <span class=sf-dump-num>6975.86</span>
    \"<span class=sf-dump-key>change_percent</span>\" => <span class=sf-dump-num>-38.87</span>
  </samp>]
  \"<span class=sf-dump-key>total_paid</span>\" => <span class=sf-dump-note>array:3</span> [<samp data-depth=2 class=sf-dump-compact>
    \"<span class=sf-dump-key>current</span>\" => <span class=sf-dump-num>0.0</span>
    \"<span class=sf-dump-key>last</span>\" => <span class=sf-dump-num>0.0</span>
    \"<span class=sf-dump-key>change_percent</span>\" => <span class=sf-dump-num>0</span>
  </samp>]
  \"<span class=sf-dump-key>total_profit</span>\" => <span class=sf-dump-note>array:3</span> [<samp data-depth=2 class=sf-dump-compact>
    \"<span class=sf-dump-key>current</span>\" => <span class=sf-dump-num>1066.1</span>
    \"<span class=sf-dump-key>last</span>\" => <span class=sf-dump-num>1743.97</span>
    \"<span class=sf-dump-key>change_percent</span>\" => <span class=sf-dump-num>-38.87</span>
  </samp>]
</samp>]
</pre><script>Sfdump(\"sf-dump-1973556580\", {\"maxDepth\":3,\"maxStringLength\":160})</script>
","date":"<pre class=sf-dump id=sf-dump-1653328344 data-indent-pad=\"  \">\"<span class=sf-dump-str title=\"19 characters\">2025-09-01 00:00:00</span>\"
</pre><script>Sfdump(\"sf-dump-1653328344\", {\"maxDepth\":3,\"maxStringLength\":160})</script>
","diff":"<pre class=sf-dump id=sf-dump-368770095 data-indent-pad=\"  \"><span class=sf-dump-num>21</span>
</pre><script>Sfdump(\"sf-dump-368770095\", {\"maxDepth\":3,\"maxStringLength\":160})</script>
","startDate":"<pre class=sf-dump id=sf-dump-611633 data-indent-pad=\"  \"><span class=sf-dump-const>null</span>
</pre><script>Sfdump(\"sf-dump-611633\", {\"maxDepth\":3,\"maxStringLength\":160})</script>
","endDate":"<pre class=sf-dump id=sf-dump-1534336865 data-indent-pad=\"  \"><span class=sf-dump-const>null</span>
</pre><script>Sfdump(\"sf-dump-1534336865\", {\"maxDepth\":3,\"maxStringLength\":160})</script>
","routeData":"<pre class=sf-dump id=sf-dump-2045137503 data-indent-pad=\"  \"><span class=sf-dump-note>array:2</span> [<samp data-depth=1 class=sf-dump-expanded>
  \"<span class=sf-dump-key>start_date</span>\" => \"<span class=sf-dump-str title=\"19 characters\">2025-09-01 00:00:00</span>\"
  \"<span class=sf-dump-key>end_date</span>\" => \"<span class=sf-dump-str title=\"19 characters\">2025-09-30 23:59:59</span>\"
</samp>]
</pre><script>Sfdump(\"sf-dump-2045137503\", {\"maxDepth\":3,\"maxStringLength\":160})</script>
","trackingLinkComplete":"<pre class=sf-dump id=sf-dump-2075270692 data-indent-pad=\"  \"><span class=sf-dump-num>3243</span>
</pre><script>Sfdump(\"sf-dump-2075270692\", {\"maxDepth\":3,\"maxStringLength\":160})</script>
","trackingLinkPending":"<pre class=sf-dump id=sf-dump-184707019 data-indent-pad=\"  \"><span class=sf-dump-num>0</span>
</pre><script>Sfdump(\"sf-dump-184707019\", {\"maxDepth\":3,\"maxStringLength\":160})</script>
","trackingLinkRetry":"<pre class=sf-dump id=sf-dump-298181163 data-indent-pad=\"  \"><span class=sf-dump-num>0</span>
</pre><script>Sfdump(\"sf-dump-298181163\", {\"maxDepth\":3,\"maxStringLength\":160})</script>
","DeepLinkComplete":"<pre class=sf-dump id=sf-dump-1772172972 data-indent-pad=\"  \"><span class=sf-dump-num>0</span>
</pre><script>Sfdump(\"sf-dump-1772172972\", {\"maxDepth\":3,\"maxStringLength\":160})</script>
","DeepLinkPending":"<pre class=sf-dump id=sf-dump-1833012358 data-indent-pad=\"  \"><span class=sf-dump-num>0</span>
</pre><script>Sfdump(\"sf-dump-1833012358\", {\"maxDepth\":3,\"maxStringLength\":160})</script>
","DeepLinkRetry":"<pre class=sf-dump id=sf-dump-1084389263 data-indent-pad=\"  \"><span class=sf-dump-num>0</span>
</pre><script>Sfdump(\"sf-dump-1084389263\", {\"maxDepth\":3,\"maxStringLength\":160})</script>
"}},"userId":"b2d1126c-e0b6-4a7f-af92-a509f28a8dda","exception":"[object] (Spatie\\LaravelIgnition\\Exceptions\\ViewException(code: 0): Undefined variable $urlType at C:\\Users\\lenovo\\Desktop\\revdb\\resources\\views\\partial\\admin\\header.blade.php:753)
[stacktrace]
#0 C:\\Users\\lenovo\\Desktop\\revdb\\vendor\\laravel\\framework\\src\\Illuminate\\Foundation\\Bootstrap\\HandleExceptions.php(272): Illuminate\\Foundation\\Bootstrap\\HandleExceptions->handleError(2, 'Undefined varia...', 'C:\\\\Users\\\\lenovo...', 17)
#1 C:\\Users\\lenovo\\Desktop\\revdb\\resources\\views\\partial\\admin\\header.blade.php(753): Illuminate\\Foundation\\Bootstrap\\HandleExceptions->Illuminate\\Foundation\\Bootstrap\\{closure}(2, 'Undefined varia...', 'C:\\\\Users\\\\lenovo...', 17)
#2 C:\\Users\\lenovo\\Desktop\\revdb\\vendor\\laravel\\framework\\src\\Illuminate\\Filesystem\\Filesystem.php(109): require('C:\\\\Users\\\\lenovo...')
#3 C:\\Users\\lenovo\\Desktop\\revdb\\vendor\\laravel\\framework\\src\\Illuminate\\Filesystem\\Filesystem.php(110): Illuminate\\Filesystem\\Filesystem::Illuminate\\Filesystem\\{closure}()
#4 C:\\Users\\lenovo\\Desktop\\revdb\\vendor\\laravel\\framework\\src\\Illuminate\\View\\Engines\\PhpEngine.php(58): Illuminate\\Filesystem\\Filesystem->getRequire('C:\\\\Users\\\\lenovo...', Array)
#5 C:\\Users\\lenovo\\Desktop\\revdb\\vendor\\laravel\\framework\\src\\Illuminate\\View\\Engines\\CompilerEngine.php(70): Illuminate\\View\\Engines\\PhpEngine->evaluatePath('C:\\\\Users\\\\lenovo...', Array)
#6 C:\\Users\\lenovo\\Desktop\\revdb\\vendor\\laravel\\framework\\src\\Illuminate\\View\\View.php(195): Illuminate\\View\\Engines\\CompilerEngine->get('C:\\\\Users\\\\lenovo...', Array)
#7 C:\\Users\\lenovo\\Desktop\\revdb\\vendor\\laravel\\framework\\src\\Illuminate\\View\\View.php(178): Illuminate\\View\\View->getContents()
#8 C:\\Users\\lenovo\\Desktop\\revdb\\vendor\\laravel\\framework\\src\\Illuminate\\View\\View.php(147): Illuminate\\View\\View->renderContents()
#9 C:\\Users\\lenovo\\Desktop\\revdb\\resources\\views\\layouts\\admin\\panel_app.blade.php(56): Illuminate\\View\\View->render()
#10 C:\\Users\\lenovo\\Desktop\\revdb\\vendor\\laravel\\framework\\src\\Illuminate\\Filesystem\\Filesystem.php(109): require('C:\\\\Users\\\\lenovo...')
#11 C:\\Users\\lenovo\\Desktop\\revdb\\vendor\\laravel\\framework\\src\\Illuminate\\Filesystem\\Filesystem.php(110): Illuminate\\Filesystem\\Filesystem::Illuminate\\Filesystem\\{closure}()
#12 C:\\Users\\lenovo\\Desktop\\revdb\\vendor\\laravel\\framework\\src\\Illuminate\\View\\Engines\\PhpEngine.php(58): Illuminate\\Filesystem\\Filesystem->getRequire('C:\\\\Users\\\\lenovo...', Array)
#13 C:\\Users\\lenovo\\Desktop\\revdb\\vendor\\laravel\\framework\\src\\Illuminate\\View\\Engines\\CompilerEngine.php(70): Illuminate\\View\\Engines\\PhpEngine->evaluatePath('C:\\\\Users\\\\lenovo...', Array)
#14 C:\\Users\\lenovo\\Desktop\\revdb\\vendor\\laravel\\framework\\src\\Illuminate\\View\\View.php(195): Illuminate\\View\\Engines\\CompilerEngine->get('C:\\\\Users\\\\lenovo...', Array)
#15 C:\\Users\\lenovo\\Desktop\\revdb\\vendor\\laravel\\framework\\src\\Illuminate\\View\\View.php(178): Illuminate\\View\\View->getContents()
#16 C:\\Users\\lenovo\\Desktop\\revdb\\vendor\\laravel\\framework\\src\\Illuminate\\View\\View.php(147): Illuminate\\View\\View->renderContents()
#17 C:\\Users\\lenovo\\Desktop\\revdb\\resources\\views\\template\\admin\\dashboard.blade.php(1678): Illuminate\\View\\View->render()
#18 C:\\Users\\lenovo\\Desktop\\revdb\\vendor\\laravel\\framework\\src\\Illuminate\\Filesystem\\Filesystem.php(109): require('C:\\\\Users\\\\lenovo...')
#19 C:\\Users\\lenovo\\Desktop\\revdb\\vendor\\laravel\\framework\\src\\Illuminate\\Filesystem\\Filesystem.php(110): Illuminate\\Filesystem\\Filesystem::Illuminate\\Filesystem\\{closure}()
#20 C:\\Users\\lenovo\\Desktop\\revdb\\vendor\\laravel\\framework\\src\\Illuminate\\View\\Engines\\PhpEngine.php(58): Illuminate\\Filesystem\\Filesystem->getRequire('C:\\\\Users\\\\lenovo...', Array)
#21 C:\\Users\\lenovo\\Desktop\\revdb\\vendor\\laravel\\framework\\src\\Illuminate\\View\\Engines\\CompilerEngine.php(70): Illuminate\\View\\Engines\\PhpEngine->evaluatePath('C:\\\\Users\\\\lenovo...', Array)
#22 C:\\Users\\lenovo\\Desktop\\revdb\\vendor\\laravel\\framework\\src\\Illuminate\\View\\View.php(195): Illuminate\\View\\Engines\\CompilerEngine->get('C:\\\\Users\\\\lenovo...', Array)
#23 C:\\Users\\lenovo\\Desktop\\revdb\\vendor\\laravel\\framework\\src\\Illuminate\\View\\View.php(178): Illuminate\\View\\View->getContents()
#24 C:\\Users\\lenovo\\Desktop\\revdb\\vendor\\laravel\\framework\\src\\Illuminate\\View\\View.php(147): Illuminate\\View\\View->renderContents()
#25 C:\\Users\\lenovo\\Desktop\\revdb\\vendor\\laravel\\framework\\src\\Illuminate\\Http\\Response.php(69): Illuminate\\View\\View->render()
#26 C:\\Users\\lenovo\\Desktop\\revdb\\vendor\\laravel\\framework\\src\\Illuminate\\Http\\Response.php(35): Illuminate\\Http\\Response->setContent(Object(Illuminate\\View\\View))
#27 C:\\Users\\lenovo\\Desktop\\revdb\\vendor\\laravel\\framework\\src\\Illuminate\\Routing\\Router.php(906): Illuminate\\Http\\Response->__construct(Object(Illuminate\\View\\View), 200, Array)
#28 C:\\Users\\lenovo\\Desktop\\revdb\\vendor\\laravel\\framework\\src\\Illuminate\\Routing\\Router.php(875): Illuminate\\Routing\\Router::toResponse(Object(Illuminate\\Http\\Request), Object(Illuminate\\View\\View))
#29 C:\\Users\\lenovo\\Desktop\\revdb\\vendor\\laravel\\framework\\src\\Illuminate\\Routing\\Router.php(797): Illuminate\\Routing\\Router->prepareResponse(Object(Illuminate\\Http\\Request), Object(Illuminate\\View\\View))
#30 C:\\Users\\lenovo\\Desktop\\revdb\\vendor\\laravel\\framework\\src\\Illuminate\\Pipeline\\Pipeline.php(141): Illuminate\\Routing\\Router->Illuminate\\Routing\\{closure}(Object(Illuminate\\Http\\Request))
#31 C:\\Users\\lenovo\\Desktop\\revdb\\vendor\\laravel\\framework\\src\\Illuminate\\Auth\\Middleware\\EnsureEmailIsVerified.php(30): Illuminate\\Pipeline\\Pipeline->Illuminate\\Pipeline\\{closure}(Object(Illuminate\\Http\\Request))
#32 C:\\Users\\lenovo\\Desktop\\revdb\\vendor\\laravel\\framework\\src\\Illuminate\\Pipeline\\Pipeline.php(180): Illuminate\\Auth\\Middleware\\EnsureEmailIsVerified->handle(Object(Illuminate\\Http\\Request), Object(Closure))
#33 C:\\Users\\lenovo\\Desktop\\revdb\\app\\Http\\Middleware\\SetLocale.php(24): Illuminate\\Pipeline\\Pipeline->Illuminate\\Pipeline\\{closure}(Object(Illuminate\\Http\\Request))
#34 C:\\Users\\lenovo\\Desktop\\revdb\\vendor\\laravel\\framework\\src\\Illuminate\\Pipeline\\Pipeline.php(180): App\\Http\\Middleware\\SetLocale->handle(Object(Illuminate\\Http\\Request), Object(Closure))
#35 C:\\Users\\lenovo\\Desktop\\revdb\\app\\Http\\Middleware\\AuthGates.php(44): Illuminate\\Pipeline\\Pipeline->Illuminate\\Pipeline\\{closure}(Object(Illuminate\\Http\\Request))
#36 C:\\Users\\lenovo\\Desktop\\revdb\\vendor\\laravel\\framework\\src\\Illuminate\\Pipeline\\Pipeline.php(180): App\\Http\\Middleware\\AuthGates->handle(Object(Illuminate\\Http\\Request), Object(Closure))
#37 C:\\Users\\lenovo\\Desktop\\revdb\\vendor\\laravel\\framework\\src\\Illuminate\\Routing\\Middleware\\SubstituteBindings.php(50): Illuminate\\Pipeline\\Pipeline->Illuminate\\Pipeline\\{closure}(Object(Illuminate\\Http\\Request))
#38 C:\\Users\\lenovo\\Desktop\\revdb\\vendor\\laravel\\framework\\src\\Illuminate\\Pipeline\\Pipeline.php(180): Illuminate\\Routing\\Middleware\\SubstituteBindings->handle(Object(Illuminate\\Http\\Request), Object(Closure))
#39 C:\\Users\\lenovo\\Desktop\\revdb\\vendor\\laravel\\framework\\src\\Illuminate\\Auth\\Middleware\\Authenticate.php(44): Illuminate\\Pipeline\\Pipeline->Illuminate\\Pipeline\\{closure}(Object(Illuminate\\Http\\Request))
#40 C:\\Users\\lenovo\\Desktop\\revdb\\vendor\\laravel\\framework\\src\\Illuminate\\Pipeline\\Pipeline.php(180): Illuminate\\Auth\\Middleware\\Authenticate->handle(Object(Illuminate\\Http\\Request), Object(Closure))
#41 C:\\Users\\lenovo\\Desktop\\revdb\\vendor\\laravel\\framework\\src\\Illuminate\\Foundation\\Http\\Middleware\\VerifyCsrfToken.php(78): Illuminate\\Pipeline\\Pipeline->Illuminate\\Pipeline\\{closure}(Object(Illuminate\\Http\\Request))
#42 C:\\Users\\lenovo\\Desktop\\revdb\\vendor\\laravel\\framework\\src\\Illuminate\\Pipeline\\Pipeline.php(180): Illuminate\\Foundation\\Http\\Middleware\\VerifyCsrfToken->handle(Object(Illuminate\\Http\\Request), Object(Closure))
#43 C:\\Users\\lenovo\\Desktop\\revdb\\vendor\\laravel\\framework\\src\\Illuminate\\View\\Middleware\\ShareErrorsFromSession.php(49): Illuminate\\Pipeline\\Pipeline->Illuminate\\Pipeline\\{closure}(Object(Illuminate\\Http\\Request))
#44 C:\\Users\\lenovo\\Desktop\\revdb\\vendor\\laravel\\framework\\src\\Illuminate\\Pipeline\\Pipeline.php(180): Illuminate\\View\\Middleware\\ShareErrorsFromSession->handle(Object(Illuminate\\Http\\Request), Object(Closure))
#45 C:\\Users\\lenovo\\Desktop\\revdb\\vendor\\laravel\\framework\\src\\Illuminate\\Session\\Middleware\\StartSession.php(121): Illuminate\\Pipeline\\Pipeline->Illuminate\\Pipeline\\{closure}(Object(Illuminate\\Http\\Request))
#46 C:\\Users\\lenovo\\Desktop\\revdb\\vendor\\laravel\\framework\\src\\Illuminate\\Session\\Middleware\\StartSession.php(64): Illuminate\\Session\\Middleware\\StartSession->handleStatefulRequest(Object(Illuminate\\Http\\Request), Object(Illuminate\\Session\\Store), Object(Closure))
#47 C:\\Users\\lenovo\\Desktop\\revdb\\vendor\\laravel\\framework\\src\\Illuminate\\Pipeline\\Pipeline.php(180): Illuminate\\Session\\Middleware\\StartSession->handle(Object(Illuminate\\Http\\Request), Object(Closure))
#48 C:\\Users\\lenovo\\Desktop\\revdb\\vendor\\laravel\\framework\\src\\Illuminate\\Cookie\\Middleware\\AddQueuedCookiesToResponse.php(37): Illuminate\\Pipeline\\Pipeline->Illuminate\\Pipeline\\{closure}(Object(Illuminate\\Http\\Request))
#49 C:\\Users\\lenovo\\Desktop\\revdb\\vendor\\laravel\\framework\\src\\Illuminate\\Pipeline\\Pipeline.php(180): Illuminate\\Cookie\\Middleware\\AddQueuedCookiesToResponse->handle(Object(Illuminate\\Http\\Request), Object(Closure))
#50 C:\\Users\\lenovo\\Desktop\\revdb\\vendor\\laravel\\framework\\src\\Illuminate\\Cookie\\Middleware\\EncryptCookies.php(67): Illuminate\\Pipeline\\Pipeline->Illuminate\\Pipeline\\{closure}(Object(Illuminate\\Http\\Request))
#51 C:\\Users\\lenovo\\Desktop\\revdb\\vendor\\laravel\\framework\\src\\Illuminate\\Pipeline\\Pipeline.php(180): Illuminate\\Cookie\\Middleware\\EncryptCookies->handle(Object(Illuminate\\Http\\Request), Object(Closure))
#52 C:\\Users\\lenovo\\Desktop\\revdb\\vendor\\laravel\\framework\\src\\Illuminate\\Pipeline\\Pipeline.php(116): Illuminate\\Pipeline\\Pipeline->Illuminate\\Pipeline\\{closure}(Object(Illuminate\\Http\\Request))
#53 C:\\Users\\lenovo\\Desktop\\revdb\\vendor\\laravel\\framework\\src\\Illuminate\\Routing\\Router.php(797): Illuminate\\Pipeline\\Pipeline->then(Object(Closure))
#54 C:\\Users\\lenovo\\Desktop\\revdb\\vendor\\laravel\\framework\\src\\Illuminate\\Routing\\Router.php(776): Illuminate\\Routing\\Router->runRouteWithinStack(Object(Illuminate\\Routing\\Route), Object(Illuminate\\Http\\Request))
#55 C:\\Users\\lenovo\\Desktop\\revdb\\vendor\\laravel\\framework\\src\\Illuminate\\Routing\\Router.php(740): Illuminate\\Routing\\Router->runRoute(Object(Illuminate\\Http\\Request), Object(Illuminate\\Routing\\Route))
#56 C:\\Users\\lenovo\\Desktop\\revdb\\vendor\\laravel\\framework\\src\\Illuminate\\Routing\\Router.php(729): Illuminate\\Routing\\Router->dispatchToRoute(Object(Illuminate\\Http\\Request))
#57 C:\\Users\\lenovo\\Desktop\\revdb\\vendor\\laravel\\framework\\src\\Illuminate\\Foundation\\Http\\Kernel.php(190): Illuminate\\Routing\\Router->dispatch(Object(Illuminate\\Http\\Request))
#58 C:\\Users\\lenovo\\Desktop\\revdb\\vendor\\laravel\\framework\\src\\Illuminate\\Pipeline\\Pipeline.php(141): Illuminate\\Foundation\\Http\\Kernel->Illuminate\\Foundation\\Http\\{closure}(Object(Illuminate\\Http\\Request))
#59 C:\\Users\\lenovo\\Desktop\\revdb\\vendor\\laravel\\framework\\src\\Illuminate\\Foundation\\Http\\Middleware\\TransformsRequest.php(21): Illuminate\\Pipeline\\Pipeline->Illuminate\\Pipeline\\{closure}(Object(Illuminate\\Http\\Request))
#60 C:\\Users\\lenovo\\Desktop\\revdb\\vendor\\laravel\\framework\\src\\Illuminate\\Foundation\\Http\\Middleware\\ConvertEmptyStringsToNull.php(31): Illuminate\\Foundation\\Http\\Middleware\\TransformsRequest->handle(Object(Illuminate\\Http\\Request), Object(Closure))
#61 C:\\Users\\lenovo\\Desktop\\revdb\\vendor\\laravel\\framework\\src\\Illuminate\\Pipeline\\Pipeline.php(180): Illuminate\\Foundation\\Http\\Middleware\\ConvertEmptyStringsToNull->handle(Object(Illuminate\\Http\\Request), Object(Closure))
#62 C:\\Users\\lenovo\\Desktop\\revdb\\vendor\\laravel\\framework\\src\\Illuminate\\Foundation\\Http\\Middleware\\TransformsRequest.php(21): Illuminate\\Pipeline\\Pipeline->Illuminate\\Pipeline\\{closure}(Object(Illuminate\\Http\\Request))
#63 C:\\Users\\lenovo\\Desktop\\revdb\\vendor\\laravel\\framework\\src\\Illuminate\\Foundation\\Http\\Middleware\\TrimStrings.php(40): Illuminate\\Foundation\\Http\\Middleware\\TransformsRequest->handle(Object(Illuminate\\Http\\Request), Object(Closure))
#64 C:\\Users\\lenovo\\Desktop\\revdb\\vendor\\laravel\\framework\\src\\Illuminate\\Pipeline\\Pipeline.php(180): Illuminate\\Foundation\\Http\\Middleware\\TrimStrings->handle(Object(Illuminate\\Http\\Request), Object(Closure))
#65 C:\\Users\\lenovo\\Desktop\\revdb\\vendor\\laravel\\framework\\src\\Illuminate\\Foundation\\Http\\Middleware\\ValidatePostSize.php(27): Illuminate\\Pipeline\\Pipeline->Illuminate\\Pipeline\\{closure}(Object(Illuminate\\Http\\Request))
#66 C:\\Users\\lenovo\\Desktop\\revdb\\vendor\\laravel\\framework\\src\\Illuminate\\Pipeline\\Pipeline.php(180): Illuminate\\Foundation\\Http\\Middleware\\ValidatePostSize->handle(Object(Illuminate\\Http\\Request), Object(Closure))
#67 C:\\Users\\lenovo\\Desktop\\revdb\\vendor\\laravel\\framework\\src\\Illuminate\\Foundation\\Http\\Middleware\\PreventRequestsDuringMaintenance.php(86): Illuminate\\Pipeline\\Pipeline->Illuminate\\Pipeline\\{closure}(Object(Illuminate\\Http\\Request))
#68 C:\\Users\\lenovo\\Desktop\\revdb\\vendor\\laravel\\framework\\src\\Illuminate\\Pipeline\\Pipeline.php(180): Illuminate\\Foundation\\Http\\Middleware\\PreventRequestsDuringMaintenance->handle(Object(Illuminate\\Http\\Request), Object(Closure))
#69 C:\\Users\\lenovo\\Desktop\\revdb\\vendor\\laravel\\framework\\src\\Illuminate\\Http\\Middleware\\HandleCors.php(49): Illuminate\\Pipeline\\Pipeline->Illuminate\\Pipeline\\{closure}(Object(Illuminate\\Http\\Request))
#70 C:\\Users\\lenovo\\Desktop\\revdb\\vendor\\laravel\\framework\\src\\Illuminate\\Pipeline\\Pipeline.php(180): Illuminate\\Http\\Middleware\\HandleCors->handle(Object(Illuminate\\Http\\Request), Object(Closure))
#71 C:\\Users\\lenovo\\Desktop\\revdb\\vendor\\laravel\\framework\\src\\Illuminate\\Http\\Middleware\\TrustProxies.php(39): Illuminate\\Pipeline\\Pipeline->Illuminate\\Pipeline\\{closure}(Object(Illuminate\\Http\\Request))
#72 C:\\Users\\lenovo\\Desktop\\revdb\\vendor\\laravel\\framework\\src\\Illuminate\\Pipeline\\Pipeline.php(180): Illuminate\\Http\\Middleware\\TrustProxies->handle(Object(Illuminate\\Http\\Request), Object(Closure))
#73 C:\\Users\\lenovo\\Desktop\\revdb\\vendor\\laravel\\framework\\src\\Illuminate\\Pipeline\\Pipeline.php(116): Illuminate\\Pipeline\\Pipeline->Illuminate\\Pipeline\\{closure}(Object(Illuminate\\Http\\Request))
#74 C:\\Users\\lenovo\\Desktop\\revdb\\vendor\\laravel\\framework\\src\\Illuminate\\Foundation\\Http\\Kernel.php(165): Illuminate\\Pipeline\\Pipeline->then(Object(Closure))
#75 C:\\Users\\lenovo\\Desktop\\revdb\\vendor\\laravel\\framework\\src\\Illuminate\\Foundation\\Http\\Kernel.php(134): Illuminate\\Foundation\\Http\\Kernel->sendRequestThroughRouter(Object(Illuminate\\Http\\Request))
#76 C:\\Users\\lenovo\\Desktop\\revdb\\public\\index.php(51): Illuminate\\Foundation\\Http\\Kernel->handle(Object(Illuminate\\Http\\Request))
#77 C:\\Users\\lenovo\\Desktop\\revdb\\vendor\\laravel\\framework\\src\\Illuminate\\Foundation\\resources\\server.php(16): require_once('C:\\\\Users\\\\lenovo...')
#78 {main}

[previous exception] [object] (ErrorException(code: 0): Undefined variable $urlType at C:\\Users\\lenovo\\Desktop\\revdb\\storage\\framework\\views\\e334f6457dc42f478095f69771e4c2dff088e4cc.php:17)
[stacktrace]
#0 C:\\Users\\lenovo\\Desktop\\revdb\\vendor\\laravel\\framework\\src\\Illuminate\\Foundation\\Bootstrap\\HandleExceptions.php(272): Illuminate\\Foundation\\Bootstrap\\HandleExceptions->handleError(2, 'Undefined varia...', 'C:\\\\Users\\\\lenovo...', 17)
#1 C:\\Users\\lenovo\\Desktop\\revdb\\storage\\framework\\views\\e334f6457dc42f478095f69771e4c2dff088e4cc.php(17): Illuminate\\Foundation\\Bootstrap\\HandleExceptions->Illuminate\\Foundation\\Bootstrap\\{closure}(2, 'Undefined varia...', 'C:\\\\Users\\\\lenovo...', 17)
#2 C:\\Users\\lenovo\\Desktop\\revdb\\vendor\\laravel\\framework\\src\\Illuminate\\Filesystem\\Filesystem.php(109): require('C:\\\\Users\\\\lenovo...')
#3 C:\\Users\\lenovo\\Desktop\\revdb\\vendor\\laravel\\framework\\src\\Illuminate\\Filesystem\\Filesystem.php(110): Illuminate\\Filesystem\\Filesystem::Illuminate\\Filesystem\\{closure}()
#4 C:\\Users\\lenovo\\Desktop\\revdb\\vendor\\laravel\\framework\\src\\Illuminate\\View\\Engines\\PhpEngine.php(58): Illuminate\\Filesystem\\Filesystem->getRequire('C:\\\\Users\\\\lenovo...', Array)
#5 C:\\Users\\lenovo\\Desktop\\revdb\\vendor\\laravel\\framework\\src\\Illuminate\\View\\Engines\\CompilerEngine.php(70): Illuminate\\View\\Engines\\PhpEngine->evaluatePath('C:\\\\Users\\\\lenovo...', Array)
#6 C:\\Users\\lenovo\\Desktop\\revdb\\vendor\\laravel\\framework\\src\\Illuminate\\View\\View.php(195): Illuminate\\View\\Engines\\CompilerEngine->get('C:\\\\Users\\\\lenovo...', Array)
#7 C:\\Users\\lenovo\\Desktop\\revdb\\vendor\\laravel\\framework\\src\\Illuminate\\View\\View.php(178): Illuminate\\View\\View->getContents()
#8 C:\\Users\\lenovo\\Desktop\\revdb\\vendor\\laravel\\framework\\src\\Illuminate\\View\\View.php(147): Illuminate\\View\\View->renderContents()
#9 C:\\Users\\lenovo\\Desktop\\revdb\\storage\\framework\\views\\20fdffdcd49078e45970aaba2e71f46a43860771.php(60): Illuminate\\View\\View->render()
#10 C:\\Users\\lenovo\\Desktop\\revdb\\vendor\\laravel\\framework\\src\\Illuminate\\Filesystem\\Filesystem.php(109): require('C:\\\\Users\\\\lenovo...')
#11 C:\\Users\\lenovo\\Desktop\\revdb\\vendor\\laravel\\framework\\src\\Illuminate\\Filesystem\\Filesystem.php(110): Illuminate\\Filesystem\\Filesystem::Illuminate\\Filesystem\\{closure}()
#12 C:\\Users\\lenovo\\Desktop\\revdb\\vendor\\laravel\\framework\\src\\Illuminate\\View\\Engines\\PhpEngine.php(58): Illuminate\\Filesystem\\Filesystem->getRequire('C:\\\\Users\\\\lenovo...', Array)
#13 C:\\Users\\lenovo\\Desktop\\revdb\\vendor\\laravel\\framework\\src\\Illuminate\\View\\Engines\\CompilerEngine.php(70): Illuminate\\View\\Engines\\PhpEngine->evaluatePath('C:\\\\Users\\\\lenovo...', Array)
#14 C:\\Users\\lenovo\\Desktop\\revdb\\vendor\\laravel\\framework\\src\\Illuminate\\View\\View.php(195): Illuminate\\View\\Engines\\CompilerEngine->get('C:\\\\Users\\\\lenovo...', Array)
#15 C:\\Users\\lenovo\\Desktop\\revdb\\vendor\\laravel\\framework\\src\\Illuminate\\View\\View.php(178): Illuminate\\View\\View->getContents()
#16 C:\\Users\\lenovo\\Desktop\\revdb\\vendor\\laravel\\framework\\src\\Illuminate\\View\\View.php(147): Illuminate\\View\\View->renderContents()
#17 C:\\Users\\lenovo\\Desktop\\revdb\\storage\\framework\\views\\f4dcfe62b1e60e1c2003c8cbb5bfeafee2c866bf.php(1687): Illuminate\\View\\View->render()
#18 C:\\Users\\lenovo\\Desktop\\revdb\\vendor\\laravel\\framework\\src\\Illuminate\\Filesystem\\Filesystem.php(109): require('C:\\\\Users\\\\lenovo...')
#19 C:\\Users\\lenovo\\Desktop\\revdb\\vendor\\laravel\\framework\\src\\Illuminate\\Filesystem\\Filesystem.php(110): Illuminate\\Filesystem\\Filesystem::Illuminate\\Filesystem\\{closure}()
#20 C:\\Users\\lenovo\\Desktop\\revdb\\vendor\\laravel\\framework\\src\\Illuminate\\View\\Engines\\PhpEngine.php(58): Illuminate\\Filesystem\\Filesystem->getRequire('C:\\\\Users\\\\lenovo...', Array)
#21 C:\\Users\\lenovo\\Desktop\\revdb\\vendor\\laravel\\framework\\src\\Illuminate\\View\\Engines\\CompilerEngine.php(70): Illuminate\\View\\Engines\\PhpEngine->evaluatePath('C:\\\\Users\\\\lenovo...', Array)
#22 C:\\Users\\lenovo\\Desktop\\revdb\\vendor\\laravel\\framework\\src\\Illuminate\\View\\View.php(195): Illuminate\\View\\Engines\\CompilerEngine->get('C:\\\\Users\\\\lenovo...', Array)
#23 C:\\Users\\lenovo\\Desktop\\revdb\\vendor\\laravel\\framework\\src\\Illuminate\\View\\View.php(178): Illuminate\\View\\View->getContents()
#24 C:\\Users\\lenovo\\Desktop\\revdb\\vendor\\laravel\\framework\\src\\Illuminate\\View\\View.php(147): Illuminate\\View\\View->renderContents()
#25 C:\\Users\\lenovo\\Desktop\\revdb\\vendor\\laravel\\framework\\src\\Illuminate\\Http\\Response.php(69): Illuminate\\View\\View->render()
#26 C:\\Users\\lenovo\\Desktop\\revdb\\vendor\\laravel\\framework\\src\\Illuminate\\Http\\Response.php(35): Illuminate\\Http\\Response->setContent(Object(Illuminate\\View\\View))
#27 C:\\Users\\lenovo\\Desktop\\revdb\\vendor\\laravel\\framework\\src\\Illuminate\\Routing\\Router.php(906): Illuminate\\Http\\Response->__construct(Object(Illuminate\\View\\View), 200, Array)
#28 C:\\Users\\lenovo\\Desktop\\revdb\\vendor\\laravel\\framework\\src\\Illuminate\\Routing\\Router.php(875): Illuminate\\Routing\\Router::toResponse(Object(Illuminate\\Http\\Request), Object(Illuminate\\View\\View))
#29 C:\\Users\\lenovo\\Desktop\\revdb\\vendor\\laravel\\framework\\src\\Illuminate\\Routing\\Router.php(797): Illuminate\\Routing\\Router->prepareResponse(Object(Illuminate\\Http\\Request), Object(Illuminate\\View\\View))
#30 C:\\Users\\lenovo\\Desktop\\revdb\\vendor\\laravel\\framework\\src\\Illuminate\\Pipeline\\Pipeline.php(141): Illuminate\\Routing\\Router->Illuminate\\Routing\\{closure}(Object(Illuminate\\Http\\Request))
#31 C:\\Users\\lenovo\\Desktop\\revdb\\vendor\\laravel\\framework\\src\\Illuminate\\Auth\\Middleware\\EnsureEmailIsVerified.php(30): Illuminate\\Pipeline\\Pipeline->Illuminate\\Pipeline\\{closure}(Object(Illuminate\\Http\\Request))
#32 C:\\Users\\lenovo\\Desktop\\revdb\\vendor\\laravel\\framework\\src\\Illuminate\\Pipeline\\Pipeline.php(180): Illuminate\\Auth\\Middleware\\EnsureEmailIsVerified->handle(Object(Illuminate\\Http\\Request), Object(Closure))
#33 C:\\Users\\lenovo\\Desktop\\revdb\\app\\Http\\Middleware\\SetLocale.php(24): Illuminate\\Pipeline\\Pipeline->Illuminate\\Pipeline\\{closure}(Object(Illuminate\\Http\\Request))
#34 C:\\Users\\lenovo\\Desktop\\revdb\\vendor\\laravel\\framework\\src\\Illuminate\\Pipeline\\Pipeline.php(180): App\\Http\\Middleware\\SetLocale->handle(Object(Illuminate\\Http\\Request), Object(Closure))
#35 C:\\Users\\lenovo\\Desktop\\revdb\\app\\Http\\Middleware\\AuthGates.php(44): Illuminate\\Pipeline\\Pipeline->Illuminate\\Pipeline\\{closure}(Object(Illuminate\\Http\\Request))
#36 C:\\Users\\lenovo\\Desktop\\revdb\\vendor\\laravel\\framework\\src\\Illuminate\\Pipeline\\Pipeline.php(180): App\\Http\\Middleware\\AuthGates->handle(Object(Illuminate\\Http\\Request), Object(Closure))
#37 C:\\Users\\lenovo\\Desktop\\revdb\\vendor\\laravel\\framework\\src\\Illuminate\\Routing\\Middleware\\SubstituteBindings.php(50): Illuminate\\Pipeline\\Pipeline->Illuminate\\Pipeline\\{closure}(Object(Illuminate\\Http\\Request))
#38 C:\\Users\\lenovo\\Desktop\\revdb\\vendor\\laravel\\framework\\src\\Illuminate\\Pipeline\\Pipeline.php(180): Illuminate\\Routing\\Middleware\\SubstituteBindings->handle(Object(Illuminate\\Http\\Request), Object(Closure))
#39 C:\\Users\\lenovo\\Desktop\\revdb\\vendor\\laravel\\framework\\src\\Illuminate\\Auth\\Middleware\\Authenticate.php(44): Illuminate\\Pipeline\\Pipeline->Illuminate\\Pipeline\\{closure}(Object(Illuminate\\Http\\Request))
#40 C:\\Users\\lenovo\\Desktop\\revdb\\vendor\\laravel\\framework\\src\\Illuminate\\Pipeline\\Pipeline.php(180): Illuminate\\Auth\\Middleware\\Authenticate->handle(Object(Illuminate\\Http\\Request), Object(Closure))
#41 C:\\Users\\lenovo\\Desktop\\revdb\\vendor\\laravel\\framework\\src\\Illuminate\\Foundation\\Http\\Middleware\\VerifyCsrfToken.php(78): Illuminate\\Pipeline\\Pipeline->Illuminate\\Pipeline\\{closure}(Object(Illuminate\\Http\\Request))
#42 C:\\Users\\lenovo\\Desktop\\revdb\\vendor\\laravel\\framework\\src\\Illuminate\\Pipeline\\Pipeline.php(180): Illuminate\\Foundation\\Http\\Middleware\\VerifyCsrfToken->handle(Object(Illuminate\\Http\\Request), Object(Closure))
#43 C:\\Users\\lenovo\\Desktop\\revdb\\vendor\\laravel\\framework\\src\\Illuminate\\View\\Middleware\\ShareErrorsFromSession.php(49): Illuminate\\Pipeline\\Pipeline->Illuminate\\Pipeline\\{closure}(Object(Illuminate\\Http\\Request))
#44 C:\\Users\\lenovo\\Desktop\\revdb\\vendor\\laravel\\framework\\src\\Illuminate\\Pipeline\\Pipeline.php(180): Illuminate\\View\\Middleware\\ShareErrorsFromSession->handle(Object(Illuminate\\Http\\Request), Object(Closure))
#45 C:\\Users\\lenovo\\Desktop\\revdb\\vendor\\laravel\\framework\\src\\Illuminate\\Session\\Middleware\\StartSession.php(121): Illuminate\\Pipeline\\Pipeline->Illuminate\\Pipeline\\{closure}(Object(Illuminate\\Http\\Request))
#46 C:\\Users\\lenovo\\Desktop\\revdb\\vendor\\laravel\\framework\\src\\Illuminate\\Session\\Middleware\\StartSession.php(64): Illuminate\\Session\\Middleware\\StartSession->handleStatefulRequest(Object(Illuminate\\Http\\Request), Object(Illuminate\\Session\\Store), Object(Closure))
#47 C:\\Users\\lenovo\\Desktop\\revdb\\vendor\\laravel\\framework\\src\\Illuminate\\Pipeline\\Pipeline.php(180): Illuminate\\Session\\Middleware\\StartSession->handle(Object(Illuminate\\Http\\Request), Object(Closure))
#48 C:\\Users\\lenovo\\Desktop\\revdb\\vendor\\laravel\\framework\\src\\Illuminate\\Cookie\\Middleware\\AddQueuedCookiesToResponse.php(37): Illuminate\\Pipeline\\Pipeline->Illuminate\\Pipeline\\{closure}(Object(Illuminate\\Http\\Request))
#49 C:\\Users\\lenovo\\Desktop\\revdb\\vendor\\laravel\\framework\\src\\Illuminate\\Pipeline\\Pipeline.php(180): Illuminate\\Cookie\\Middleware\\AddQueuedCookiesToResponse->handle(Object(Illuminate\\Http\\Request), Object(Closure))
#50 C:\\Users\\lenovo\\Desktop\\revdb\\vendor\\laravel\\framework\\src\\Illuminate\\Cookie\\Middleware\\EncryptCookies.php(67): Illuminate\\Pipeline\\Pipeline->Illuminate\\Pipeline\\{closure}(Object(Illuminate\\Http\\Request))
#51 C:\\Users\\lenovo\\Desktop\\revdb\\vendor\\laravel\\framework\\src\\Illuminate\\Pipeline\\Pipeline.php(180): Illuminate\\Cookie\\Middleware\\EncryptCookies->handle(Object(Illuminate\\Http\\Request), Object(Closure))
#52 C:\\Users\\lenovo\\Desktop\\revdb\\vendor\\laravel\\framework\\src\\Illuminate\\Pipeline\\Pipeline.php(116): Illuminate\\Pipeline\\Pipeline->Illuminate\\Pipeline\\{closure}(Object(Illuminate\\Http\\Request))
#53 C:\\Users\\lenovo\\Desktop\\revdb\\vendor\\laravel\\framework\\src\\Illuminate\\Routing\\Router.php(797): Illuminate\\Pipeline\\Pipeline->then(Object(Closure))
#54 C:\\Users\\lenovo\\Desktop\\revdb\\vendor\\laravel\\framework\\src\\Illuminate\\Routing\\Router.php(776): Illuminate\\Routing\\Router->runRouteWithinStack(Object(Illuminate\\Routing\\Route), Object(Illuminate\\Http\\Request))
#55 C:\\Users\\lenovo\\Desktop\\revdb\\vendor\\laravel\\framework\\src\\Illuminate\\Routing\\Router.php(740): Illuminate\\Routing\\Router->runRoute(Object(Illuminate\\Http\\Request), Object(Illuminate\\Routing\\Route))
#56 C:\\Users\\lenovo\\Desktop\\revdb\\vendor\\laravel\\framework\\src\\Illuminate\\Routing\\Router.php(729): Illuminate\\Routing\\Router->dispatchToRoute(Object(Illuminate\\Http\\Request))
#57 C:\\Users\\lenovo\\Desktop\\revdb\\vendor\\laravel\\framework\\src\\Illuminate\\Foundation\\Http\\Kernel.php(190): Illuminate\\Routing\\Router->dispatch(Object(Illuminate\\Http\\Request))
#58 C:\\Users\\lenovo\\Desktop\\revdb\\vendor\\laravel\\framework\\src\\Illuminate\\Pipeline\\Pipeline.php(141): Illuminate\\Foundation\\Http\\Kernel->Illuminate\\Foundation\\Http\\{closure}(Object(Illuminate\\Http\\Request))
#59 C:\\Users\\lenovo\\Desktop\\revdb\\vendor\\laravel\\framework\\src\\Illuminate\\Foundation\\Http\\Middleware\\TransformsRequest.php(21): Illuminate\\Pipeline\\Pipeline->Illuminate\\Pipeline\\{closure}(Object(Illuminate\\Http\\Request))
#60 C:\\Users\\lenovo\\Desktop\\revdb\\vendor\\laravel\\framework\\src\\Illuminate\\Foundation\\Http\\Middleware\\ConvertEmptyStringsToNull.php(31): Illuminate\\Foundation\\Http\\Middleware\\TransformsRequest->handle(Object(Illuminate\\Http\\Request), Object(Closure))
#61 C:\\Users\\lenovo\\Desktop\\revdb\\vendor\\laravel\\framework\\src\\Illuminate\\Pipeline\\Pipeline.php(180): Illuminate\\Foundation\\Http\\Middleware\\ConvertEmptyStringsToNull->handle(Object(Illuminate\\Http\\Request), Object(Closure))
#62 C:\\Users\\lenovo\\Desktop\\revdb\\vendor\\laravel\\framework\\src\\Illuminate\\Foundation\\Http\\Middleware\\TransformsRequest.php(21): Illuminate\\Pipeline\\Pipeline->Illuminate\\Pipeline\\{closure}(Object(Illuminate\\Http\\Request))
#63 C:\\Users\\lenovo\\Desktop\\revdb\\vendor\\laravel\\framework\\src\\Illuminate\\Foundation\\Http\\Middleware\\TrimStrings.php(40): Illuminate\\Foundation\\Http\\Middleware\\TransformsRequest->handle(Object(Illuminate\\Http\\Request), Object(Closure))
#64 C:\\Users\\lenovo\\Desktop\\revdb\\vendor\\laravel\\framework\\src\\Illuminate\\Pipeline\\Pipeline.php(180): Illuminate\\Foundation\\Http\\Middleware\\TrimStrings->handle(Object(Illuminate\\Http\\Request), Object(Closure))
#65 C:\\Users\\lenovo\\Desktop\\revdb\\vendor\\laravel\\framework\\src\\Illuminate\\Foundation\\Http\\Middleware\\ValidatePostSize.php(27): Illuminate\\Pipeline\\Pipeline->Illuminate\\Pipeline\\{closure}(Object(Illuminate\\Http\\Request))
#66 C:\\Users\\lenovo\\Desktop\\revdb\\vendor\\laravel\\framework\\src\\Illuminate\\Pipeline\\Pipeline.php(180): Illuminate\\Foundation\\Http\\Middleware\\ValidatePostSize->handle(Object(Illuminate\\Http\\Request), Object(Closure))
#67 C:\\Users\\lenovo\\Desktop\\revdb\\vendor\\laravel\\framework\\src\\Illuminate\\Foundation\\Http\\Middleware\\PreventRequestsDuringMaintenance.php(86): Illuminate\\Pipeline\\Pipeline->Illuminate\\Pipeline\\{closure}(Object(Illuminate\\Http\\Request))
#68 C:\\Users\\lenovo\\Desktop\\revdb\\vendor\\laravel\\framework\\src\\Illuminate\\Pipeline\\Pipeline.php(180): Illuminate\\Foundation\\Http\\Middleware\\PreventRequestsDuringMaintenance->handle(Object(Illuminate\\Http\\Request), Object(Closure))
#69 C:\\Users\\lenovo\\Desktop\\revdb\\vendor\\laravel\\framework\\src\\Illuminate\\Http\\Middleware\\HandleCors.php(49): Illuminate\\Pipeline\\Pipeline->Illuminate\\Pipeline\\{closure}(Object(Illuminate\\Http\\Request))
#70 C:\\Users\\lenovo\\Desktop\\revdb\\vendor\\laravel\\framework\\src\\Illuminate\\Pipeline\\Pipeline.php(180): Illuminate\\Http\\Middleware\\HandleCors->handle(Object(Illuminate\\Http\\Request), Object(Closure))
#71 C:\\Users\\lenovo\\Desktop\\revdb\\vendor\\laravel\\framework\\src\\Illuminate\\Http\\Middleware\\TrustProxies.php(39): Illuminate\\Pipeline\\Pipeline->Illuminate\\Pipeline\\{closure}(Object(Illuminate\\Http\\Request))
#72 C:\\Users\\lenovo\\Desktop\\revdb\\vendor\\laravel\\framework\\src\\Illuminate\\Pipeline\\Pipeline.php(180): Illuminate\\Http\\Middleware\\TrustProxies->handle(Object(Illuminate\\Http\\Request), Object(Closure))
#73 C:\\Users\\lenovo\\Desktop\\revdb\\vendor\\laravel\\framework\\src\\Illuminate\\Pipeline\\Pipeline.php(116): Illuminate\\Pipeline\\Pipeline->Illuminate\\Pipeline\\{closure}(Object(Illuminate\\Http\\Request))
#74 C:\\Users\\lenovo\\Desktop\\revdb\\vendor\\laravel\\framework\\src\\Illuminate\\Foundation\\Http\\Kernel.php(165): Illuminate\\Pipeline\\Pipeline->then(Object(Closure))
#75 C:\\Users\\lenovo\\Desktop\\revdb\\vendor\\laravel\\framework\\src\\Illuminate\\Foundation\\Http\\Kernel.php(134): Illuminate\\Foundation\\Http\\Kernel->sendRequestThroughRouter(Object(Illuminate\\Http\\Request))
#76 C:\\Users\\lenovo\\Desktop\\revdb\\public\\index.php(51): Illuminate\\Foundation\\Http\\Kernel->handle(Object(Illuminate\\Http\\Request))
#77 C:\\Users\\lenovo\\Desktop\\revdb\\vendor\\laravel\\framework\\src\\Illuminate\\Foundation\\resources\\server.php(16): require_once('C:\\\\Users\\\\lenovo...')
#78 {main}
"} 
