[2025-10-09 09:58:18] local.ERROR: Undefined variable $page {"view":{"view":"C:\\Users\\lenovo\\Downloads\\revdb\\resources\\views\\auth\\publisher_register\\step_two.blade.php","data":{"errors":"<pre class=sf-dump id=sf-dump-563891111 data-indent-pad=\"  \"><span class=sf-dump-note>Illuminate\\Support\\ViewErrorBag</span> {<a class=sf-dump-ref>#1422</a><samp data-depth=1 class=sf-dump-expanded>
  #<span class=sf-dump-protected title=\"Protected property\">bags</span>: []
</samp>}
</pre><script>Sfdump(\"sf-dump-563891111\", {\"maxDepth\":3,\"maxStringLength\":160})</script>
","stepOne":"<pre class=sf-dump id=sf-dump-1070849004 data-indent-pad=\"  \">[]
</pre><script>Sfdump(\"sf-dump-1070849004\", {\"maxDepth\":3,\"maxStringLength\":160})</script>
","stepTwo":"<pre class=sf-dump id=sf-dump-343041863 data-indent-pad=\"  \">[]
</pre><script>Sfdump(\"sf-dump-343041863\", {\"maxDepth\":3,\"maxStringLength\":160})</script>
","stepThree":"<pre class=sf-dump id=sf-dump-173177882 data-indent-pad=\"  \">[]
</pre><script>Sfdump(\"sf-dump-173177882\", {\"maxDepth\":3,\"maxStringLength\":160})</script>
","stepFour":"<pre class=sf-dump id=sf-dump-1105320559 data-indent-pad=\"  \">[]
</pre><script>Sfdump(\"sf-dump-1105320559\", {\"maxDepth\":3,\"maxStringLength\":160})</script>
","isStepOne":"<pre class=sf-dump id=sf-dump-280327993 data-indent-pad=\"  \"><span class=sf-dump-const>false</span>
</pre><script>Sfdump(\"sf-dump-280327993\", {\"maxDepth\":3,\"maxStringLength\":160})</script>
","isStepTwo":"<pre class=sf-dump id=sf-dump-1443898687 data-indent-pad=\"  \"><span class=sf-dump-const>true</span>
</pre><script>Sfdump(\"sf-dump-1443898687\", {\"maxDepth\":3,\"maxStringLength\":160})</script>
","isStepThree":"<pre class=sf-dump id=sf-dump-527744497 data-indent-pad=\"  \"><span class=sf-dump-const>false</span>
</pre><script>Sfdump(\"sf-dump-527744497\", {\"maxDepth\":3,\"maxStringLength\":160})</script>
","isStepFour":"<pre class=sf-dump id=sf-dump-1986022477 data-indent-pad=\"  \"><span class=sf-dump-const>false</span>
</pre><script>Sfdump(\"sf-dump-1986022477\", {\"maxDepth\":3,\"maxStringLength\":160})</script>
","account":"<pre class=sf-dump id=sf-dump-749747507 data-indent-pad=\"  \"><span class=sf-dump-note>App\\Enums\\AccountType</span> {<a class=sf-dump-ref>#1426</a><samp data-depth=1 class=sf-dump-expanded>
  +<span class=sf-dump-public title=\"Public property\">name</span>: \"<span class=sf-dump-str title=\"9 characters\">PUBLISHER</span>\"
  +<span class=sf-dump-public title=\"Public property\">value</span>: \"<span class=sf-dump-str title=\"9 characters\">publisher</span>\"
</samp>}
</pre><script>Sfdump(\"sf-dump-749747507\", {\"maxDepth\":3,\"maxStringLength\":160})</script>
","countries":"<pre class=sf-dump id=sf-dump-2076400077 data-indent-pad=\"  \"><span class=sf-dump-note>array:246</span> [<samp data-depth=1 class=sf-dump-expanded>
  <span class=sf-dump-index>0</span> => <span class=sf-dump-note>array:8</span> [<samp data-depth=2 class=sf-dump-compact>
    \"<span class=sf-dump-key>id</span>\" => <span class=sf-dump-num>1</span>
    \"<span class=sf-dump-key>name</span>\" => \"<span class=sf-dump-str title=\"11 characters\">Afghanistan</span>\"
    \"<span class=sf-dump-key>currency</span>\" => \"<span class=sf-dump-str title=\"3 characters\">AFN</span>\"
    \"<span class=sf-dump-key>iso2</span>\" => \"<span class=sf-dump-str title=\"2 characters\">AF</span>\"
    \"<span class=sf-dump-key>status</span>\" => \"<span class=sf-dump-str title=\"6 characters\">active</span>\"
    \"<span class=sf-dump-key>created_at</span>\" => \"<span class=sf-dump-str title=\"27 characters\">2024-09-28T21:19:48.000000Z</span>\"
    \"<span class=sf-dump-key>updated_at</span>\" => \"<span class=sf-dump-str title=\"27 characters\">2024-09-28T21:19:48.000000Z</span>\"
    \"<span class=sf-dump-key>deleted_at</span>\" => <span class=sf-dump-const>null</span>
  </samp>]
  <span class=sf-dump-index>1</span> => <span class=sf-dump-note>array:8</span> [<samp data-depth=2 class=sf-dump-compact>
    \"<span class=sf-dump-key>id</span>\" => <span class=sf-dump-num>2</span>
    \"<span class=sf-dump-key>name</span>\" => \"<span class=sf-dump-str title=\"7 characters\">Albania</span>\"
    \"<span class=sf-dump-key>currency</span>\" => \"<span class=sf-dump-str title=\"3 characters\">ALL</span>\"
    \"<span class=sf-dump-key>iso2</span>\" => \"<span class=sf-dump-str title=\"2 characters\">AX</span>\"
    \"<span class=sf-dump-key>status</span>\" => \"<span class=sf-dump-str title=\"6 characters\">active</span>\"
    \"<span class=sf-dump-key>created_at</span>\" => \"<span class=sf-dump-str title=\"27 characters\">2024-09-28T21:19:48.000000Z</span>\"
    \"<span class=sf-dump-key>updated_at</span>\" => \"<span class=sf-dump-str title=\"27 characters\">2024-09-28T21:19:48.000000Z</span>\"
    \"<span class=sf-dump-key>deleted_at</span>\" => <span class=sf-dump-const>null</span>
  </samp>]
  <span class=sf-dump-index>2</span> => <span class=sf-dump-note>array:8</span> [<samp data-depth=2 class=sf-dump-compact>
    \"<span class=sf-dump-key>id</span>\" => <span class=sf-dump-num>3</span>
    \"<span class=sf-dump-key>name</span>\" => \"<span class=sf-dump-str title=\"7 characters\">Algeria</span>\"
    \"<span class=sf-dump-key>currency</span>\" => \"<span class=sf-dump-str title=\"3 characters\">DZD</span>\"
    \"<span class=sf-dump-key>iso2</span>\" => \"<span class=sf-dump-str title=\"2 characters\">DZ</span>\"
    \"<span class=sf-dump-key>status</span>\" => \"<span class=sf-dump-str title=\"6 characters\">active</span>\"
    \"<span class=sf-dump-key>created_at</span>\" => \"<span class=sf-dump-str title=\"27 characters\">2024-09-28T21:19:48.000000Z</span>\"
    \"<span class=sf-dump-key>updated_at</span>\" => \"<span class=sf-dump-str title=\"27 characters\">2024-09-28T21:19:48.000000Z</span>\"
    \"<span class=sf-dump-key>deleted_at</span>\" => <span class=sf-dump-const>null</span>
  </samp>]
  <span class=sf-dump-index>3</span> => <span class=sf-dump-note>array:8</span> [<samp data-depth=2 class=sf-dump-compact>
    \"<span class=sf-dump-key>id</span>\" => <span class=sf-dump-num>4</span>
    \"<span class=sf-dump-key>name</span>\" => \"<span class=sf-dump-str title=\"14 characters\">American Samoa</span>\"
    \"<span class=sf-dump-key>currency</span>\" => \"<span class=sf-dump-str title=\"3 characters\">USD</span>\"
    \"<span class=sf-dump-key>iso2</span>\" => \"<span class=sf-dump-str title=\"2 characters\">AS</span>\"
    \"<span class=sf-dump-key>status</span>\" => \"<span class=sf-dump-str title=\"6 characters\">active</span>\"
    \"<span class=sf-dump-key>created_at</span>\" => \"<span class=sf-dump-str title=\"27 characters\">2024-09-28T21:19:48.000000Z</span>\"
    \"<span class=sf-dump-key>updated_at</span>\" => \"<span class=sf-dump-str title=\"27 characters\">2024-09-28T21:19:48.000000Z</span>\"
    \"<span class=sf-dump-key>deleted_at</span>\" => <span class=sf-dump-const>null</span>
  </samp>]
  <span class=sf-dump-index>4</span> => <span class=sf-dump-note>array:8</span> [<samp data-depth=2 class=sf-dump-compact>
    \"<span class=sf-dump-key>id</span>\" => <span class=sf-dump-num>5</span>
    \"<span class=sf-dump-key>name</span>\" => \"<span class=sf-dump-str title=\"7 characters\">Andorra</span>\"
    \"<span class=sf-dump-key>currency</span>\" => \"<span class=sf-dump-str title=\"3 characters\">EUR</span>\"
    \"<span class=sf-dump-key>iso2</span>\" => \"<span class=sf-dump-str title=\"2 characters\">AD</span>\"
    \"<span class=sf-dump-key>status</span>\" => \"<span class=sf-dump-str title=\"6 characters\">active</span>\"
    \"<span class=sf-dump-key>created_at</span>\" => \"<span class=sf-dump-str title=\"27 characters\">2024-09-28T21:19:48.000000Z</span>\"
    \"<span class=sf-dump-key>updated_at</span>\" => \"<span class=sf-dump-str title=\"27 characters\">2024-09-28T21:19:48.000000Z</span>\"
    \"<span class=sf-dump-key>deleted_at</span>\" => <span class=sf-dump-const>null</span>
  </samp>]
  <span class=sf-dump-index>5</span> => <span class=sf-dump-note>array:8</span> [<samp data-depth=2 class=sf-dump-compact>
    \"<span class=sf-dump-key>id</span>\" => <span class=sf-dump-num>6</span>
    \"<span class=sf-dump-key>name</span>\" => \"<span class=sf-dump-str title=\"6 characters\">Angola</span>\"
    \"<span class=sf-dump-key>currency</span>\" => \"<span class=sf-dump-str title=\"3 characters\">AOA</span>\"
    \"<span class=sf-dump-key>iso2</span>\" => \"<span class=sf-dump-str title=\"2 characters\">AO</span>\"
    \"<span class=sf-dump-key>status</span>\" => \"<span class=sf-dump-str title=\"6 characters\">active</span>\"
    \"<span class=sf-dump-key>created_at</span>\" => \"<span class=sf-dump-str title=\"27 characters\">2024-09-28T21:19:48.000000Z</span>\"
    \"<span class=sf-dump-key>updated_at</span>\" => \"<span class=sf-dump-str title=\"27 characters\">2024-09-28T21:19:48.000000Z</span>\"
    \"<span class=sf-dump-key>deleted_at</span>\" => <span class=sf-dump-const>null</span>
  </samp>]
  <span class=sf-dump-index>6</span> => <span class=sf-dump-note>array:8</span> [<samp data-depth=2 class=sf-dump-compact>
    \"<span class=sf-dump-key>id</span>\" => <span class=sf-dump-num>7</span>
    \"<span class=sf-dump-key>name</span>\" => \"<span class=sf-dump-str title=\"8 characters\">Anguilla</span>\"
    \"<span class=sf-dump-key>currency</span>\" => \"<span class=sf-dump-str title=\"3 characters\">XCD</span>\"
    \"<span class=sf-dump-key>iso2</span>\" => \"<span class=sf-dump-str title=\"2 characters\">AI</span>\"
    \"<span class=sf-dump-key>status</span>\" => \"<span class=sf-dump-str title=\"6 characters\">active</span>\"
    \"<span class=sf-dump-key>created_at</span>\" => \"<span class=sf-dump-str title=\"27 characters\">2024-09-28T21:19:48.000000Z</span>\"
    \"<span class=sf-dump-key>updated_at</span>\" => \"<span class=sf-dump-str title=\"27 characters\">2024-09-28T21:19:48.000000Z</span>\"
    \"<span class=sf-dump-key>deleted_at</span>\" => <span class=sf-dump-const>null</span>
  </samp>]
  <span class=sf-dump-index>7</span> => <span class=sf-dump-note>array:8</span> [<samp data-depth=2 class=sf-dump-compact>
    \"<span class=sf-dump-key>id</span>\" => <span class=sf-dump-num>8</span>
    \"<span class=sf-dump-key>name</span>\" => \"<span class=sf-dump-str title=\"10 characters\">Antarctica</span>\"
    \"<span class=sf-dump-key>currency</span>\" => \"<span class=sf-dump-str title=\"3 characters\">AAD</span>\"
    \"<span class=sf-dump-key>iso2</span>\" => \"<span class=sf-dump-str title=\"2 characters\">AQ</span>\"
    \"<span class=sf-dump-key>status</span>\" => \"<span class=sf-dump-str title=\"6 characters\">active</span>\"
    \"<span class=sf-dump-key>created_at</span>\" => \"<span class=sf-dump-str title=\"27 characters\">2024-09-28T21:19:48.000000Z</span>\"
    \"<span class=sf-dump-key>updated_at</span>\" => \"<span class=sf-dump-str title=\"27 characters\">2024-09-28T21:19:48.000000Z</span>\"
    \"<span class=sf-dump-key>deleted_at</span>\" => <span class=sf-dump-const>null</span>
  </samp>]
  <span class=sf-dump-index>8</span> => <span class=sf-dump-note>array:8</span> [<samp data-depth=2 class=sf-dump-compact>
    \"<span class=sf-dump-key>id</span>\" => <span class=sf-dump-num>9</span>
    \"<span class=sf-dump-key>name</span>\" => \"<span class=sf-dump-str title=\"19 characters\">Antigua and Barbuda</span>\"
    \"<span class=sf-dump-key>currency</span>\" => \"<span class=sf-dump-str title=\"3 characters\">XCD</span>\"
    \"<span class=sf-dump-key>iso2</span>\" => \"<span class=sf-dump-str title=\"2 characters\">AG</span>\"
    \"<span class=sf-dump-key>status</span>\" => \"<span class=sf-dump-str title=\"6 characters\">active</span>\"
    \"<span class=sf-dump-key>created_at</span>\" => \"<span class=sf-dump-str title=\"27 characters\">2024-09-28T21:19:48.000000Z</span>\"
    \"<span class=sf-dump-key>updated_at</span>\" => \"<span class=sf-dump-str title=\"27 characters\">2024-09-28T21:19:48.000000Z</span>\"
    \"<span class=sf-dump-key>deleted_at</span>\" => <span class=sf-dump-const>null</span>
  </samp>]
  <span class=sf-dump-index>9</span> => <span class=sf-dump-note>array:8</span> [<samp data-depth=2 class=sf-dump-compact>
    \"<span class=sf-dump-key>id</span>\" => <span class=sf-dump-num>10</span>
    \"<span class=sf-dump-key>name</span>\" => \"<span class=sf-dump-str title=\"9 characters\">Argentina</span>\"
    \"<span class=sf-dump-key>currency</span>\" => \"<span class=sf-dump-str title=\"3 characters\">ARS</span>\"
    \"<span class=sf-dump-key>iso2</span>\" => \"<span class=sf-dump-str title=\"2 characters\">AR</span>\"
    \"<span class=sf-dump-key>status</span>\" => \"<span class=sf-dump-str title=\"6 characters\">active</span>\"
    \"<span class=sf-dump-key>created_at</span>\" => \"<span class=sf-dump-str title=\"27 characters\">2024-09-28T21:19:48.000000Z</span>\"
    \"<span class=sf-dump-key>updated_at</span>\" => \"<span class=sf-dump-str title=\"27 characters\">2024-09-28T21:19:48.000000Z</span>\"
    \"<span class=sf-dump-key>deleted_at</span>\" => <span class=sf-dump-const>null</span>
  </samp>]
  <span class=sf-dump-index>10</span> => <span class=sf-dump-note>array:8</span> [<samp data-depth=2 class=sf-dump-compact>
    \"<span class=sf-dump-key>id</span>\" => <span class=sf-dump-num>11</span>
    \"<span class=sf-dump-key>name</span>\" => \"<span class=sf-dump-str title=\"7 characters\">Armenia</span>\"
    \"<span class=sf-dump-key>currency</span>\" => \"<span class=sf-dump-str title=\"3 characters\">AMD</span>\"
    \"<span class=sf-dump-key>iso2</span>\" => \"<span class=sf-dump-str title=\"2 characters\">AM</span>\"
    \"<span class=sf-dump-key>status</span>\" => \"<span class=sf-dump-str title=\"6 characters\">active</span>\"
    \"<span class=sf-dump-key>created_at</span>\" => \"<span class=sf-dump-str title=\"27 characters\">2024-09-28T21:19:48.000000Z</span>\"
    \"<span class=sf-dump-key>updated_at</span>\" => \"<span class=sf-dump-str title=\"27 characters\">2024-09-28T21:19:48.000000Z</span>\"
    \"<span class=sf-dump-key>deleted_at</span>\" => <span class=sf-dump-const>null</span>
  </samp>]
  <span class=sf-dump-index>11</span> => <span class=sf-dump-note>array:8</span> [<samp data-depth=2 class=sf-dump-compact>
    \"<span class=sf-dump-key>id</span>\" => <span class=sf-dump-num>12</span>
    \"<span class=sf-dump-key>name</span>\" => \"<span class=sf-dump-str title=\"5 characters\">Aruba</span>\"
    \"<span class=sf-dump-key>currency</span>\" => \"<span class=sf-dump-str title=\"3 characters\">AWG</span>\"
    \"<span class=sf-dump-key>iso2</span>\" => \"<span class=sf-dump-str title=\"2 characters\">AW</span>\"
    \"<span class=sf-dump-key>status</span>\" => \"<span class=sf-dump-str title=\"6 characters\">active</span>\"
    \"<span class=sf-dump-key>created_at</span>\" => \"<span class=sf-dump-str title=\"27 characters\">2024-09-28T21:19:48.000000Z</span>\"
    \"<span class=sf-dump-key>updated_at</span>\" => \"<span class=sf-dump-str title=\"27 characters\">2024-09-28T21:19:48.000000Z</span>\"
    \"<span class=sf-dump-key>deleted_at</span>\" => <span class=sf-dump-const>null</span>
  </samp>]
  <span class=sf-dump-index>12</span> => <span class=sf-dump-note>array:8</span> [<samp data-depth=2 class=sf-dump-compact>
    \"<span class=sf-dump-key>id</span>\" => <span class=sf-dump-num>13</span>
    \"<span class=sf-dump-key>name</span>\" => \"<span class=sf-dump-str title=\"9 characters\">Australia</span>\"
    \"<span class=sf-dump-key>currency</span>\" => \"<span class=sf-dump-str title=\"3 characters\">AUD</span>\"
    \"<span class=sf-dump-key>iso2</span>\" => \"<span class=sf-dump-str title=\"2 characters\">AU</span>\"
    \"<span class=sf-dump-key>status</span>\" => \"<span class=sf-dump-str title=\"6 characters\">active</span>\"
    \"<span class=sf-dump-key>created_at</span>\" => \"<span class=sf-dump-str title=\"27 characters\">2024-09-28T21:19:48.000000Z</span>\"
    \"<span class=sf-dump-key>updated_at</span>\" => \"<span class=sf-dump-str title=\"27 characters\">2024-09-28T21:19:48.000000Z</span>\"
    \"<span class=sf-dump-key>deleted_at</span>\" => <span class=sf-dump-const>null</span>
  </samp>]
  <span class=sf-dump-index>13</span> => <span class=sf-dump-note>array:8</span> [<samp data-depth=2 class=sf-dump-compact>
    \"<span class=sf-dump-key>id</span>\" => <span class=sf-dump-num>14</span>
    \"<span class=sf-dump-key>name</span>\" => \"<span class=sf-dump-str title=\"7 characters\">Austria</span>\"
    \"<span class=sf-dump-key>currency</span>\" => \"<span class=sf-dump-str title=\"3 characters\">EUR</span>\"
    \"<span class=sf-dump-key>iso2</span>\" => \"<span class=sf-dump-str title=\"2 characters\">AT</span>\"
    \"<span class=sf-dump-key>status</span>\" => \"<span class=sf-dump-str title=\"6 characters\">active</span>\"
    \"<span class=sf-dump-key>created_at</span>\" => \"<span class=sf-dump-str title=\"27 characters\">2024-09-28T21:19:48.000000Z</span>\"
    \"<span class=sf-dump-key>updated_at</span>\" => \"<span class=sf-dump-str title=\"27 characters\">2024-09-28T21:19:48.000000Z</span>\"
    \"<span class=sf-dump-key>deleted_at</span>\" => <span class=sf-dump-const>null</span>
  </samp>]
  <span class=sf-dump-index>14</span> => <span class=sf-dump-note>array:8</span> [<samp data-depth=2 class=sf-dump-compact>
    \"<span class=sf-dump-key>id</span>\" => <span class=sf-dump-num>15</span>
    \"<span class=sf-dump-key>name</span>\" => \"<span class=sf-dump-str title=\"10 characters\">Azerbaijan</span>\"
    \"<span class=sf-dump-key>currency</span>\" => \"<span class=sf-dump-str title=\"3 characters\">AZN</span>\"
    \"<span class=sf-dump-key>iso2</span>\" => \"<span class=sf-dump-str title=\"2 characters\">AZ</span>\"
    \"<span class=sf-dump-key>status</span>\" => \"<span class=sf-dump-str title=\"6 characters\">active</span>\"
    \"<span class=sf-dump-key>created_at</span>\" => \"<span class=sf-dump-str title=\"27 characters\">2024-09-28T21:19:48.000000Z</span>\"
    \"<span class=sf-dump-key>updated_at</span>\" => \"<span class=sf-dump-str title=\"27 characters\">2024-09-28T21:19:48.000000Z</span>\"
    \"<span class=sf-dump-key>deleted_at</span>\" => <span class=sf-dump-const>null</span>
  </samp>]
  <span class=sf-dump-index>15</span> => <span class=sf-dump-note>array:8</span> [<samp data-depth=2 class=sf-dump-compact>
    \"<span class=sf-dump-key>id</span>\" => <span class=sf-dump-num>16</span>
    \"<span class=sf-dump-key>name</span>\" => \"<span class=sf-dump-str title=\"11 characters\">Bahamas The</span>\"
    \"<span class=sf-dump-key>currency</span>\" => \"<span class=sf-dump-str title=\"3 characters\">BSD</span>\"
    \"<span class=sf-dump-key>iso2</span>\" => \"<span class=sf-dump-str title=\"2 characters\">BS</span>\"
    \"<span class=sf-dump-key>status</span>\" => \"<span class=sf-dump-str title=\"6 characters\">active</span>\"
    \"<span class=sf-dump-key>created_at</span>\" => \"<span class=sf-dump-str title=\"27 characters\">2024-09-28T21:19:48.000000Z</span>\"
    \"<span class=sf-dump-key>updated_at</span>\" => \"<span class=sf-dump-str title=\"27 characters\">2024-09-28T21:19:48.000000Z</span>\"
    \"<span class=sf-dump-key>deleted_at</span>\" => <span class=sf-dump-const>null</span>
  </samp>]
  <span class=sf-dump-index>16</span> => <span class=sf-dump-note>array:8</span> [<samp data-depth=2 class=sf-dump-compact>
    \"<span class=sf-dump-key>id</span>\" => <span class=sf-dump-num>17</span>
    \"<span class=sf-dump-key>name</span>\" => \"<span class=sf-dump-str title=\"7 characters\">Bahrain</span>\"
    \"<span class=sf-dump-key>currency</span>\" => \"<span class=sf-dump-str title=\"3 characters\">BHD</span>\"
    \"<span class=sf-dump-key>iso2</span>\" => \"<span class=sf-dump-str title=\"2 characters\">BH</span>\"
    \"<span class=sf-dump-key>status</span>\" => \"<span class=sf-dump-str title=\"6 characters\">active</span>\"
    \"<span class=sf-dump-key>created_at</span>\" => \"<span class=sf-dump-str title=\"27 characters\">2024-09-28T21:19:48.000000Z</span>\"
    \"<span class=sf-dump-key>updated_at</span>\" => \"<span class=sf-dump-str title=\"27 characters\">2024-09-28T21:19:48.000000Z</span>\"
    \"<span class=sf-dump-key>deleted_at</span>\" => <span class=sf-dump-const>null</span>
  </samp>]
  <span class=sf-dump-index>17</span> => <span class=sf-dump-note>array:8</span> [<samp data-depth=2 class=sf-dump-compact>
    \"<span class=sf-dump-key>id</span>\" => <span class=sf-dump-num>18</span>
    \"<span class=sf-dump-key>name</span>\" => \"<span class=sf-dump-str title=\"10 characters\">Bangladesh</span>\"
    \"<span class=sf-dump-key>currency</span>\" => \"<span class=sf-dump-str title=\"3 characters\">BDT</span>\"
    \"<span class=sf-dump-key>iso2</span>\" => \"<span class=sf-dump-str title=\"2 characters\">BD</span>\"
    \"<span class=sf-dump-key>status</span>\" => \"<span class=sf-dump-str title=\"6 characters\">active</span>\"
    \"<span class=sf-dump-key>created_at</span>\" => \"<span class=sf-dump-str title=\"27 characters\">2024-09-28T21:19:48.000000Z</span>\"
    \"<span class=sf-dump-key>updated_at</span>\" => \"<span class=sf-dump-str title=\"27 characters\">2024-09-28T21:19:48.000000Z</span>\"
    \"<span class=sf-dump-key>deleted_at</span>\" => <span class=sf-dump-const>null</span>
  </samp>]
  <span class=sf-dump-index>18</span> => <span class=sf-dump-note>array:8</span> [<samp data-depth=2 class=sf-dump-compact>
    \"<span class=sf-dump-key>id</span>\" => <span class=sf-dump-num>19</span>
    \"<span class=sf-dump-key>name</span>\" => \"<span class=sf-dump-str title=\"8 characters\">Barbados</span>\"
    \"<span class=sf-dump-key>currency</span>\" => \"<span class=sf-dump-str title=\"3 characters\">BBD</span>\"
    \"<span class=sf-dump-key>iso2</span>\" => \"<span class=sf-dump-str title=\"2 characters\">BB</span>\"
    \"<span class=sf-dump-key>status</span>\" => \"<span class=sf-dump-str title=\"6 characters\">active</span>\"
    \"<span class=sf-dump-key>created_at</span>\" => \"<span class=sf-dump-str title=\"27 characters\">2024-09-28T21:19:48.000000Z</span>\"
    \"<span class=sf-dump-key>updated_at</span>\" => \"<span class=sf-dump-str title=\"27 characters\">2024-09-28T21:19:48.000000Z</span>\"
    \"<span class=sf-dump-key>deleted_at</span>\" => <span class=sf-dump-const>null</span>
  </samp>]
  <span class=sf-dump-index>19</span> => <span class=sf-dump-note>array:8</span> [<samp data-depth=2 class=sf-dump-compact>
    \"<span class=sf-dump-key>id</span>\" => <span class=sf-dump-num>20</span>
    \"<span class=sf-dump-key>name</span>\" => \"<span class=sf-dump-str title=\"7 characters\">Belarus</span>\"
    \"<span class=sf-dump-key>currency</span>\" => \"<span class=sf-dump-str title=\"3 characters\">BYN</span>\"
    \"<span class=sf-dump-key>iso2</span>\" => \"<span class=sf-dump-str title=\"2 characters\">BY</span>\"
    \"<span class=sf-dump-key>status</span>\" => \"<span class=sf-dump-str title=\"6 characters\">active</span>\"
    \"<span class=sf-dump-key>created_at</span>\" => \"<span class=sf-dump-str title=\"27 characters\">2024-09-28T21:19:48.000000Z</span>\"
    \"<span class=sf-dump-key>updated_at</span>\" => \"<span class=sf-dump-str title=\"27 characters\">2024-09-28T21:19:48.000000Z</span>\"
    \"<span class=sf-dump-key>deleted_at</span>\" => <span class=sf-dump-const>null</span>
  </samp>]
  <span class=sf-dump-index>20</span> => <span class=sf-dump-note>array:8</span> [<samp data-depth=2 class=sf-dump-compact>
    \"<span class=sf-dump-key>id</span>\" => <span class=sf-dump-num>21</span>
    \"<span class=sf-dump-key>name</span>\" => \"<span class=sf-dump-str title=\"7 characters\">Belgium</span>\"
    \"<span class=sf-dump-key>currency</span>\" => \"<span class=sf-dump-str title=\"3 characters\">EUR</span>\"
    \"<span class=sf-dump-key>iso2</span>\" => \"<span class=sf-dump-str title=\"2 characters\">BE</span>\"
    \"<span class=sf-dump-key>status</span>\" => \"<span class=sf-dump-str title=\"6 characters\">active</span>\"
    \"<span class=sf-dump-key>created_at</span>\" => \"<span class=sf-dump-str title=\"27 characters\">2024-09-28T21:19:48.000000Z</span>\"
    \"<span class=sf-dump-key>updated_at</span>\" => \"<span class=sf-dump-str title=\"27 characters\">2024-09-28T21:19:48.000000Z</span>\"
    \"<span class=sf-dump-key>deleted_at</span>\" => <span class=sf-dump-const>null</span>
  </samp>]
  <span class=sf-dump-index>21</span> => <span class=sf-dump-note>array:8</span> [<samp data-depth=2 class=sf-dump-compact>
    \"<span class=sf-dump-key>id</span>\" => <span class=sf-dump-num>22</span>
    \"<span class=sf-dump-key>name</span>\" => \"<span class=sf-dump-str title=\"6 characters\">Belize</span>\"
    \"<span class=sf-dump-key>currency</span>\" => \"<span class=sf-dump-str title=\"3 characters\">BZD</span>\"
    \"<span class=sf-dump-key>iso2</span>\" => \"<span class=sf-dump-str title=\"2 characters\">BZ</span>\"
    \"<span class=sf-dump-key>status</span>\" => \"<span class=sf-dump-str title=\"6 characters\">active</span>\"
    \"<span class=sf-dump-key>created_at</span>\" => \"<span class=sf-dump-str title=\"27 characters\">2024-09-28T21:19:48.000000Z</span>\"
    \"<span class=sf-dump-key>updated_at</span>\" => \"<span class=sf-dump-str title=\"27 characters\">2024-09-28T21:19:48.000000Z</span>\"
    \"<span class=sf-dump-key>deleted_at</span>\" => <span class=sf-dump-const>null</span>
  </samp>]
  <span class=sf-dump-index>22</span> => <span class=sf-dump-note>array:8</span> [<samp data-depth=2 class=sf-dump-compact>
    \"<span class=sf-dump-key>id</span>\" => <span class=sf-dump-num>23</span>
    \"<span class=sf-dump-key>name</span>\" => \"<span class=sf-dump-str title=\"5 characters\">Benin</span>\"
    \"<span class=sf-dump-key>currency</span>\" => \"<span class=sf-dump-str title=\"3 characters\">XOF</span>\"
    \"<span class=sf-dump-key>iso2</span>\" => \"<span class=sf-dump-str title=\"2 characters\">BJ</span>\"
    \"<span class=sf-dump-key>status</span>\" => \"<span class=sf-dump-str title=\"6 characters\">active</span>\"
    \"<span class=sf-dump-key>created_at</span>\" => \"<span class=sf-dump-str title=\"27 characters\">2024-09-28T21:19:48.000000Z</span>\"
    \"<span class=sf-dump-key>updated_at</span>\" => \"<span class=sf-dump-str title=\"27 characters\">2024-09-28T21:19:48.000000Z</span>\"
    \"<span class=sf-dump-key>deleted_at</span>\" => <span class=sf-dump-const>null</span>
  </samp>]
  <span class=sf-dump-index>23</span> => <span class=sf-dump-note>array:8</span> [<samp data-depth=2 class=sf-dump-compact>
    \"<span class=sf-dump-key>id</span>\" => <span class=sf-dump-num>24</span>
    \"<span class=sf-dump-key>name</span>\" => \"<span class=sf-dump-str title=\"7 characters\">Bermuda</span>\"
    \"<span class=sf-dump-key>currency</span>\" => \"<span class=sf-dump-str title=\"3 characters\">BMD</span>\"
    \"<span class=sf-dump-key>iso2</span>\" => \"<span class=sf-dump-str title=\"2 characters\">BM</span>\"
    \"<span class=sf-dump-key>status</span>\" => \"<span class=sf-dump-str title=\"6 characters\">active</span>\"
    \"<span class=sf-dump-key>created_at</span>\" => \"<span class=sf-dump-str title=\"27 characters\">2024-09-28T21:19:48.000000Z</span>\"
    \"<span class=sf-dump-key>updated_at</span>\" => \"<span class=sf-dump-str title=\"27 characters\">2024-09-28T21:19:48.000000Z</span>\"
    \"<span class=sf-dump-key>deleted_at</span>\" => <span class=sf-dump-const>null</span>
  </samp>]
  <span class=sf-dump-index>24</span> => <span class=sf-dump-note>array:8</span> [<samp data-depth=2 class=sf-dump-compact>
    \"<span class=sf-dump-key>id</span>\" => <span class=sf-dump-num>25</span>
    \"<span class=sf-dump-key>name</span>\" => \"<span class=sf-dump-str title=\"6 characters\">Bhutan</span>\"
    \"<span class=sf-dump-key>currency</span>\" => \"<span class=sf-dump-str title=\"3 characters\">BTN</span>\"
    \"<span class=sf-dump-key>iso2</span>\" => \"<span class=sf-dump-str title=\"2 characters\">BT</span>\"
    \"<span class=sf-dump-key>status</span>\" => \"<span class=sf-dump-str title=\"6 characters\">active</span>\"
    \"<span class=sf-dump-key>created_at</span>\" => \"<span class=sf-dump-str title=\"27 characters\">2024-09-28T21:19:48.000000Z</span>\"
    \"<span class=sf-dump-key>updated_at</span>\" => \"<span class=sf-dump-str title=\"27 characters\">2024-09-28T21:19:48.000000Z</span>\"
    \"<span class=sf-dump-key>deleted_at</span>\" => <span class=sf-dump-const>null</span>
  </samp>]
  <span class=sf-dump-index>25</span> => <span class=sf-dump-note>array:8</span> [<samp data-depth=2 class=sf-dump-compact>
    \"<span class=sf-dump-key>id</span>\" => <span class=sf-dump-num>26</span>
    \"<span class=sf-dump-key>name</span>\" => \"<span class=sf-dump-str title=\"7 characters\">Bolivia</span>\"
    \"<span class=sf-dump-key>currency</span>\" => \"<span class=sf-dump-str title=\"3 characters\">BOB</span>\"
    \"<span class=sf-dump-key>iso2</span>\" => \"<span class=sf-dump-str title=\"2 characters\">BO</span>\"
    \"<span class=sf-dump-key>status</span>\" => \"<span class=sf-dump-str title=\"6 characters\">active</span>\"
    \"<span class=sf-dump-key>created_at</span>\" => \"<span class=sf-dump-str title=\"27 characters\">2024-09-28T21:19:48.000000Z</span>\"
    \"<span class=sf-dump-key>updated_at</span>\" => \"<span class=sf-dump-str title=\"27 characters\">2024-09-28T21:19:48.000000Z</span>\"
    \"<span class=sf-dump-key>deleted_at</span>\" => <span class=sf-dump-const>null</span>
  </samp>]
  <span class=sf-dump-index>26</span> => <span class=sf-dump-note>array:8</span> [<samp data-depth=2 class=sf-dump-compact>
    \"<span class=sf-dump-key>id</span>\" => <span class=sf-dump-num>27</span>
    \"<span class=sf-dump-key>name</span>\" => \"<span class=sf-dump-str title=\"22 characters\">Bosnia and Herzegovina</span>\"
    \"<span class=sf-dump-key>currency</span>\" => \"<span class=sf-dump-str title=\"3 characters\">BAM</span>\"
    \"<span class=sf-dump-key>iso2</span>\" => \"<span class=sf-dump-str title=\"2 characters\">BA</span>\"
    \"<span class=sf-dump-key>status</span>\" => \"<span class=sf-dump-str title=\"6 characters\">active</span>\"
    \"<span class=sf-dump-key>created_at</span>\" => \"<span class=sf-dump-str title=\"27 characters\">2024-09-28T21:19:48.000000Z</span>\"
    \"<span class=sf-dump-key>updated_at</span>\" => \"<span class=sf-dump-str title=\"27 characters\">2024-09-28T21:19:48.000000Z</span>\"
    \"<span class=sf-dump-key>deleted_at</span>\" => <span class=sf-dump-const>null</span>
  </samp>]
  <span class=sf-dump-index>27</span> => <span class=sf-dump-note>array:8</span> [<samp data-depth=2 class=sf-dump-compact>
    \"<span class=sf-dump-key>id</span>\" => <span class=sf-dump-num>28</span>
    \"<span class=sf-dump-key>name</span>\" => \"<span class=sf-dump-str title=\"8 characters\">Botswana</span>\"
    \"<span class=sf-dump-key>currency</span>\" => \"<span class=sf-dump-str title=\"3 characters\">BWP</span>\"
    \"<span class=sf-dump-key>iso2</span>\" => \"<span class=sf-dump-str title=\"2 characters\">BW</span>\"
    \"<span class=sf-dump-key>status</span>\" => \"<span class=sf-dump-str title=\"6 characters\">active</span>\"
    \"<span class=sf-dump-key>created_at</span>\" => \"<span class=sf-dump-str title=\"27 characters\">2024-09-28T21:19:48.000000Z</span>\"
    \"<span class=sf-dump-key>updated_at</span>\" => \"<span class=sf-dump-str title=\"27 characters\">2024-09-28T21:19:48.000000Z</span>\"
    \"<span class=sf-dump-key>deleted_at</span>\" => <span class=sf-dump-const>null</span>
  </samp>]
  <span class=sf-dump-index>28</span> => <span class=sf-dump-note>array:8</span> [<samp data-depth=2 class=sf-dump-compact>
    \"<span class=sf-dump-key>id</span>\" => <span class=sf-dump-num>29</span>
    \"<span class=sf-dump-key>name</span>\" => \"<span class=sf-dump-str title=\"13 characters\">Bouvet island</span>\"
    \"<span class=sf-dump-key>currency</span>\" => \"<span class=sf-dump-str title=\"3 characters\">NOK</span>\"
    \"<span class=sf-dump-key>iso2</span>\" => \"<span class=sf-dump-str title=\"2 characters\">BV</span>\"
    \"<span class=sf-dump-key>status</span>\" => \"<span class=sf-dump-str title=\"6 characters\">active</span>\"
    \"<span class=sf-dump-key>created_at</span>\" => \"<span class=sf-dump-str title=\"27 characters\">2024-09-28T21:19:48.000000Z</span>\"
    \"<span class=sf-dump-key>updated_at</span>\" => \"<span class=sf-dump-str title=\"27 characters\">2024-09-28T21:19:48.000000Z</span>\"
    \"<span class=sf-dump-key>deleted_at</span>\" => <span class=sf-dump-const>null</span>
  </samp>]
  <span class=sf-dump-index>29</span> => <span class=sf-dump-note>array:8</span> [<samp data-depth=2 class=sf-dump-compact>
    \"<span class=sf-dump-key>id</span>\" => <span class=sf-dump-num>30</span>
    \"<span class=sf-dump-key>name</span>\" => \"<span class=sf-dump-str title=\"6 characters\">Brazil</span>\"
    \"<span class=sf-dump-key>currency</span>\" => \"<span class=sf-dump-str title=\"3 characters\">BRL</span>\"
    \"<span class=sf-dump-key>iso2</span>\" => \"<span class=sf-dump-str title=\"2 characters\">BR</span>\"
    \"<span class=sf-dump-key>status</span>\" => \"<span class=sf-dump-str title=\"6 characters\">active</span>\"
    \"<span class=sf-dump-key>created_at</span>\" => \"<span class=sf-dump-str title=\"27 characters\">2024-09-28T21:19:48.000000Z</span>\"
    \"<span class=sf-dump-key>updated_at</span>\" => \"<span class=sf-dump-str title=\"27 characters\">2024-09-28T21:19:48.000000Z</span>\"
    \"<span class=sf-dump-key>deleted_at</span>\" => <span class=sf-dump-const>null</span>
  </samp>]
  <span class=sf-dump-index>30</span> => <span class=sf-dump-note>array:8</span> [<samp data-depth=2 class=sf-dump-compact>
    \"<span class=sf-dump-key>id</span>\" => <span class=sf-dump-num>31</span>
    \"<span class=sf-dump-key>name</span>\" => \"<span class=sf-dump-str title=\"30 characters\">British Indian Ocean Territory</span>\"
    \"<span class=sf-dump-key>currency</span>\" => \"<span class=sf-dump-str title=\"3 characters\">USD</span>\"
    \"<span class=sf-dump-key>iso2</span>\" => \"<span class=sf-dump-str title=\"2 characters\">IO</span>\"
    \"<span class=sf-dump-key>status</span>\" => \"<span class=sf-dump-str title=\"6 characters\">active</span>\"
    \"<span class=sf-dump-key>created_at</span>\" => \"<span class=sf-dump-str title=\"27 characters\">2024-09-28T21:19:48.000000Z</span>\"
    \"<span class=sf-dump-key>updated_at</span>\" => \"<span class=sf-dump-str title=\"27 characters\">2024-09-28T21:19:48.000000Z</span>\"
    \"<span class=sf-dump-key>deleted_at</span>\" => <span class=sf-dump-const>null</span>
  </samp>]
  <span class=sf-dump-index>31</span> => <span class=sf-dump-note>array:8</span> [<samp data-depth=2 class=sf-dump-compact>
    \"<span class=sf-dump-key>id</span>\" => <span class=sf-dump-num>32</span>
    \"<span class=sf-dump-key>name</span>\" => \"<span class=sf-dump-str title=\"6 characters\">Brunei</span>\"
    \"<span class=sf-dump-key>currency</span>\" => \"<span class=sf-dump-str title=\"3 characters\">BND</span>\"
    \"<span class=sf-dump-key>iso2</span>\" => \"<span class=sf-dump-str title=\"2 characters\">BN</span>\"
    \"<span class=sf-dump-key>status</span>\" => \"<span class=sf-dump-str title=\"6 characters\">active</span>\"
    \"<span class=sf-dump-key>created_at</span>\" => \"<span class=sf-dump-str title=\"27 characters\">2024-09-28T21:19:48.000000Z</span>\"
    \"<span class=sf-dump-key>updated_at</span>\" => \"<span class=sf-dump-str title=\"27 characters\">2024-09-28T21:19:48.000000Z</span>\"
    \"<span class=sf-dump-key>deleted_at</span>\" => <span class=sf-dump-const>null</span>
  </samp>]
  <span class=sf-dump-index>32</span> => <span class=sf-dump-note>array:8</span> [<samp data-depth=2 class=sf-dump-compact>
    \"<span class=sf-dump-key>id</span>\" => <span class=sf-dump-num>33</span>
    \"<span class=sf-dump-key>name</span>\" => \"<span class=sf-dump-str title=\"8 characters\">Bulgaria</span>\"
    \"<span class=sf-dump-key>currency</span>\" => \"<span class=sf-dump-str title=\"3 characters\">BGN</span>\"
    \"<span class=sf-dump-key>iso2</span>\" => \"<span class=sf-dump-str title=\"2 characters\">BG</span>\"
    \"<span class=sf-dump-key>status</span>\" => \"<span class=sf-dump-str title=\"6 characters\">active</span>\"
    \"<span class=sf-dump-key>created_at</span>\" => \"<span class=sf-dump-str title=\"27 characters\">2024-09-28T21:19:48.000000Z</span>\"
    \"<span class=sf-dump-key>updated_at</span>\" => \"<span class=sf-dump-str title=\"27 characters\">2024-09-28T21:19:48.000000Z</span>\"
    \"<span class=sf-dump-key>deleted_at</span>\" => <span class=sf-dump-const>null</span>
  </samp>]
  <span class=sf-dump-index>33</span> => <span class=sf-dump-note>array:8</span> [<samp data-depth=2 class=sf-dump-compact>
    \"<span class=sf-dump-key>id</span>\" => <span class=sf-dump-num>34</span>
    \"<span class=sf-dump-key>name</span>\" => \"<span class=sf-dump-str title=\"12 characters\">Burkina Faso</span>\"
    \"<span class=sf-dump-key>currency</span>\" => \"<span class=sf-dump-str title=\"3 characters\">XOF</span>\"
    \"<span class=sf-dump-key>iso2</span>\" => \"<span class=sf-dump-str title=\"2 characters\">BF</span>\"
    \"<span class=sf-dump-key>status</span>\" => \"<span class=sf-dump-str title=\"6 characters\">active</span>\"
    \"<span class=sf-dump-key>created_at</span>\" => \"<span class=sf-dump-str title=\"27 characters\">2024-09-28T21:19:48.000000Z</span>\"
    \"<span class=sf-dump-key>updated_at</span>\" => \"<span class=sf-dump-str title=\"27 characters\">2024-09-28T21:19:48.000000Z</span>\"
    \"<span class=sf-dump-key>deleted_at</span>\" => <span class=sf-dump-const>null</span>
  </samp>]
  <span class=sf-dump-index>34</span> => <span class=sf-dump-note>array:8</span> [<samp data-depth=2 class=sf-dump-compact>
    \"<span class=sf-dump-key>id</span>\" => <span class=sf-dump-num>35</span>
    \"<span class=sf-dump-key>name</span>\" => \"<span class=sf-dump-str title=\"7 characters\">Burundi</span>\"
    \"<span class=sf-dump-key>currency</span>\" => \"<span class=sf-dump-str title=\"3 characters\">BIF</span>\"
    \"<span class=sf-dump-key>iso2</span>\" => \"<span class=sf-dump-str title=\"2 characters\">BI</span>\"
    \"<span class=sf-dump-key>status</span>\" => \"<span class=sf-dump-str title=\"6 characters\">active</span>\"
    \"<span class=sf-dump-key>created_at</span>\" => \"<span class=sf-dump-str title=\"27 characters\">2024-09-28T21:19:48.000000Z</span>\"
    \"<span class=sf-dump-key>updated_at</span>\" => \"<span class=sf-dump-str title=\"27 characters\">2024-09-28T21:19:48.000000Z</span>\"
    \"<span class=sf-dump-key>deleted_at</span>\" => <span class=sf-dump-const>null</span>
  </samp>]
  <span class=sf-dump-index>35</span> => <span class=sf-dump-note>array:8</span> [<samp data-depth=2 class=sf-dump-compact>
    \"<span class=sf-dump-key>id</span>\" => <span class=sf-dump-num>36</span>
    \"<span class=sf-dump-key>name</span>\" => \"<span class=sf-dump-str title=\"8 characters\">Cambodia</span>\"
    \"<span class=sf-dump-key>currency</span>\" => \"<span class=sf-dump-str title=\"3 characters\">KHR</span>\"
    \"<span class=sf-dump-key>iso2</span>\" => \"<span class=sf-dump-str title=\"2 characters\">KH</span>\"
    \"<span class=sf-dump-key>status</span>\" => \"<span class=sf-dump-str title=\"6 characters\">active</span>\"
    \"<span class=sf-dump-key>created_at</span>\" => \"<span class=sf-dump-str title=\"27 characters\">2024-09-28T21:19:48.000000Z</span>\"
    \"<span class=sf-dump-key>updated_at</span>\" => \"<span class=sf-dump-str title=\"27 characters\">2024-09-28T21:19:48.000000Z</span>\"
    \"<span class=sf-dump-key>deleted_at</span>\" => <span class=sf-dump-const>null</span>
  </samp>]
  <span class=sf-dump-index>36</span> => <span class=sf-dump-note>array:8</span> [<samp data-depth=2 class=sf-dump-compact>
    \"<span class=sf-dump-key>id</span>\" => <span class=sf-dump-num>37</span>
    \"<span class=sf-dump-key>name</span>\" => \"<span class=sf-dump-str title=\"8 characters\">Cameroon</span>\"
    \"<span class=sf-dump-key>currency</span>\" => \"<span class=sf-dump-str title=\"3 characters\">XAF</span>\"
    \"<span class=sf-dump-key>iso2</span>\" => \"<span class=sf-dump-str title=\"2 characters\">CM</span>\"
    \"<span class=sf-dump-key>status</span>\" => \"<span class=sf-dump-str title=\"6 characters\">active</span>\"
    \"<span class=sf-dump-key>created_at</span>\" => \"<span class=sf-dump-str title=\"27 characters\">2024-09-28T21:19:48.000000Z</span>\"
    \"<span class=sf-dump-key>updated_at</span>\" => \"<span class=sf-dump-str title=\"27 characters\">2024-09-28T21:19:48.000000Z</span>\"
    \"<span class=sf-dump-key>deleted_at</span>\" => <span class=sf-dump-const>null</span>
  </samp>]
  <span class=sf-dump-index>37</span> => <span class=sf-dump-note>array:8</span> [<samp data-depth=2 class=sf-dump-compact>
    \"<span class=sf-dump-key>id</span>\" => <span class=sf-dump-num>38</span>
    \"<span class=sf-dump-key>name</span>\" => \"<span class=sf-dump-str title=\"6 characters\">Canada</span>\"
    \"<span class=sf-dump-key>currency</span>\" => \"<span class=sf-dump-str title=\"3 characters\">CAD</span>\"
    \"<span class=sf-dump-key>iso2</span>\" => \"<span class=sf-dump-str title=\"2 characters\">CA</span>\"
    \"<span class=sf-dump-key>status</span>\" => \"<span class=sf-dump-str title=\"6 characters\">active</span>\"
    \"<span class=sf-dump-key>created_at</span>\" => \"<span class=sf-dump-str title=\"27 characters\">2024-09-28T21:19:48.000000Z</span>\"
    \"<span class=sf-dump-key>updated_at</span>\" => \"<span class=sf-dump-str title=\"27 characters\">2024-09-28T21:19:48.000000Z</span>\"
    \"<span class=sf-dump-key>deleted_at</span>\" => <span class=sf-dump-const>null</span>
  </samp>]
  <span class=sf-dump-index>38</span> => <span class=sf-dump-note>array:8</span> [<samp data-depth=2 class=sf-dump-compact>
    \"<span class=sf-dump-key>id</span>\" => <span class=sf-dump-num>39</span>
    \"<span class=sf-dump-key>name</span>\" => \"<span class=sf-dump-str title=\"10 characters\">Cape Verde</span>\"
    \"<span class=sf-dump-key>currency</span>\" => \"<span class=sf-dump-str title=\"3 characters\">CVE</span>\"
    \"<span class=sf-dump-key>iso2</span>\" => \"<span class=sf-dump-str title=\"2 characters\">CV</span>\"
    \"<span class=sf-dump-key>status</span>\" => \"<span class=sf-dump-str title=\"6 characters\">active</span>\"
    \"<span class=sf-dump-key>created_at</span>\" => \"<span class=sf-dump-str title=\"27 characters\">2024-09-28T21:19:48.000000Z</span>\"
    \"<span class=sf-dump-key>updated_at</span>\" => \"<span class=sf-dump-str title=\"27 characters\">2024-09-28T21:19:48.000000Z</span>\"
    \"<span class=sf-dump-key>deleted_at</span>\" => <span class=sf-dump-const>null</span>
  </samp>]
  <span class=sf-dump-index>39</span> => <span class=sf-dump-note>array:8</span> [<samp data-depth=2 class=sf-dump-compact>
    \"<span class=sf-dump-key>id</span>\" => <span class=sf-dump-num>40</span>
    \"<span class=sf-dump-key>name</span>\" => \"<span class=sf-dump-str title=\"14 characters\">Cayman Islands</span>\"
    \"<span class=sf-dump-key>currency</span>\" => \"<span class=sf-dump-str title=\"3 characters\">KYD</span>\"
    \"<span class=sf-dump-key>iso2</span>\" => \"<span class=sf-dump-str title=\"2 characters\">KY</span>\"
    \"<span class=sf-dump-key>status</span>\" => \"<span class=sf-dump-str title=\"6 characters\">active</span>\"
    \"<span class=sf-dump-key>created_at</span>\" => \"<span class=sf-dump-str title=\"27 characters\">2024-09-28T21:19:48.000000Z</span>\"
    \"<span class=sf-dump-key>updated_at</span>\" => \"<span class=sf-dump-str title=\"27 characters\">2024-09-28T21:19:48.000000Z</span>\"
    \"<span class=sf-dump-key>deleted_at</span>\" => <span class=sf-dump-const>null</span>
  </samp>]
  <span class=sf-dump-index>40</span> => <span class=sf-dump-note>array:8</span> [<samp data-depth=2 class=sf-dump-compact>
    \"<span class=sf-dump-key>id</span>\" => <span class=sf-dump-num>41</span>
    \"<span class=sf-dump-key>name</span>\" => \"<span class=sf-dump-str title=\"24 characters\">Central African Republic</span>\"
    \"<span class=sf-dump-key>currency</span>\" => \"<span class=sf-dump-str title=\"3 characters\">XAF</span>\"
    \"<span class=sf-dump-key>iso2</span>\" => \"<span class=sf-dump-str title=\"2 characters\">CF</span>\"
    \"<span class=sf-dump-key>status</span>\" => \"<span class=sf-dump-str title=\"6 characters\">active</span>\"
    \"<span class=sf-dump-key>created_at</span>\" => \"<span class=sf-dump-str title=\"27 characters\">2024-09-28T21:19:48.000000Z</span>\"
    \"<span class=sf-dump-key>updated_at</span>\" => \"<span class=sf-dump-str title=\"27 characters\">2024-09-28T21:19:48.000000Z</span>\"
    \"<span class=sf-dump-key>deleted_at</span>\" => <span class=sf-dump-const>null</span>
  </samp>]
  <span class=sf-dump-index>41</span> => <span class=sf-dump-note>array:8</span> [<samp data-depth=2 class=sf-dump-compact>
    \"<span class=sf-dump-key>id</span>\" => <span class=sf-dump-num>42</span>
    \"<span class=sf-dump-key>name</span>\" => \"<span class=sf-dump-str title=\"4 characters\">Chad</span>\"
    \"<span class=sf-dump-key>currency</span>\" => \"<span class=sf-dump-str title=\"3 characters\">XAF</span>\"
    \"<span class=sf-dump-key>iso2</span>\" => \"<span class=sf-dump-str title=\"2 characters\">TD</span>\"
    \"<span class=sf-dump-key>status</span>\" => \"<span class=sf-dump-str title=\"6 characters\">active</span>\"
    \"<span class=sf-dump-key>created_at</span>\" => \"<span class=sf-dump-str title=\"27 characters\">2024-09-28T21:19:48.000000Z</span>\"
    \"<span class=sf-dump-key>updated_at</span>\" => \"<span class=sf-dump-str title=\"27 characters\">2024-09-28T21:19:48.000000Z</span>\"
    \"<span class=sf-dump-key>deleted_at</span>\" => <span class=sf-dump-const>null</span>
  </samp>]
  <span class=sf-dump-index>42</span> => <span class=sf-dump-note>array:8</span> [<samp data-depth=2 class=sf-dump-compact>
    \"<span class=sf-dump-key>id</span>\" => <span class=sf-dump-num>43</span>
    \"<span class=sf-dump-key>name</span>\" => \"<span class=sf-dump-str title=\"5 characters\">Chile</span>\"
    \"<span class=sf-dump-key>currency</span>\" => \"<span class=sf-dump-str title=\"3 characters\">CLP</span>\"
    \"<span class=sf-dump-key>iso2</span>\" => \"<span class=sf-dump-str title=\"2 characters\">CL</span>\"
    \"<span class=sf-dump-key>status</span>\" => \"<span class=sf-dump-str title=\"6 characters\">active</span>\"
    \"<span class=sf-dump-key>created_at</span>\" => \"<span class=sf-dump-str title=\"27 characters\">2024-09-28T21:19:48.000000Z</span>\"
    \"<span class=sf-dump-key>updated_at</span>\" => \"<span class=sf-dump-str title=\"27 characters\">2024-09-28T21:19:48.000000Z</span>\"
    \"<span class=sf-dump-key>deleted_at</span>\" => <span class=sf-dump-const>null</span>
  </samp>]
  <span class=sf-dump-index>43</span> => <span class=sf-dump-note>array:8</span> [<samp data-depth=2 class=sf-dump-compact>
    \"<span class=sf-dump-key>id</span>\" => <span class=sf-dump-num>44</span>
    \"<span class=sf-dump-key>name</span>\" => \"<span class=sf-dump-str title=\"5 characters\">China</span>\"
    \"<span class=sf-dump-key>currency</span>\" => \"<span class=sf-dump-str title=\"3 characters\">CNY</span>\"
    \"<span class=sf-dump-key>iso2</span>\" => \"<span class=sf-dump-str title=\"2 characters\">CN</span>\"
    \"<span class=sf-dump-key>status</span>\" => \"<span class=sf-dump-str title=\"6 characters\">active</span>\"
    \"<span class=sf-dump-key>created_at</span>\" => \"<span class=sf-dump-str title=\"27 characters\">2024-09-28T21:19:48.000000Z</span>\"
    \"<span class=sf-dump-key>updated_at</span>\" => \"<span class=sf-dump-str title=\"27 characters\">2024-09-28T21:19:48.000000Z</span>\"
    \"<span class=sf-dump-key>deleted_at</span>\" => <span class=sf-dump-const>null</span>
  </samp>]
  <span class=sf-dump-index>44</span> => <span class=sf-dump-note>array:8</span> [<samp data-depth=2 class=sf-dump-compact>
    \"<span class=sf-dump-key>id</span>\" => <span class=sf-dump-num>45</span>
    \"<span class=sf-dump-key>name</span>\" => \"<span class=sf-dump-str title=\"16 characters\">Christmas Island</span>\"
    \"<span class=sf-dump-key>currency</span>\" => \"<span class=sf-dump-str title=\"3 characters\">AUD</span>\"
    \"<span class=sf-dump-key>iso2</span>\" => \"<span class=sf-dump-str title=\"2 characters\">CX</span>\"
    \"<span class=sf-dump-key>status</span>\" => \"<span class=sf-dump-str title=\"6 characters\">active</span>\"
    \"<span class=sf-dump-key>created_at</span>\" => \"<span class=sf-dump-str title=\"27 characters\">2024-09-28T21:19:48.000000Z</span>\"
    \"<span class=sf-dump-key>updated_at</span>\" => \"<span class=sf-dump-str title=\"27 characters\">2024-09-28T21:19:48.000000Z</span>\"
    \"<span class=sf-dump-key>deleted_at</span>\" => <span class=sf-dump-const>null</span>
  </samp>]
  <span class=sf-dump-index>45</span> => <span class=sf-dump-note>array:8</span> [<samp data-depth=2 class=sf-dump-compact>
    \"<span class=sf-dump-key>id</span>\" => <span class=sf-dump-num>46</span>
    \"<span class=sf-dump-key>name</span>\" => \"<span class=sf-dump-str title=\"23 characters\">Cocos (Keeling) Islands</span>\"
    \"<span class=sf-dump-key>currency</span>\" => \"<span class=sf-dump-str title=\"3 characters\">AUD</span>\"
    \"<span class=sf-dump-key>iso2</span>\" => \"<span class=sf-dump-str title=\"2 characters\">CC</span>\"
    \"<span class=sf-dump-key>status</span>\" => \"<span class=sf-dump-str title=\"6 characters\">active</span>\"
    \"<span class=sf-dump-key>created_at</span>\" => \"<span class=sf-dump-str title=\"27 characters\">2024-09-28T21:19:48.000000Z</span>\"
    \"<span class=sf-dump-key>updated_at</span>\" => \"<span class=sf-dump-str title=\"27 characters\">2024-09-28T21:19:48.000000Z</span>\"
    \"<span class=sf-dump-key>deleted_at</span>\" => <span class=sf-dump-const>null</span>
  </samp>]
  <span class=sf-dump-index>46</span> => <span class=sf-dump-note>array:8</span> [<samp data-depth=2 class=sf-dump-compact>
    \"<span class=sf-dump-key>id</span>\" => <span class=sf-dump-num>47</span>
    \"<span class=sf-dump-key>name</span>\" => \"<span class=sf-dump-str title=\"8 characters\">Colombia</span>\"
    \"<span class=sf-dump-key>currency</span>\" => \"<span class=sf-dump-str title=\"3 characters\">COP</span>\"
    \"<span class=sf-dump-key>iso2</span>\" => \"<span class=sf-dump-str title=\"2 characters\">CO</span>\"
    \"<span class=sf-dump-key>status</span>\" => \"<span class=sf-dump-str title=\"6 characters\">active</span>\"
    \"<span class=sf-dump-key>created_at</span>\" => \"<span class=sf-dump-str title=\"27 characters\">2024-09-28T21:19:48.000000Z</span>\"
    \"<span class=sf-dump-key>updated_at</span>\" => \"<span class=sf-dump-str title=\"27 characters\">2024-09-28T21:19:48.000000Z</span>\"
    \"<span class=sf-dump-key>deleted_at</span>\" => <span class=sf-dump-const>null</span>
  </samp>]
  <span class=sf-dump-index>47</span> => <span class=sf-dump-note>array:8</span> [<samp data-depth=2 class=sf-dump-compact>
    \"<span class=sf-dump-key>id</span>\" => <span class=sf-dump-num>48</span>
    \"<span class=sf-dump-key>name</span>\" => \"<span class=sf-dump-str title=\"7 characters\">Comoros</span>\"
    \"<span class=sf-dump-key>currency</span>\" => \"<span class=sf-dump-str title=\"3 characters\">KMF</span>\"
    \"<span class=sf-dump-key>iso2</span>\" => \"<span class=sf-dump-str title=\"2 characters\">KM</span>\"
    \"<span class=sf-dump-key>status</span>\" => \"<span class=sf-dump-str title=\"6 characters\">active</span>\"
    \"<span class=sf-dump-key>created_at</span>\" => \"<span class=sf-dump-str title=\"27 characters\">2024-09-28T21:19:48.000000Z</span>\"
    \"<span class=sf-dump-key>updated_at</span>\" => \"<span class=sf-dump-str title=\"27 characters\">2024-09-28T21:19:48.000000Z</span>\"
    \"<span class=sf-dump-key>deleted_at</span>\" => <span class=sf-dump-const>null</span>
  </samp>]
  <span class=sf-dump-index>48</span> => <span class=sf-dump-note>array:8</span> [<samp data-depth=2 class=sf-dump-compact>
    \"<span class=sf-dump-key>id</span>\" => <span class=sf-dump-num>49</span>
    \"<span class=sf-dump-key>name</span>\" => \"<span class=sf-dump-str title=\"5 characters\">Congo</span>\"
    \"<span class=sf-dump-key>currency</span>\" => \"<span class=sf-dump-str title=\"3 characters\">XAF</span>\"
    \"<span class=sf-dump-key>iso2</span>\" => \"<span class=sf-dump-str title=\"2 characters\">CG</span>\"
    \"<span class=sf-dump-key>status</span>\" => \"<span class=sf-dump-str title=\"6 characters\">active</span>\"
    \"<span class=sf-dump-key>created_at</span>\" => \"<span class=sf-dump-str title=\"27 characters\">2024-09-28T21:19:48.000000Z</span>\"
    \"<span class=sf-dump-key>updated_at</span>\" => \"<span class=sf-dump-str title=\"27 characters\">2024-09-28T21:19:48.000000Z</span>\"
    \"<span class=sf-dump-key>deleted_at</span>\" => <span class=sf-dump-const>null</span>
  </samp>]
  <span class=sf-dump-index>49</span> => <span class=sf-dump-note>array:8</span> [<samp data-depth=2 class=sf-dump-compact>
    \"<span class=sf-dump-key>id</span>\" => <span class=sf-dump-num>51</span>
    \"<span class=sf-dump-key>name</span>\" => \"<span class=sf-dump-str title=\"12 characters\">Cook Islands</span>\"
    \"<span class=sf-dump-key>currency</span>\" => \"<span class=sf-dump-str title=\"3 characters\">NZD</span>\"
    \"<span class=sf-dump-key>iso2</span>\" => \"<span class=sf-dump-str title=\"2 characters\">CK</span>\"
    \"<span class=sf-dump-key>status</span>\" => \"<span class=sf-dump-str title=\"6 characters\">active</span>\"
    \"<span class=sf-dump-key>created_at</span>\" => \"<span class=sf-dump-str title=\"27 characters\">2024-09-28T21:19:48.000000Z</span>\"
    \"<span class=sf-dump-key>updated_at</span>\" => \"<span class=sf-dump-str title=\"27 characters\">2024-09-28T21:19:48.000000Z</span>\"
    \"<span class=sf-dump-key>deleted_at</span>\" => <span class=sf-dump-const>null</span>
  </samp>]
  <span class=sf-dump-index>50</span> => <span class=sf-dump-note>array:8</span> [<samp data-depth=2 class=sf-dump-compact>
    \"<span class=sf-dump-key>id</span>\" => <span class=sf-dump-num>52</span>
    \"<span class=sf-dump-key>name</span>\" => \"<span class=sf-dump-str title=\"10 characters\">Costa Rica</span>\"
    \"<span class=sf-dump-key>currency</span>\" => \"<span class=sf-dump-str title=\"3 characters\">CRC</span>\"
    \"<span class=sf-dump-key>iso2</span>\" => \"<span class=sf-dump-str title=\"2 characters\">CR</span>\"
    \"<span class=sf-dump-key>status</span>\" => \"<span class=sf-dump-str title=\"6 characters\">active</span>\"
    \"<span class=sf-dump-key>created_at</span>\" => \"<span class=sf-dump-str title=\"27 characters\">2024-09-28T21:19:48.000000Z</span>\"
    \"<span class=sf-dump-key>updated_at</span>\" => \"<span class=sf-dump-str title=\"27 characters\">2024-09-28T21:19:48.000000Z</span>\"
    \"<span class=sf-dump-key>deleted_at</span>\" => <span class=sf-dump-const>null</span>
  </samp>]
  <span class=sf-dump-index>51</span> => <span class=sf-dump-note>array:8</span> [<samp data-depth=2 class=sf-dump-compact>
    \"<span class=sf-dump-key>id</span>\" => <span class=sf-dump-num>53</span>
    \"<span class=sf-dump-key>name</span>\" => \"<span class=sf-dump-str title=\"27 characters\">Cote D&#039;Ivoire (Ivory Coast)</span>\"
    \"<span class=sf-dump-key>currency</span>\" => \"<span class=sf-dump-str title=\"3 characters\">XOF</span>\"
    \"<span class=sf-dump-key>iso2</span>\" => \"<span class=sf-dump-str title=\"2 characters\">CI</span>\"
    \"<span class=sf-dump-key>status</span>\" => \"<span class=sf-dump-str title=\"6 characters\">active</span>\"
    \"<span class=sf-dump-key>created_at</span>\" => \"<span class=sf-dump-str title=\"27 characters\">2024-09-28T21:19:48.000000Z</span>\"
    \"<span class=sf-dump-key>updated_at</span>\" => \"<span class=sf-dump-str title=\"27 characters\">2024-09-28T21:19:48.000000Z</span>\"
    \"<span class=sf-dump-key>deleted_at</span>\" => <span class=sf-dump-const>null</span>
  </samp>]
  <span class=sf-dump-index>52</span> => <span class=sf-dump-note>array:8</span> [<samp data-depth=2 class=sf-dump-compact>
    \"<span class=sf-dump-key>id</span>\" => <span class=sf-dump-num>54</span>
    \"<span class=sf-dump-key>name</span>\" => \"<span class=sf-dump-str title=\"18 characters\">Croatia (Hrvatska)</span>\"
    \"<span class=sf-dump-key>currency</span>\" => \"<span class=sf-dump-str title=\"3 characters\">HRK</span>\"
    \"<span class=sf-dump-key>iso2</span>\" => \"<span class=sf-dump-str title=\"2 characters\">HR</span>\"
    \"<span class=sf-dump-key>status</span>\" => \"<span class=sf-dump-str title=\"6 characters\">active</span>\"
    \"<span class=sf-dump-key>created_at</span>\" => \"<span class=sf-dump-str title=\"27 characters\">2024-09-28T21:19:48.000000Z</span>\"
    \"<span class=sf-dump-key>updated_at</span>\" => \"<span class=sf-dump-str title=\"27 characters\">2024-09-28T21:19:48.000000Z</span>\"
    \"<span class=sf-dump-key>deleted_at</span>\" => <span class=sf-dump-const>null</span>
  </samp>]
  <span class=sf-dump-index>53</span> => <span class=sf-dump-note>array:8</span> [<samp data-depth=2 class=sf-dump-compact>
    \"<span class=sf-dump-key>id</span>\" => <span class=sf-dump-num>55</span>
    \"<span class=sf-dump-key>name</span>\" => \"<span class=sf-dump-str title=\"4 characters\">Cuba</span>\"
    \"<span class=sf-dump-key>currency</span>\" => \"<span class=sf-dump-str title=\"3 characters\">CUP</span>\"
    \"<span class=sf-dump-key>iso2</span>\" => \"<span class=sf-dump-str title=\"2 characters\">CU</span>\"
    \"<span class=sf-dump-key>status</span>\" => \"<span class=sf-dump-str title=\"6 characters\">active</span>\"
    \"<span class=sf-dump-key>created_at</span>\" => \"<span class=sf-dump-str title=\"27 characters\">2024-09-28T21:19:48.000000Z</span>\"
    \"<span class=sf-dump-key>updated_at</span>\" => \"<span class=sf-dump-str title=\"27 characters\">2024-09-28T21:19:48.000000Z</span>\"
    \"<span class=sf-dump-key>deleted_at</span>\" => <span class=sf-dump-const>null</span>
  </samp>]
  <span class=sf-dump-index>54</span> => <span class=sf-dump-note>array:8</span> [<samp data-depth=2 class=sf-dump-compact>
    \"<span class=sf-dump-key>id</span>\" => <span class=sf-dump-num>56</span>
    \"<span class=sf-dump-key>name</span>\" => \"<span class=sf-dump-str title=\"6 characters\">Cyprus</span>\"
    \"<span class=sf-dump-key>currency</span>\" => \"<span class=sf-dump-str title=\"3 characters\">EUR</span>\"
    \"<span class=sf-dump-key>iso2</span>\" => \"<span class=sf-dump-str title=\"2 characters\">CY</span>\"
    \"<span class=sf-dump-key>status</span>\" => \"<span class=sf-dump-str title=\"6 characters\">active</span>\"
    \"<span class=sf-dump-key>created_at</span>\" => \"<span class=sf-dump-str title=\"27 characters\">2024-09-28T21:19:48.000000Z</span>\"
    \"<span class=sf-dump-key>updated_at</span>\" => \"<span class=sf-dump-str title=\"27 characters\">2024-09-28T21:19:48.000000Z</span>\"
    \"<span class=sf-dump-key>deleted_at</span>\" => <span class=sf-dump-const>null</span>
  </samp>]
  <span class=sf-dump-index>55</span> => <span class=sf-dump-note>array:8</span> [<samp data-depth=2 class=sf-dump-compact>
    \"<span class=sf-dump-key>id</span>\" => <span class=sf-dump-num>57</span>
    \"<span class=sf-dump-key>name</span>\" => \"<span class=sf-dump-str title=\"14 characters\">Czech Republic</span>\"
    \"<span class=sf-dump-key>currency</span>\" => \"<span class=sf-dump-str title=\"3 characters\">CZK</span>\"
    \"<span class=sf-dump-key>iso2</span>\" => \"<span class=sf-dump-str title=\"2 characters\">CZ</span>\"
    \"<span class=sf-dump-key>status</span>\" => \"<span class=sf-dump-str title=\"6 characters\">active</span>\"
    \"<span class=sf-dump-key>created_at</span>\" => \"<span class=sf-dump-str title=\"27 characters\">2024-09-28T21:19:48.000000Z</span>\"
    \"<span class=sf-dump-key>updated_at</span>\" => \"<span class=sf-dump-str title=\"27 characters\">2024-09-28T21:19:48.000000Z</span>\"
    \"<span class=sf-dump-key>deleted_at</span>\" => <span class=sf-dump-const>null</span>
  </samp>]
  <span class=sf-dump-index>56</span> => <span class=sf-dump-note>array:8</span> [<samp data-depth=2 class=sf-dump-compact>
    \"<span class=sf-dump-key>id</span>\" => <span class=sf-dump-num>50</span>
    \"<span class=sf-dump-key>name</span>\" => \"<span class=sf-dump-str title=\"32 characters\">Democratic Republic of the Congo</span>\"
    \"<span class=sf-dump-key>currency</span>\" => \"<span class=sf-dump-str title=\"3 characters\">CDF</span>\"
    \"<span class=sf-dump-key>iso2</span>\" => \"<span class=sf-dump-str title=\"2 characters\">CD</span>\"
    \"<span class=sf-dump-key>status</span>\" => \"<span class=sf-dump-str title=\"6 characters\">active</span>\"
    \"<span class=sf-dump-key>created_at</span>\" => \"<span class=sf-dump-str title=\"27 characters\">2024-09-28T21:19:48.000000Z</span>\"
    \"<span class=sf-dump-key>updated_at</span>\" => \"<span class=sf-dump-str title=\"27 characters\">2024-09-28T21:19:48.000000Z</span>\"
    \"<span class=sf-dump-key>deleted_at</span>\" => <span class=sf-dump-const>null</span>
  </samp>]
  <span class=sf-dump-index>57</span> => <span class=sf-dump-note>array:8</span> [<samp data-depth=2 class=sf-dump-compact>
    \"<span class=sf-dump-key>id</span>\" => <span class=sf-dump-num>58</span>
    \"<span class=sf-dump-key>name</span>\" => \"<span class=sf-dump-str title=\"7 characters\">Denmark</span>\"
    \"<span class=sf-dump-key>currency</span>\" => \"<span class=sf-dump-str title=\"3 characters\">DKK</span>\"
    \"<span class=sf-dump-key>iso2</span>\" => \"<span class=sf-dump-str title=\"2 characters\">DK</span>\"
    \"<span class=sf-dump-key>status</span>\" => \"<span class=sf-dump-str title=\"6 characters\">active</span>\"
    \"<span class=sf-dump-key>created_at</span>\" => \"<span class=sf-dump-str title=\"27 characters\">2024-09-28T21:19:48.000000Z</span>\"
    \"<span class=sf-dump-key>updated_at</span>\" => \"<span class=sf-dump-str title=\"27 characters\">2024-09-28T21:19:48.000000Z</span>\"
    \"<span class=sf-dump-key>deleted_at</span>\" => <span class=sf-dump-const>null</span>
  </samp>]
  <span class=sf-dump-index>58</span> => <span class=sf-dump-note>array:8</span> [<samp data-depth=2 class=sf-dump-compact>
    \"<span class=sf-dump-key>id</span>\" => <span class=sf-dump-num>59</span>
    \"<span class=sf-dump-key>name</span>\" => \"<span class=sf-dump-str title=\"8 characters\">Djibouti</span>\"
    \"<span class=sf-dump-key>currency</span>\" => \"<span class=sf-dump-str title=\"3 characters\">DJF</span>\"
    \"<span class=sf-dump-key>iso2</span>\" => \"<span class=sf-dump-str title=\"2 characters\">DJ</span>\"
    \"<span class=sf-dump-key>status</span>\" => \"<span class=sf-dump-str title=\"6 characters\">active</span>\"
    \"<span class=sf-dump-key>created_at</span>\" => \"<span class=sf-dump-str title=\"27 characters\">2024-09-28T21:19:48.000000Z</span>\"
    \"<span class=sf-dump-key>updated_at</span>\" => \"<span class=sf-dump-str title=\"27 characters\">2024-09-28T21:19:48.000000Z</span>\"
    \"<span class=sf-dump-key>deleted_at</span>\" => <span class=sf-dump-const>null</span>
  </samp>]
  <span class=sf-dump-index>59</span> => <span class=sf-dump-note>array:8</span> [<samp data-depth=2 class=sf-dump-compact>
    \"<span class=sf-dump-key>id</span>\" => <span class=sf-dump-num>60</span>
    \"<span class=sf-dump-key>name</span>\" => \"<span class=sf-dump-str title=\"8 characters\">Dominica</span>\"
    \"<span class=sf-dump-key>currency</span>\" => \"<span class=sf-dump-str title=\"3 characters\">XCD</span>\"
    \"<span class=sf-dump-key>iso2</span>\" => \"<span class=sf-dump-str title=\"2 characters\">DM</span>\"
    \"<span class=sf-dump-key>status</span>\" => \"<span class=sf-dump-str title=\"6 characters\">active</span>\"
    \"<span class=sf-dump-key>created_at</span>\" => \"<span class=sf-dump-str title=\"27 characters\">2024-09-28T21:19:48.000000Z</span>\"
    \"<span class=sf-dump-key>updated_at</span>\" => \"<span class=sf-dump-str title=\"27 characters\">2024-09-28T21:19:48.000000Z</span>\"
    \"<span class=sf-dump-key>deleted_at</span>\" => <span class=sf-dump-const>null</span>
  </samp>]
  <span class=sf-dump-index>60</span> => <span class=sf-dump-note>array:8</span> [<samp data-depth=2 class=sf-dump-compact>
    \"<span class=sf-dump-key>id</span>\" => <span class=sf-dump-num>61</span>
    \"<span class=sf-dump-key>name</span>\" => \"<span class=sf-dump-str title=\"18 characters\">Dominican Republic</span>\"
    \"<span class=sf-dump-key>currency</span>\" => \"<span class=sf-dump-str title=\"3 characters\">DOP</span>\"
    \"<span class=sf-dump-key>iso2</span>\" => \"<span class=sf-dump-str title=\"2 characters\">DO</span>\"
    \"<span class=sf-dump-key>status</span>\" => \"<span class=sf-dump-str title=\"6 characters\">active</span>\"
    \"<span class=sf-dump-key>created_at</span>\" => \"<span class=sf-dump-str title=\"27 characters\">2024-09-28T21:19:48.000000Z</span>\"
    \"<span class=sf-dump-key>updated_at</span>\" => \"<span class=sf-dump-str title=\"27 characters\">2024-09-28T21:19:48.000000Z</span>\"
    \"<span class=sf-dump-key>deleted_at</span>\" => <span class=sf-dump-const>null</span>
  </samp>]
  <span class=sf-dump-index>61</span> => <span class=sf-dump-note>array:8</span> [<samp data-depth=2 class=sf-dump-compact>
    \"<span class=sf-dump-key>id</span>\" => <span class=sf-dump-num>62</span>
    \"<span class=sf-dump-key>name</span>\" => \"<span class=sf-dump-str title=\"10 characters\">East Timor</span>\"
    \"<span class=sf-dump-key>currency</span>\" => \"<span class=sf-dump-str title=\"3 characters\">USD</span>\"
    \"<span class=sf-dump-key>iso2</span>\" => \"<span class=sf-dump-str title=\"2 characters\">TL</span>\"
    \"<span class=sf-dump-key>status</span>\" => \"<span class=sf-dump-str title=\"6 characters\">active</span>\"
    \"<span class=sf-dump-key>created_at</span>\" => \"<span class=sf-dump-str title=\"27 characters\">2024-09-28T21:19:48.000000Z</span>\"
    \"<span class=sf-dump-key>updated_at</span>\" => \"<span class=sf-dump-str title=\"27 characters\">2024-09-28T21:19:48.000000Z</span>\"
    \"<span class=sf-dump-key>deleted_at</span>\" => <span class=sf-dump-const>null</span>
  </samp>]
  <span class=sf-dump-index>62</span> => <span class=sf-dump-note>array:8</span> [<samp data-depth=2 class=sf-dump-compact>
    \"<span class=sf-dump-key>id</span>\" => <span class=sf-dump-num>63</span>
    \"<span class=sf-dump-key>name</span>\" => \"<span class=sf-dump-str title=\"7 characters\">Ecuador</span>\"
    \"<span class=sf-dump-key>currency</span>\" => \"<span class=sf-dump-str title=\"3 characters\">USD</span>\"
    \"<span class=sf-dump-key>iso2</span>\" => \"<span class=sf-dump-str title=\"2 characters\">EC</span>\"
    \"<span class=sf-dump-key>status</span>\" => \"<span class=sf-dump-str title=\"6 characters\">active</span>\"
    \"<span class=sf-dump-key>created_at</span>\" => \"<span class=sf-dump-str title=\"27 characters\">2024-09-28T21:19:48.000000Z</span>\"
    \"<span class=sf-dump-key>updated_at</span>\" => \"<span class=sf-dump-str title=\"27 characters\">2024-09-28T21:19:48.000000Z</span>\"
    \"<span class=sf-dump-key>deleted_at</span>\" => <span class=sf-dump-const>null</span>
  </samp>]
  <span class=sf-dump-index>63</span> => <span class=sf-dump-note>array:8</span> [<samp data-depth=2 class=sf-dump-compact>
    \"<span class=sf-dump-key>id</span>\" => <span class=sf-dump-num>64</span>
    \"<span class=sf-dump-key>name</span>\" => \"<span class=sf-dump-str title=\"5 characters\">Egypt</span>\"
    \"<span class=sf-dump-key>currency</span>\" => \"<span class=sf-dump-str title=\"3 characters\">EGP</span>\"
    \"<span class=sf-dump-key>iso2</span>\" => \"<span class=sf-dump-str title=\"2 characters\">EG</span>\"
    \"<span class=sf-dump-key>status</span>\" => \"<span class=sf-dump-str title=\"6 characters\">active</span>\"
    \"<span class=sf-dump-key>created_at</span>\" => \"<span class=sf-dump-str title=\"27 characters\">2024-09-28T21:19:48.000000Z</span>\"
    \"<span class=sf-dump-key>updated_at</span>\" => \"<span class=sf-dump-str title=\"27 characters\">2024-09-28T21:19:48.000000Z</span>\"
    \"<span class=sf-dump-key>deleted_at</span>\" => <span class=sf-dump-const>null</span>
  </samp>]
  <span class=sf-dump-index>64</span> => <span class=sf-dump-note>array:8</span> [<samp data-depth=2 class=sf-dump-compact>
    \"<span class=sf-dump-key>id</span>\" => <span class=sf-dump-num>65</span>
    \"<span class=sf-dump-key>name</span>\" => \"<span class=sf-dump-str title=\"11 characters\">El Salvador</span>\"
    \"<span class=sf-dump-key>currency</span>\" => \"<span class=sf-dump-str title=\"3 characters\">USD</span>\"
    \"<span class=sf-dump-key>iso2</span>\" => \"<span class=sf-dump-str title=\"2 characters\">SV</span>\"
    \"<span class=sf-dump-key>status</span>\" => \"<span class=sf-dump-str title=\"6 characters\">active</span>\"
    \"<span class=sf-dump-key>created_at</span>\" => \"<span class=sf-dump-str title=\"27 characters\">2024-09-28T21:19:48.000000Z</span>\"
    \"<span class=sf-dump-key>updated_at</span>\" => \"<span class=sf-dump-str title=\"27 characters\">2024-09-28T21:19:48.000000Z</span>\"
    \"<span class=sf-dump-key>deleted_at</span>\" => <span class=sf-dump-const>null</span>
  </samp>]
  <span class=sf-dump-index>65</span> => <span class=sf-dump-note>array:8</span> [<samp data-depth=2 class=sf-dump-compact>
    \"<span class=sf-dump-key>id</span>\" => <span class=sf-dump-num>66</span>
    \"<span class=sf-dump-key>name</span>\" => \"<span class=sf-dump-str title=\"17 characters\">Equatorial Guinea</span>\"
    \"<span class=sf-dump-key>currency</span>\" => \"<span class=sf-dump-str title=\"3 characters\">XAF</span>\"
    \"<span class=sf-dump-key>iso2</span>\" => \"<span class=sf-dump-str title=\"2 characters\">GQ</span>\"
    \"<span class=sf-dump-key>status</span>\" => \"<span class=sf-dump-str title=\"6 characters\">active</span>\"
    \"<span class=sf-dump-key>created_at</span>\" => \"<span class=sf-dump-str title=\"27 characters\">2024-09-28T21:19:48.000000Z</span>\"
    \"<span class=sf-dump-key>updated_at</span>\" => \"<span class=sf-dump-str title=\"27 characters\">2024-09-28T21:19:48.000000Z</span>\"
    \"<span class=sf-dump-key>deleted_at</span>\" => <span class=sf-dump-const>null</span>
  </samp>]
  <span class=sf-dump-index>66</span> => <span class=sf-dump-note>array:8</span> [<samp data-depth=2 class=sf-dump-compact>
    \"<span class=sf-dump-key>id</span>\" => <span class=sf-dump-num>67</span>
    \"<span class=sf-dump-key>name</span>\" => \"<span class=sf-dump-str title=\"7 characters\">Eritrea</span>\"
    \"<span class=sf-dump-key>currency</span>\" => \"<span class=sf-dump-str title=\"3 characters\">ERN</span>\"
    \"<span class=sf-dump-key>iso2</span>\" => \"<span class=sf-dump-str title=\"2 characters\">ER</span>\"
    \"<span class=sf-dump-key>status</span>\" => \"<span class=sf-dump-str title=\"6 characters\">active</span>\"
    \"<span class=sf-dump-key>created_at</span>\" => \"<span class=sf-dump-str title=\"27 characters\">2024-09-28T21:19:48.000000Z</span>\"
    \"<span class=sf-dump-key>updated_at</span>\" => \"<span class=sf-dump-str title=\"27 characters\">2024-09-28T21:19:48.000000Z</span>\"
    \"<span class=sf-dump-key>deleted_at</span>\" => <span class=sf-dump-const>null</span>
  </samp>]
  <span class=sf-dump-index>67</span> => <span class=sf-dump-note>array:8</span> [<samp data-depth=2 class=sf-dump-compact>
    \"<span class=sf-dump-key>id</span>\" => <span class=sf-dump-num>68</span>
    \"<span class=sf-dump-key>name</span>\" => \"<span class=sf-dump-str title=\"7 characters\">Estonia</span>\"
    \"<span class=sf-dump-key>currency</span>\" => \"<span class=sf-dump-str title=\"3 characters\">EUR</span>\"
    \"<span class=sf-dump-key>iso2</span>\" => \"<span class=sf-dump-str title=\"2 characters\">EE</span>\"
    \"<span class=sf-dump-key>status</span>\" => \"<span class=sf-dump-str title=\"6 characters\">active</span>\"
    \"<span class=sf-dump-key>created_at</span>\" => \"<span class=sf-dump-str title=\"27 characters\">2024-09-28T21:19:48.000000Z</span>\"
    \"<span class=sf-dump-key>updated_at</span>\" => \"<span class=sf-dump-str title=\"27 characters\">2024-09-28T21:19:48.000000Z</span>\"
    \"<span class=sf-dump-key>deleted_at</span>\" => <span class=sf-dump-const>null</span>
  </samp>]
  <span class=sf-dump-index>68</span> => <span class=sf-dump-note>array:8</span> [<samp data-depth=2 class=sf-dump-compact>
    \"<span class=sf-dump-key>id</span>\" => <span class=sf-dump-num>69</span>
    \"<span class=sf-dump-key>name</span>\" => \"<span class=sf-dump-str title=\"8 characters\">Ethiopia</span>\"
    \"<span class=sf-dump-key>currency</span>\" => \"<span class=sf-dump-str title=\"3 characters\">ETB</span>\"
    \"<span class=sf-dump-key>iso2</span>\" => \"<span class=sf-dump-str title=\"2 characters\">ET</span>\"
    \"<span class=sf-dump-key>status</span>\" => \"<span class=sf-dump-str title=\"6 characters\">active</span>\"
    \"<span class=sf-dump-key>created_at</span>\" => \"<span class=sf-dump-str title=\"27 characters\">2024-09-28T21:19:48.000000Z</span>\"
    \"<span class=sf-dump-key>updated_at</span>\" => \"<span class=sf-dump-str title=\"27 characters\">2024-09-28T21:19:48.000000Z</span>\"
    \"<span class=sf-dump-key>deleted_at</span>\" => <span class=sf-dump-const>null</span>
  </samp>]
  <span class=sf-dump-index>69</span> => <span class=sf-dump-note>array:8</span> [<samp data-depth=2 class=sf-dump-compact>
    \"<span class=sf-dump-key>id</span>\" => <span class=sf-dump-num>70</span>
    \"<span class=sf-dump-key>name</span>\" => \"<span class=sf-dump-str title=\"33 characters\">External Territories of Australia</span>\"
    \"<span class=sf-dump-key>currency</span>\" => \"\"
    \"<span class=sf-dump-key>iso2</span>\" => \"\"
    \"<span class=sf-dump-key>status</span>\" => \"<span class=sf-dump-str title=\"6 characters\">active</span>\"
    \"<span class=sf-dump-key>created_at</span>\" => \"<span class=sf-dump-str title=\"27 characters\">2024-09-28T21:19:48.000000Z</span>\"
    \"<span class=sf-dump-key>updated_at</span>\" => \"<span class=sf-dump-str title=\"27 characters\">2024-09-28T21:19:48.000000Z</span>\"
    \"<span class=sf-dump-key>deleted_at</span>\" => <span class=sf-dump-const>null</span>
  </samp>]
  <span class=sf-dump-index>70</span> => <span class=sf-dump-note>array:8</span> [<samp data-depth=2 class=sf-dump-compact>
    \"<span class=sf-dump-key>id</span>\" => <span class=sf-dump-num>71</span>
    \"<span class=sf-dump-key>name</span>\" => \"<span class=sf-dump-str title=\"16 characters\">Falkland Islands</span>\"
    \"<span class=sf-dump-key>currency</span>\" => \"<span class=sf-dump-str title=\"3 characters\">FKP</span>\"
    \"<span class=sf-dump-key>iso2</span>\" => \"<span class=sf-dump-str title=\"2 characters\">FK</span>\"
    \"<span class=sf-dump-key>status</span>\" => \"<span class=sf-dump-str title=\"6 characters\">active</span>\"
    \"<span class=sf-dump-key>created_at</span>\" => \"<span class=sf-dump-str title=\"27 characters\">2024-09-28T21:19:48.000000Z</span>\"
    \"<span class=sf-dump-key>updated_at</span>\" => \"<span class=sf-dump-str title=\"27 characters\">2024-09-28T21:19:48.000000Z</span>\"
    \"<span class=sf-dump-key>deleted_at</span>\" => <span class=sf-dump-const>null</span>
  </samp>]
  <span class=sf-dump-index>71</span> => <span class=sf-dump-note>array:8</span> [<samp data-depth=2 class=sf-dump-compact>
    \"<span class=sf-dump-key>id</span>\" => <span class=sf-dump-num>72</span>
    \"<span class=sf-dump-key>name</span>\" => \"<span class=sf-dump-str title=\"13 characters\">Faroe Islands</span>\"
    \"<span class=sf-dump-key>currency</span>\" => \"<span class=sf-dump-str title=\"3 characters\">DKK</span>\"
    \"<span class=sf-dump-key>iso2</span>\" => \"<span class=sf-dump-str title=\"2 characters\">FO</span>\"
    \"<span class=sf-dump-key>status</span>\" => \"<span class=sf-dump-str title=\"6 characters\">active</span>\"
    \"<span class=sf-dump-key>created_at</span>\" => \"<span class=sf-dump-str title=\"27 characters\">2024-09-28T21:19:48.000000Z</span>\"
    \"<span class=sf-dump-key>updated_at</span>\" => \"<span class=sf-dump-str title=\"27 characters\">2024-09-28T21:19:48.000000Z</span>\"
    \"<span class=sf-dump-key>deleted_at</span>\" => <span class=sf-dump-const>null</span>
  </samp>]
  <span class=sf-dump-index>72</span> => <span class=sf-dump-note>array:8</span> [<samp data-depth=2 class=sf-dump-compact>
    \"<span class=sf-dump-key>id</span>\" => <span class=sf-dump-num>73</span>
    \"<span class=sf-dump-key>name</span>\" => \"<span class=sf-dump-str title=\"12 characters\">Fiji Islands</span>\"
    \"<span class=sf-dump-key>currency</span>\" => \"<span class=sf-dump-str title=\"3 characters\">FJD</span>\"
    \"<span class=sf-dump-key>iso2</span>\" => \"<span class=sf-dump-str title=\"2 characters\">FJ</span>\"
    \"<span class=sf-dump-key>status</span>\" => \"<span class=sf-dump-str title=\"6 characters\">active</span>\"
    \"<span class=sf-dump-key>created_at</span>\" => \"<span class=sf-dump-str title=\"27 characters\">2024-09-28T21:19:48.000000Z</span>\"
    \"<span class=sf-dump-key>updated_at</span>\" => \"<span class=sf-dump-str title=\"27 characters\">2024-09-28T21:19:48.000000Z</span>\"
    \"<span class=sf-dump-key>deleted_at</span>\" => <span class=sf-dump-const>null</span>
  </samp>]
  <span class=sf-dump-index>73</span> => <span class=sf-dump-note>array:8</span> [<samp data-depth=2 class=sf-dump-compact>
    \"<span class=sf-dump-key>id</span>\" => <span class=sf-dump-num>74</span>
    \"<span class=sf-dump-key>name</span>\" => \"<span class=sf-dump-str title=\"7 characters\">Finland</span>\"
    \"<span class=sf-dump-key>currency</span>\" => \"<span class=sf-dump-str title=\"3 characters\">EUR</span>\"
    \"<span class=sf-dump-key>iso2</span>\" => \"<span class=sf-dump-str title=\"2 characters\">FI</span>\"
    \"<span class=sf-dump-key>status</span>\" => \"<span class=sf-dump-str title=\"6 characters\">active</span>\"
    \"<span class=sf-dump-key>created_at</span>\" => \"<span class=sf-dump-str title=\"27 characters\">2024-09-28T21:19:48.000000Z</span>\"
    \"<span class=sf-dump-key>updated_at</span>\" => \"<span class=sf-dump-str title=\"27 characters\">2024-09-28T21:19:48.000000Z</span>\"
    \"<span class=sf-dump-key>deleted_at</span>\" => <span class=sf-dump-const>null</span>
  </samp>]
  <span class=sf-dump-index>74</span> => <span class=sf-dump-note>array:8</span> [<samp data-depth=2 class=sf-dump-compact>
    \"<span class=sf-dump-key>id</span>\" => <span class=sf-dump-num>75</span>
    \"<span class=sf-dump-key>name</span>\" => \"<span class=sf-dump-str title=\"6 characters\">France</span>\"
    \"<span class=sf-dump-key>currency</span>\" => \"<span class=sf-dump-str title=\"3 characters\">EUR</span>\"
    \"<span class=sf-dump-key>iso2</span>\" => \"<span class=sf-dump-str title=\"2 characters\">FR</span>\"
    \"<span class=sf-dump-key>status</span>\" => \"<span class=sf-dump-str title=\"6 characters\">active</span>\"
    \"<span class=sf-dump-key>created_at</span>\" => \"<span class=sf-dump-str title=\"27 characters\">2024-09-28T21:19:48.000000Z</span>\"
    \"<span class=sf-dump-key>updated_at</span>\" => \"<span class=sf-dump-str title=\"27 characters\">2024-09-28T21:19:48.000000Z</span>\"
    \"<span class=sf-dump-key>deleted_at</span>\" => <span class=sf-dump-const>null</span>
  </samp>]
  <span class=sf-dump-index>75</span> => <span class=sf-dump-note>array:8</span> [<samp data-depth=2 class=sf-dump-compact>
    \"<span class=sf-dump-key>id</span>\" => <span class=sf-dump-num>76</span>
    \"<span class=sf-dump-key>name</span>\" => \"<span class=sf-dump-str title=\"13 characters\">French Guiana</span>\"
    \"<span class=sf-dump-key>currency</span>\" => \"<span class=sf-dump-str title=\"3 characters\">EUR</span>\"
    \"<span class=sf-dump-key>iso2</span>\" => \"<span class=sf-dump-str title=\"2 characters\">GF</span>\"
    \"<span class=sf-dump-key>status</span>\" => \"<span class=sf-dump-str title=\"6 characters\">active</span>\"
    \"<span class=sf-dump-key>created_at</span>\" => \"<span class=sf-dump-str title=\"27 characters\">2024-09-28T21:19:48.000000Z</span>\"
    \"<span class=sf-dump-key>updated_at</span>\" => \"<span class=sf-dump-str title=\"27 characters\">2024-09-28T21:19:48.000000Z</span>\"
    \"<span class=sf-dump-key>deleted_at</span>\" => <span class=sf-dump-const>null</span>
  </samp>]
  <span class=sf-dump-index>76</span> => <span class=sf-dump-note>array:8</span> [<samp data-depth=2 class=sf-dump-compact>
    \"<span class=sf-dump-key>id</span>\" => <span class=sf-dump-num>77</span>
    \"<span class=sf-dump-key>name</span>\" => \"<span class=sf-dump-str title=\"16 characters\">French Polynesia</span>\"
    \"<span class=sf-dump-key>currency</span>\" => \"<span class=sf-dump-str title=\"3 characters\">XPF</span>\"
    \"<span class=sf-dump-key>iso2</span>\" => \"<span class=sf-dump-str title=\"2 characters\">PF</span>\"
    \"<span class=sf-dump-key>status</span>\" => \"<span class=sf-dump-str title=\"6 characters\">active</span>\"
    \"<span class=sf-dump-key>created_at</span>\" => \"<span class=sf-dump-str title=\"27 characters\">2024-09-28T21:19:48.000000Z</span>\"
    \"<span class=sf-dump-key>updated_at</span>\" => \"<span class=sf-dump-str title=\"27 characters\">2024-09-28T21:19:48.000000Z</span>\"
    \"<span class=sf-dump-key>deleted_at</span>\" => <span class=sf-dump-const>null</span>
  </samp>]
  <span class=sf-dump-index>77</span> => <span class=sf-dump-note>array:8</span> [<samp data-depth=2 class=sf-dump-compact>
    \"<span class=sf-dump-key>id</span>\" => <span class=sf-dump-num>78</span>
    \"<span class=sf-dump-key>name</span>\" => \"<span class=sf-dump-str title=\"27 characters\">French Southern Territories</span>\"
    \"<span class=sf-dump-key>currency</span>\" => \"<span class=sf-dump-str title=\"3 characters\">EUR</span>\"
    \"<span class=sf-dump-key>iso2</span>\" => \"<span class=sf-dump-str title=\"2 characters\">TF</span>\"
    \"<span class=sf-dump-key>status</span>\" => \"<span class=sf-dump-str title=\"6 characters\">active</span>\"
    \"<span class=sf-dump-key>created_at</span>\" => \"<span class=sf-dump-str title=\"27 characters\">2024-09-28T21:19:48.000000Z</span>\"
    \"<span class=sf-dump-key>updated_at</span>\" => \"<span class=sf-dump-str title=\"27 characters\">2024-09-28T21:19:48.000000Z</span>\"
    \"<span class=sf-dump-key>deleted_at</span>\" => <span class=sf-dump-const>null</span>
  </samp>]
  <span class=sf-dump-index>78</span> => <span class=sf-dump-note>array:8</span> [<samp data-depth=2 class=sf-dump-compact>
    \"<span class=sf-dump-key>id</span>\" => <span class=sf-dump-num>79</span>
    \"<span class=sf-dump-key>name</span>\" => \"<span class=sf-dump-str title=\"5 characters\">Gabon</span>\"
    \"<span class=sf-dump-key>currency</span>\" => \"<span class=sf-dump-str title=\"3 characters\">XAF</span>\"
    \"<span class=sf-dump-key>iso2</span>\" => \"<span class=sf-dump-str title=\"2 characters\">GA</span>\"
    \"<span class=sf-dump-key>status</span>\" => \"<span class=sf-dump-str title=\"6 characters\">active</span>\"
    \"<span class=sf-dump-key>created_at</span>\" => \"<span class=sf-dump-str title=\"27 characters\">2024-09-28T21:19:48.000000Z</span>\"
    \"<span class=sf-dump-key>updated_at</span>\" => \"<span class=sf-dump-str title=\"27 characters\">2024-09-28T21:19:48.000000Z</span>\"
    \"<span class=sf-dump-key>deleted_at</span>\" => <span class=sf-dump-const>null</span>
  </samp>]
  <span class=sf-dump-index>79</span> => <span class=sf-dump-note>array:8</span> [<samp data-depth=2 class=sf-dump-compact>
    \"<span class=sf-dump-key>id</span>\" => <span class=sf-dump-num>80</span>
    \"<span class=sf-dump-key>name</span>\" => \"<span class=sf-dump-str title=\"10 characters\">Gambia the</span>\"
    \"<span class=sf-dump-key>currency</span>\" => \"<span class=sf-dump-str title=\"3 characters\">GMD</span>\"
    \"<span class=sf-dump-key>iso2</span>\" => \"<span class=sf-dump-str title=\"2 characters\">GM</span>\"
    \"<span class=sf-dump-key>status</span>\" => \"<span class=sf-dump-str title=\"6 characters\">active</span>\"
    \"<span class=sf-dump-key>created_at</span>\" => \"<span class=sf-dump-str title=\"27 characters\">2024-09-28T21:19:48.000000Z</span>\"
    \"<span class=sf-dump-key>updated_at</span>\" => \"<span class=sf-dump-str title=\"27 characters\">2024-09-28T21:19:48.000000Z</span>\"
    \"<span class=sf-dump-key>deleted_at</span>\" => <span class=sf-dump-const>null</span>
  </samp>]
  <span class=sf-dump-index>80</span> => <span class=sf-dump-note>array:8</span> [<samp data-depth=2 class=sf-dump-compact>
    \"<span class=sf-dump-key>id</span>\" => <span class=sf-dump-num>81</span>
    \"<span class=sf-dump-key>name</span>\" => \"<span class=sf-dump-str title=\"7 characters\">Georgia</span>\"
    \"<span class=sf-dump-key>currency</span>\" => \"<span class=sf-dump-str title=\"3 characters\">GEL</span>\"
    \"<span class=sf-dump-key>iso2</span>\" => \"<span class=sf-dump-str title=\"2 characters\">GE</span>\"
    \"<span class=sf-dump-key>status</span>\" => \"<span class=sf-dump-str title=\"6 characters\">active</span>\"
    \"<span class=sf-dump-key>created_at</span>\" => \"<span class=sf-dump-str title=\"27 characters\">2024-09-28T21:19:48.000000Z</span>\"
    \"<span class=sf-dump-key>updated_at</span>\" => \"<span class=sf-dump-str title=\"27 characters\">2024-09-28T21:19:48.000000Z</span>\"
    \"<span class=sf-dump-key>deleted_at</span>\" => <span class=sf-dump-const>null</span>
  </samp>]
  <span class=sf-dump-index>81</span> => <span class=sf-dump-note>array:8</span> [<samp data-depth=2 class=sf-dump-compact>
    \"<span class=sf-dump-key>id</span>\" => <span class=sf-dump-num>82</span>
    \"<span class=sf-dump-key>name</span>\" => \"<span class=sf-dump-str title=\"7 characters\">Germany</span>\"
    \"<span class=sf-dump-key>currency</span>\" => \"<span class=sf-dump-str title=\"3 characters\">EUR</span>\"
    \"<span class=sf-dump-key>iso2</span>\" => \"<span class=sf-dump-str title=\"2 characters\">DE</span>\"
    \"<span class=sf-dump-key>status</span>\" => \"<span class=sf-dump-str title=\"6 characters\">active</span>\"
    \"<span class=sf-dump-key>created_at</span>\" => \"<span class=sf-dump-str title=\"27 characters\">2024-09-28T21:19:48.000000Z</span>\"
    \"<span class=sf-dump-key>updated_at</span>\" => \"<span class=sf-dump-str title=\"27 characters\">2024-09-28T21:19:48.000000Z</span>\"
    \"<span class=sf-dump-key>deleted_at</span>\" => <span class=sf-dump-const>null</span>
  </samp>]
  <span class=sf-dump-index>82</span> => <span class=sf-dump-note>array:8</span> [<samp data-depth=2 class=sf-dump-compact>
    \"<span class=sf-dump-key>id</span>\" => <span class=sf-dump-num>83</span>
    \"<span class=sf-dump-key>name</span>\" => \"<span class=sf-dump-str title=\"5 characters\">Ghana</span>\"
    \"<span class=sf-dump-key>currency</span>\" => \"<span class=sf-dump-str title=\"3 characters\">GHS</span>\"
    \"<span class=sf-dump-key>iso2</span>\" => \"<span class=sf-dump-str title=\"2 characters\">GH</span>\"
    \"<span class=sf-dump-key>status</span>\" => \"<span class=sf-dump-str title=\"6 characters\">active</span>\"
    \"<span class=sf-dump-key>created_at</span>\" => \"<span class=sf-dump-str title=\"27 characters\">2024-09-28T21:19:48.000000Z</span>\"
    \"<span class=sf-dump-key>updated_at</span>\" => \"<span class=sf-dump-str title=\"27 characters\">2024-09-28T21:19:48.000000Z</span>\"
    \"<span class=sf-dump-key>deleted_at</span>\" => <span class=sf-dump-const>null</span>
  </samp>]
  <span class=sf-dump-index>83</span> => <span class=sf-dump-note>array:8</span> [<samp data-depth=2 class=sf-dump-compact>
    \"<span class=sf-dump-key>id</span>\" => <span class=sf-dump-num>84</span>
    \"<span class=sf-dump-key>name</span>\" => \"<span class=sf-dump-str title=\"9 characters\">Gibraltar</span>\"
    \"<span class=sf-dump-key>currency</span>\" => \"<span class=sf-dump-str title=\"3 characters\">GIP</span>\"
    \"<span class=sf-dump-key>iso2</span>\" => \"<span class=sf-dump-str title=\"2 characters\">GI</span>\"
    \"<span class=sf-dump-key>status</span>\" => \"<span class=sf-dump-str title=\"6 characters\">active</span>\"
    \"<span class=sf-dump-key>created_at</span>\" => \"<span class=sf-dump-str title=\"27 characters\">2024-09-28T21:19:48.000000Z</span>\"
    \"<span class=sf-dump-key>updated_at</span>\" => \"<span class=sf-dump-str title=\"27 characters\">2024-09-28T21:19:48.000000Z</span>\"
    \"<span class=sf-dump-key>deleted_at</span>\" => <span class=sf-dump-const>null</span>
  </samp>]
  <span class=sf-dump-index>84</span> => <span class=sf-dump-note>array:8</span> [<samp data-depth=2 class=sf-dump-compact>
    \"<span class=sf-dump-key>id</span>\" => <span class=sf-dump-num>85</span>
    \"<span class=sf-dump-key>name</span>\" => \"<span class=sf-dump-str title=\"6 characters\">Greece</span>\"
    \"<span class=sf-dump-key>currency</span>\" => \"<span class=sf-dump-str title=\"3 characters\">EUR</span>\"
    \"<span class=sf-dump-key>iso2</span>\" => \"<span class=sf-dump-str title=\"2 characters\">GR</span>\"
    \"<span class=sf-dump-key>status</span>\" => \"<span class=sf-dump-str title=\"6 characters\">active</span>\"
    \"<span class=sf-dump-key>created_at</span>\" => \"<span class=sf-dump-str title=\"27 characters\">2024-09-28T21:19:48.000000Z</span>\"
    \"<span class=sf-dump-key>updated_at</span>\" => \"<span class=sf-dump-str title=\"27 characters\">2024-09-28T21:19:48.000000Z</span>\"
    \"<span class=sf-dump-key>deleted_at</span>\" => <span class=sf-dump-const>null</span>
  </samp>]
  <span class=sf-dump-index>85</span> => <span class=sf-dump-note>array:8</span> [<samp data-depth=2 class=sf-dump-compact>
    \"<span class=sf-dump-key>id</span>\" => <span class=sf-dump-num>86</span>
    \"<span class=sf-dump-key>name</span>\" => \"<span class=sf-dump-str title=\"9 characters\">Greenland</span>\"
    \"<span class=sf-dump-key>currency</span>\" => \"<span class=sf-dump-str title=\"3 characters\">DKK</span>\"
    \"<span class=sf-dump-key>iso2</span>\" => \"<span class=sf-dump-str title=\"2 characters\">GL</span>\"
    \"<span class=sf-dump-key>status</span>\" => \"<span class=sf-dump-str title=\"6 characters\">active</span>\"
    \"<span class=sf-dump-key>created_at</span>\" => \"<span class=sf-dump-str title=\"27 characters\">2024-09-28T21:19:48.000000Z</span>\"
    \"<span class=sf-dump-key>updated_at</span>\" => \"<span class=sf-dump-str title=\"27 characters\">2024-09-28T21:19:48.000000Z</span>\"
    \"<span class=sf-dump-key>deleted_at</span>\" => <span class=sf-dump-const>null</span>
  </samp>]
  <span class=sf-dump-index>86</span> => <span class=sf-dump-note>array:8</span> [<samp data-depth=2 class=sf-dump-compact>
    \"<span class=sf-dump-key>id</span>\" => <span class=sf-dump-num>87</span>
    \"<span class=sf-dump-key>name</span>\" => \"<span class=sf-dump-str title=\"7 characters\">Grenada</span>\"
    \"<span class=sf-dump-key>currency</span>\" => \"<span class=sf-dump-str title=\"3 characters\">XCD</span>\"
    \"<span class=sf-dump-key>iso2</span>\" => \"<span class=sf-dump-str title=\"2 characters\">GD</span>\"
    \"<span class=sf-dump-key>status</span>\" => \"<span class=sf-dump-str title=\"6 characters\">active</span>\"
    \"<span class=sf-dump-key>created_at</span>\" => \"<span class=sf-dump-str title=\"27 characters\">2024-09-28T21:19:48.000000Z</span>\"
    \"<span class=sf-dump-key>updated_at</span>\" => \"<span class=sf-dump-str title=\"27 characters\">2024-09-28T21:19:48.000000Z</span>\"
    \"<span class=sf-dump-key>deleted_at</span>\" => <span class=sf-dump-const>null</span>
  </samp>]
  <span class=sf-dump-index>87</span> => <span class=sf-dump-note>array:8</span> [<samp data-depth=2 class=sf-dump-compact>
    \"<span class=sf-dump-key>id</span>\" => <span class=sf-dump-num>88</span>
    \"<span class=sf-dump-key>name</span>\" => \"<span class=sf-dump-str title=\"10 characters\">Guadeloupe</span>\"
    \"<span class=sf-dump-key>currency</span>\" => \"<span class=sf-dump-str title=\"3 characters\">EUR</span>\"
    \"<span class=sf-dump-key>iso2</span>\" => \"<span class=sf-dump-str title=\"2 characters\">GP</span>\"
    \"<span class=sf-dump-key>status</span>\" => \"<span class=sf-dump-str title=\"6 characters\">active</span>\"
    \"<span class=sf-dump-key>created_at</span>\" => \"<span class=sf-dump-str title=\"27 characters\">2024-09-28T21:19:48.000000Z</span>\"
    \"<span class=sf-dump-key>updated_at</span>\" => \"<span class=sf-dump-str title=\"27 characters\">2024-09-28T21:19:48.000000Z</span>\"
    \"<span class=sf-dump-key>deleted_at</span>\" => <span class=sf-dump-const>null</span>
  </samp>]
  <span class=sf-dump-index>88</span> => <span class=sf-dump-note>array:8</span> [<samp data-depth=2 class=sf-dump-compact>
    \"<span class=sf-dump-key>id</span>\" => <span class=sf-dump-num>89</span>
    \"<span class=sf-dump-key>name</span>\" => \"<span class=sf-dump-str title=\"4 characters\">Guam</span>\"
    \"<span class=sf-dump-key>currency</span>\" => \"<span class=sf-dump-str title=\"3 characters\">USD</span>\"
    \"<span class=sf-dump-key>iso2</span>\" => \"<span class=sf-dump-str title=\"2 characters\">GU</span>\"
    \"<span class=sf-dump-key>status</span>\" => \"<span class=sf-dump-str title=\"6 characters\">active</span>\"
    \"<span class=sf-dump-key>created_at</span>\" => \"<span class=sf-dump-str title=\"27 characters\">2024-09-28T21:19:48.000000Z</span>\"
    \"<span class=sf-dump-key>updated_at</span>\" => \"<span class=sf-dump-str title=\"27 characters\">2024-09-28T21:19:48.000000Z</span>\"
    \"<span class=sf-dump-key>deleted_at</span>\" => <span class=sf-dump-const>null</span>
  </samp>]
  <span class=sf-dump-index>89</span> => <span class=sf-dump-note>array:8</span> [<samp data-depth=2 class=sf-dump-compact>
    \"<span class=sf-dump-key>id</span>\" => <span class=sf-dump-num>90</span>
    \"<span class=sf-dump-key>name</span>\" => \"<span class=sf-dump-str title=\"9 characters\">Guatemala</span>\"
    \"<span class=sf-dump-key>currency</span>\" => \"<span class=sf-dump-str title=\"3 characters\">GTQ</span>\"
    \"<span class=sf-dump-key>iso2</span>\" => \"<span class=sf-dump-str title=\"2 characters\">GT</span>\"
    \"<span class=sf-dump-key>status</span>\" => \"<span class=sf-dump-str title=\"6 characters\">active</span>\"
    \"<span class=sf-dump-key>created_at</span>\" => \"<span class=sf-dump-str title=\"27 characters\">2024-09-28T21:19:48.000000Z</span>\"
    \"<span class=sf-dump-key>updated_at</span>\" => \"<span class=sf-dump-str title=\"27 characters\">2024-09-28T21:19:48.000000Z</span>\"
    \"<span class=sf-dump-key>deleted_at</span>\" => <span class=sf-dump-const>null</span>
  </samp>]
  <span class=sf-dump-index>90</span> => <span class=sf-dump-note>array:8</span> [<samp data-depth=2 class=sf-dump-compact>
    \"<span class=sf-dump-key>id</span>\" => <span class=sf-dump-num>91</span>
    \"<span class=sf-dump-key>name</span>\" => \"<span class=sf-dump-str title=\"21 characters\">Guernsey and Alderney</span>\"
    \"<span class=sf-dump-key>currency</span>\" => \"<span class=sf-dump-str title=\"3 characters\">GBP</span>\"
    \"<span class=sf-dump-key>iso2</span>\" => \"<span class=sf-dump-str title=\"2 characters\">GG</span>\"
    \"<span class=sf-dump-key>status</span>\" => \"<span class=sf-dump-str title=\"6 characters\">active</span>\"
    \"<span class=sf-dump-key>created_at</span>\" => \"<span class=sf-dump-str title=\"27 characters\">2024-09-28T21:19:48.000000Z</span>\"
    \"<span class=sf-dump-key>updated_at</span>\" => \"<span class=sf-dump-str title=\"27 characters\">2024-09-28T21:19:48.000000Z</span>\"
    \"<span class=sf-dump-key>deleted_at</span>\" => <span class=sf-dump-const>null</span>
  </samp>]
  <span class=sf-dump-index>91</span> => <span class=sf-dump-note>array:8</span> [<samp data-depth=2 class=sf-dump-compact>
    \"<span class=sf-dump-key>id</span>\" => <span class=sf-dump-num>92</span>
    \"<span class=sf-dump-key>name</span>\" => \"<span class=sf-dump-str title=\"6 characters\">Guinea</span>\"
    \"<span class=sf-dump-key>currency</span>\" => \"<span class=sf-dump-str title=\"3 characters\">GNF</span>\"
    \"<span class=sf-dump-key>iso2</span>\" => \"<span class=sf-dump-str title=\"2 characters\">GN</span>\"
    \"<span class=sf-dump-key>status</span>\" => \"<span class=sf-dump-str title=\"6 characters\">active</span>\"
    \"<span class=sf-dump-key>created_at</span>\" => \"<span class=sf-dump-str title=\"27 characters\">2024-09-28T21:19:48.000000Z</span>\"
    \"<span class=sf-dump-key>updated_at</span>\" => \"<span class=sf-dump-str title=\"27 characters\">2024-09-28T21:19:48.000000Z</span>\"
    \"<span class=sf-dump-key>deleted_at</span>\" => <span class=sf-dump-const>null</span>
  </samp>]
  <span class=sf-dump-index>92</span> => <span class=sf-dump-note>array:8</span> [<samp data-depth=2 class=sf-dump-compact>
    \"<span class=sf-dump-key>id</span>\" => <span class=sf-dump-num>93</span>
    \"<span class=sf-dump-key>name</span>\" => \"<span class=sf-dump-str title=\"13 characters\">Guinea-Bissau</span>\"
    \"<span class=sf-dump-key>currency</span>\" => \"<span class=sf-dump-str title=\"3 characters\">XOF</span>\"
    \"<span class=sf-dump-key>iso2</span>\" => \"<span class=sf-dump-str title=\"2 characters\">GW</span>\"
    \"<span class=sf-dump-key>status</span>\" => \"<span class=sf-dump-str title=\"6 characters\">active</span>\"
    \"<span class=sf-dump-key>created_at</span>\" => \"<span class=sf-dump-str title=\"27 characters\">2024-09-28T21:19:48.000000Z</span>\"
    \"<span class=sf-dump-key>updated_at</span>\" => \"<span class=sf-dump-str title=\"27 characters\">2024-09-28T21:19:48.000000Z</span>\"
    \"<span class=sf-dump-key>deleted_at</span>\" => <span class=sf-dump-const>null</span>
  </samp>]
  <span class=sf-dump-index>93</span> => <span class=sf-dump-note>array:8</span> [<samp data-depth=2 class=sf-dump-compact>
    \"<span class=sf-dump-key>id</span>\" => <span class=sf-dump-num>94</span>
    \"<span class=sf-dump-key>name</span>\" => \"<span class=sf-dump-str title=\"6 characters\">Guyana</span>\"
    \"<span class=sf-dump-key>currency</span>\" => \"<span class=sf-dump-str title=\"3 characters\">GYD</span>\"
    \"<span class=sf-dump-key>iso2</span>\" => \"<span class=sf-dump-str title=\"2 characters\">GY</span>\"
    \"<span class=sf-dump-key>status</span>\" => \"<span class=sf-dump-str title=\"6 characters\">active</span>\"
    \"<span class=sf-dump-key>created_at</span>\" => \"<span class=sf-dump-str title=\"27 characters\">2024-09-28T21:19:48.000000Z</span>\"
    \"<span class=sf-dump-key>updated_at</span>\" => \"<span class=sf-dump-str title=\"27 characters\">2024-09-28T21:19:48.000000Z</span>\"
    \"<span class=sf-dump-key>deleted_at</span>\" => <span class=sf-dump-const>null</span>
  </samp>]
  <span class=sf-dump-index>94</span> => <span class=sf-dump-note>array:8</span> [<samp data-depth=2 class=sf-dump-compact>
    \"<span class=sf-dump-key>id</span>\" => <span class=sf-dump-num>95</span>
    \"<span class=sf-dump-key>name</span>\" => \"<span class=sf-dump-str title=\"5 characters\">Haiti</span>\"
    \"<span class=sf-dump-key>currency</span>\" => \"<span class=sf-dump-str title=\"4 characters\">ince</span>\"
    \"<span class=sf-dump-key>iso2</span>\" => \"<span class=sf-dump-str title=\"2 characters\">HT</span>\"
    \"<span class=sf-dump-key>status</span>\" => \"<span class=sf-dump-str title=\"6 characters\">active</span>\"
    \"<span class=sf-dump-key>created_at</span>\" => \"<span class=sf-dump-str title=\"27 characters\">2024-09-28T21:19:48.000000Z</span>\"
    \"<span class=sf-dump-key>updated_at</span>\" => \"<span class=sf-dump-str title=\"27 characters\">2024-09-28T21:19:48.000000Z</span>\"
    \"<span class=sf-dump-key>deleted_at</span>\" => <span class=sf-dump-const>null</span>
  </samp>]
  <span class=sf-dump-index>95</span> => <span class=sf-dump-note>array:8</span> [<samp data-depth=2 class=sf-dump-compact>
    \"<span class=sf-dump-key>id</span>\" => <span class=sf-dump-num>96</span>
    \"<span class=sf-dump-key>name</span>\" => \"<span class=sf-dump-str title=\"26 characters\">Heard and Mcdonald Islands</span>\"
    \"<span class=sf-dump-key>currency</span>\" => \"<span class=sf-dump-str title=\"3 characters\">AUD</span>\"
    \"<span class=sf-dump-key>iso2</span>\" => \"<span class=sf-dump-str title=\"2 characters\">HM</span>\"
    \"<span class=sf-dump-key>status</span>\" => \"<span class=sf-dump-str title=\"6 characters\">active</span>\"
    \"<span class=sf-dump-key>created_at</span>\" => \"<span class=sf-dump-str title=\"27 characters\">2024-09-28T21:19:48.000000Z</span>\"
    \"<span class=sf-dump-key>updated_at</span>\" => \"<span class=sf-dump-str title=\"27 characters\">2024-09-28T21:19:48.000000Z</span>\"
    \"<span class=sf-dump-key>deleted_at</span>\" => <span class=sf-dump-const>null</span>
  </samp>]
  <span class=sf-dump-index>96</span> => <span class=sf-dump-note>array:8</span> [<samp data-depth=2 class=sf-dump-compact>
    \"<span class=sf-dump-key>id</span>\" => <span class=sf-dump-num>97</span>
    \"<span class=sf-dump-key>name</span>\" => \"<span class=sf-dump-str title=\"8 characters\">Honduras</span>\"
    \"<span class=sf-dump-key>currency</span>\" => \"<span class=sf-dump-str title=\"3 characters\">HNL</span>\"
    \"<span class=sf-dump-key>iso2</span>\" => \"<span class=sf-dump-str title=\"2 characters\">HN</span>\"
    \"<span class=sf-dump-key>status</span>\" => \"<span class=sf-dump-str title=\"6 characters\">active</span>\"
    \"<span class=sf-dump-key>created_at</span>\" => \"<span class=sf-dump-str title=\"27 characters\">2024-09-28T21:19:48.000000Z</span>\"
    \"<span class=sf-dump-key>updated_at</span>\" => \"<span class=sf-dump-str title=\"27 characters\">2024-09-28T21:19:48.000000Z</span>\"
    \"<span class=sf-dump-key>deleted_at</span>\" => <span class=sf-dump-const>null</span>
  </samp>]
  <span class=sf-dump-index>97</span> => <span class=sf-dump-note>array:8</span> [<samp data-depth=2 class=sf-dump-compact>
    \"<span class=sf-dump-key>id</span>\" => <span class=sf-dump-num>98</span>
    \"<span class=sf-dump-key>name</span>\" => \"<span class=sf-dump-str title=\"16 characters\">Hong Kong S.A.R.</span>\"
    \"<span class=sf-dump-key>currency</span>\" => \"<span class=sf-dump-str title=\"3 characters\">HKD</span>\"
    \"<span class=sf-dump-key>iso2</span>\" => \"<span class=sf-dump-str title=\"2 characters\">HK</span>\"
    \"<span class=sf-dump-key>status</span>\" => \"<span class=sf-dump-str title=\"6 characters\">active</span>\"
    \"<span class=sf-dump-key>created_at</span>\" => \"<span class=sf-dump-str title=\"27 characters\">2024-09-28T21:19:48.000000Z</span>\"
    \"<span class=sf-dump-key>updated_at</span>\" => \"<span class=sf-dump-str title=\"27 characters\">2024-09-28T21:19:48.000000Z</span>\"
    \"<span class=sf-dump-key>deleted_at</span>\" => <span class=sf-dump-const>null</span>
  </samp>]
  <span class=sf-dump-index>98</span> => <span class=sf-dump-note>array:8</span> [<samp data-depth=2 class=sf-dump-compact>
    \"<span class=sf-dump-key>id</span>\" => <span class=sf-dump-num>99</span>
    \"<span class=sf-dump-key>name</span>\" => \"<span class=sf-dump-str title=\"7 characters\">Hungary</span>\"
    \"<span class=sf-dump-key>currency</span>\" => \"<span class=sf-dump-str title=\"3 characters\">HUF</span>\"
    \"<span class=sf-dump-key>iso2</span>\" => \"<span class=sf-dump-str title=\"2 characters\">HU</span>\"
    \"<span class=sf-dump-key>status</span>\" => \"<span class=sf-dump-str title=\"6 characters\">active</span>\"
    \"<span class=sf-dump-key>created_at</span>\" => \"<span class=sf-dump-str title=\"27 characters\">2024-09-28T21:19:48.000000Z</span>\"
    \"<span class=sf-dump-key>updated_at</span>\" => \"<span class=sf-dump-str title=\"27 characters\">2024-09-28T21:19:48.000000Z</span>\"
    \"<span class=sf-dump-key>deleted_at</span>\" => <span class=sf-dump-const>null</span>
  </samp>]
  <span class=sf-dump-index>99</span> => <span class=sf-dump-note>array:8</span> [<samp data-depth=2 class=sf-dump-compact>
    \"<span class=sf-dump-key>id</span>\" => <span class=sf-dump-num>100</span>
    \"<span class=sf-dump-key>name</span>\" => \"<span class=sf-dump-str title=\"7 characters\">Iceland</span>\"
    \"<span class=sf-dump-key>currency</span>\" => \"<span class=sf-dump-str title=\"3 characters\">ISK</span>\"
    \"<span class=sf-dump-key>iso2</span>\" => \"<span class=sf-dump-str title=\"2 characters\">IS</span>\"
    \"<span class=sf-dump-key>status</span>\" => \"<span class=sf-dump-str title=\"6 characters\">active</span>\"
    \"<span class=sf-dump-key>created_at</span>\" => \"<span class=sf-dump-str title=\"27 characters\">2024-09-28T21:19:48.000000Z</span>\"
    \"<span class=sf-dump-key>updated_at</span>\" => \"<span class=sf-dump-str title=\"27 characters\">2024-09-28T21:19:48.000000Z</span>\"
    \"<span class=sf-dump-key>deleted_at</span>\" => <span class=sf-dump-const>null</span>
  </samp>]
  <span class=sf-dump-index>100</span> => <span class=sf-dump-note>array:8</span> [<samp data-depth=2 class=sf-dump-compact>
    \"<span class=sf-dump-key>id</span>\" => <span class=sf-dump-num>101</span>
    \"<span class=sf-dump-key>name</span>\" => \"<span class=sf-dump-str title=\"5 characters\">India</span>\"
    \"<span class=sf-dump-key>currency</span>\" => \"<span class=sf-dump-str title=\"3 characters\">INR</span>\"
    \"<span class=sf-dump-key>iso2</span>\" => \"<span class=sf-dump-str title=\"2 characters\">IN</span>\"
    \"<span class=sf-dump-key>status</span>\" => \"<span class=sf-dump-str title=\"6 characters\">active</span>\"
    \"<span class=sf-dump-key>created_at</span>\" => \"<span class=sf-dump-str title=\"27 characters\">2024-09-28T21:19:48.000000Z</span>\"
    \"<span class=sf-dump-key>updated_at</span>\" => \"<span class=sf-dump-str title=\"27 characters\">2024-09-28T21:19:48.000000Z</span>\"
    \"<span class=sf-dump-key>deleted_at</span>\" => <span class=sf-dump-const>null</span>
  </samp>]
  <span class=sf-dump-index>101</span> => <span class=sf-dump-note>array:8</span> [<samp data-depth=2 class=sf-dump-compact>
    \"<span class=sf-dump-key>id</span>\" => <span class=sf-dump-num>102</span>
    \"<span class=sf-dump-key>name</span>\" => \"<span class=sf-dump-str title=\"9 characters\">Indonesia</span>\"
    \"<span class=sf-dump-key>currency</span>\" => \"<span class=sf-dump-str title=\"3 characters\">IDR</span>\"
    \"<span class=sf-dump-key>iso2</span>\" => \"<span class=sf-dump-str title=\"2 characters\">ID</span>\"
    \"<span class=sf-dump-key>status</span>\" => \"<span class=sf-dump-str title=\"6 characters\">active</span>\"
    \"<span class=sf-dump-key>created_at</span>\" => \"<span class=sf-dump-str title=\"27 characters\">2024-09-28T21:19:48.000000Z</span>\"
    \"<span class=sf-dump-key>updated_at</span>\" => \"<span class=sf-dump-str title=\"27 characters\">2024-09-28T21:19:48.000000Z</span>\"
    \"<span class=sf-dump-key>deleted_at</span>\" => <span class=sf-dump-const>null</span>
  </samp>]
  <span class=sf-dump-index>102</span> => <span class=sf-dump-note>array:8</span> [<samp data-depth=2 class=sf-dump-compact>
    \"<span class=sf-dump-key>id</span>\" => <span class=sf-dump-num>103</span>
    \"<span class=sf-dump-key>name</span>\" => \"<span class=sf-dump-str title=\"4 characters\">Iran</span>\"
    \"<span class=sf-dump-key>currency</span>\" => \"<span class=sf-dump-str title=\"3 characters\">IRR</span>\"
    \"<span class=sf-dump-key>iso2</span>\" => \"<span class=sf-dump-str title=\"2 characters\">IR</span>\"
    \"<span class=sf-dump-key>status</span>\" => \"<span class=sf-dump-str title=\"6 characters\">active</span>\"
    \"<span class=sf-dump-key>created_at</span>\" => \"<span class=sf-dump-str title=\"27 characters\">2024-09-28T21:19:48.000000Z</span>\"
    \"<span class=sf-dump-key>updated_at</span>\" => \"<span class=sf-dump-str title=\"27 characters\">2024-09-28T21:19:48.000000Z</span>\"
    \"<span class=sf-dump-key>deleted_at</span>\" => <span class=sf-dump-const>null</span>
  </samp>]
  <span class=sf-dump-index>103</span> => <span class=sf-dump-note>array:8</span> [<samp data-depth=2 class=sf-dump-compact>
    \"<span class=sf-dump-key>id</span>\" => <span class=sf-dump-num>104</span>
    \"<span class=sf-dump-key>name</span>\" => \"<span class=sf-dump-str title=\"4 characters\">Iraq</span>\"
    \"<span class=sf-dump-key>currency</span>\" => \"<span class=sf-dump-str title=\"3 characters\">IQD</span>\"
    \"<span class=sf-dump-key>iso2</span>\" => \"<span class=sf-dump-str title=\"2 characters\">IQ</span>\"
    \"<span class=sf-dump-key>status</span>\" => \"<span class=sf-dump-str title=\"6 characters\">active</span>\"
    \"<span class=sf-dump-key>created_at</span>\" => \"<span class=sf-dump-str title=\"27 characters\">2024-09-28T21:19:48.000000Z</span>\"
    \"<span class=sf-dump-key>updated_at</span>\" => \"<span class=sf-dump-str title=\"27 characters\">2024-09-28T21:19:48.000000Z</span>\"
    \"<span class=sf-dump-key>deleted_at</span>\" => <span class=sf-dump-const>null</span>
  </samp>]
  <span class=sf-dump-index>104</span> => <span class=sf-dump-note>array:8</span> [<samp data-depth=2 class=sf-dump-compact>
    \"<span class=sf-dump-key>id</span>\" => <span class=sf-dump-num>105</span>
    \"<span class=sf-dump-key>name</span>\" => \"<span class=sf-dump-str title=\"7 characters\">Ireland</span>\"
    \"<span class=sf-dump-key>currency</span>\" => \"<span class=sf-dump-str title=\"3 characters\">EUR</span>\"
    \"<span class=sf-dump-key>iso2</span>\" => \"<span class=sf-dump-str title=\"2 characters\">IE</span>\"
    \"<span class=sf-dump-key>status</span>\" => \"<span class=sf-dump-str title=\"6 characters\">active</span>\"
    \"<span class=sf-dump-key>created_at</span>\" => \"<span class=sf-dump-str title=\"27 characters\">2024-09-28T21:19:48.000000Z</span>\"
    \"<span class=sf-dump-key>updated_at</span>\" => \"<span class=sf-dump-str title=\"27 characters\">2024-09-28T21:19:48.000000Z</span>\"
    \"<span class=sf-dump-key>deleted_at</span>\" => <span class=sf-dump-const>null</span>
  </samp>]
  <span class=sf-dump-index>105</span> => <span class=sf-dump-note>array:8</span> [<samp data-depth=2 class=sf-dump-compact>
    \"<span class=sf-dump-key>id</span>\" => <span class=sf-dump-num>106</span>
    \"<span class=sf-dump-key>name</span>\" => \"<span class=sf-dump-str title=\"6 characters\">Israel</span>\"
    \"<span class=sf-dump-key>currency</span>\" => \"<span class=sf-dump-str title=\"3 characters\">ILS</span>\"
    \"<span class=sf-dump-key>iso2</span>\" => \"<span class=sf-dump-str title=\"2 characters\">IL</span>\"
    \"<span class=sf-dump-key>status</span>\" => \"<span class=sf-dump-str title=\"6 characters\">active</span>\"
    \"<span class=sf-dump-key>created_at</span>\" => \"<span class=sf-dump-str title=\"27 characters\">2024-09-28T21:19:48.000000Z</span>\"
    \"<span class=sf-dump-key>updated_at</span>\" => \"<span class=sf-dump-str title=\"27 characters\">2024-09-28T21:19:48.000000Z</span>\"
    \"<span class=sf-dump-key>deleted_at</span>\" => <span class=sf-dump-const>null</span>
  </samp>]
  <span class=sf-dump-index>106</span> => <span class=sf-dump-note>array:8</span> [<samp data-depth=2 class=sf-dump-compact>
    \"<span class=sf-dump-key>id</span>\" => <span class=sf-dump-num>107</span>
    \"<span class=sf-dump-key>name</span>\" => \"<span class=sf-dump-str title=\"5 characters\">Italy</span>\"
    \"<span class=sf-dump-key>currency</span>\" => \"<span class=sf-dump-str title=\"3 characters\">EUR</span>\"
    \"<span class=sf-dump-key>iso2</span>\" => \"<span class=sf-dump-str title=\"2 characters\">IT</span>\"
    \"<span class=sf-dump-key>status</span>\" => \"<span class=sf-dump-str title=\"6 characters\">active</span>\"
    \"<span class=sf-dump-key>created_at</span>\" => \"<span class=sf-dump-str title=\"27 characters\">2024-09-28T21:19:48.000000Z</span>\"
    \"<span class=sf-dump-key>updated_at</span>\" => \"<span class=sf-dump-str title=\"27 characters\">2024-09-28T21:19:48.000000Z</span>\"
    \"<span class=sf-dump-key>deleted_at</span>\" => <span class=sf-dump-const>null</span>
  </samp>]
  <span class=sf-dump-index>107</span> => <span class=sf-dump-note>array:8</span> [<samp data-depth=2 class=sf-dump-compact>
    \"<span class=sf-dump-key>id</span>\" => <span class=sf-dump-num>108</span>
    \"<span class=sf-dump-key>name</span>\" => \"<span class=sf-dump-str title=\"7 characters\">Jamaica</span>\"
    \"<span class=sf-dump-key>currency</span>\" => \"<span class=sf-dump-str title=\"3 characters\">JMD</span>\"
    \"<span class=sf-dump-key>iso2</span>\" => \"<span class=sf-dump-str title=\"2 characters\">JM</span>\"
    \"<span class=sf-dump-key>status</span>\" => \"<span class=sf-dump-str title=\"6 characters\">active</span>\"
    \"<span class=sf-dump-key>created_at</span>\" => \"<span class=sf-dump-str title=\"27 characters\">2024-09-28T21:19:48.000000Z</span>\"
    \"<span class=sf-dump-key>updated_at</span>\" => \"<span class=sf-dump-str title=\"27 characters\">2024-09-28T21:19:48.000000Z</span>\"
    \"<span class=sf-dump-key>deleted_at</span>\" => <span class=sf-dump-const>null</span>
  </samp>]
  <span class=sf-dump-index>108</span> => <span class=sf-dump-note>array:8</span> [<samp data-depth=2 class=sf-dump-compact>
    \"<span class=sf-dump-key>id</span>\" => <span class=sf-dump-num>109</span>
    \"<span class=sf-dump-key>name</span>\" => \"<span class=sf-dump-str title=\"5 characters\">Japan</span>\"
    \"<span class=sf-dump-key>currency</span>\" => \"<span class=sf-dump-str title=\"3 characters\">JPY</span>\"
    \"<span class=sf-dump-key>iso2</span>\" => \"<span class=sf-dump-str title=\"2 characters\">JP</span>\"
    \"<span class=sf-dump-key>status</span>\" => \"<span class=sf-dump-str title=\"6 characters\">active</span>\"
    \"<span class=sf-dump-key>created_at</span>\" => \"<span class=sf-dump-str title=\"27 characters\">2024-09-28T21:19:48.000000Z</span>\"
    \"<span class=sf-dump-key>updated_at</span>\" => \"<span class=sf-dump-str title=\"27 characters\">2024-09-28T21:19:48.000000Z</span>\"
    \"<span class=sf-dump-key>deleted_at</span>\" => <span class=sf-dump-const>null</span>
  </samp>]
  <span class=sf-dump-index>109</span> => <span class=sf-dump-note>array:8</span> [<samp data-depth=2 class=sf-dump-compact>
    \"<span class=sf-dump-key>id</span>\" => <span class=sf-dump-num>110</span>
    \"<span class=sf-dump-key>name</span>\" => \"<span class=sf-dump-str title=\"6 characters\">Jersey</span>\"
    \"<span class=sf-dump-key>currency</span>\" => \"<span class=sf-dump-str title=\"3 characters\">GBP</span>\"
    \"<span class=sf-dump-key>iso2</span>\" => \"<span class=sf-dump-str title=\"2 characters\">JE</span>\"
    \"<span class=sf-dump-key>status</span>\" => \"<span class=sf-dump-str title=\"6 characters\">active</span>\"
    \"<span class=sf-dump-key>created_at</span>\" => \"<span class=sf-dump-str title=\"27 characters\">2024-09-28T21:19:48.000000Z</span>\"
    \"<span class=sf-dump-key>updated_at</span>\" => \"<span class=sf-dump-str title=\"27 characters\">2024-09-28T21:19:48.000000Z</span>\"
    \"<span class=sf-dump-key>deleted_at</span>\" => <span class=sf-dump-const>null</span>
  </samp>]
  <span class=sf-dump-index>110</span> => <span class=sf-dump-note>array:8</span> [<samp data-depth=2 class=sf-dump-compact>
    \"<span class=sf-dump-key>id</span>\" => <span class=sf-dump-num>111</span>
    \"<span class=sf-dump-key>name</span>\" => \"<span class=sf-dump-str title=\"6 characters\">Jordan</span>\"
    \"<span class=sf-dump-key>currency</span>\" => \"<span class=sf-dump-str title=\"3 characters\">JOD</span>\"
    \"<span class=sf-dump-key>iso2</span>\" => \"<span class=sf-dump-str title=\"2 characters\">JO</span>\"
    \"<span class=sf-dump-key>status</span>\" => \"<span class=sf-dump-str title=\"6 characters\">active</span>\"
    \"<span class=sf-dump-key>created_at</span>\" => \"<span class=sf-dump-str title=\"27 characters\">2024-09-28T21:19:48.000000Z</span>\"
    \"<span class=sf-dump-key>updated_at</span>\" => \"<span class=sf-dump-str title=\"27 characters\">2024-09-28T21:19:48.000000Z</span>\"
    \"<span class=sf-dump-key>deleted_at</span>\" => <span class=sf-dump-const>null</span>
  </samp>]
  <span class=sf-dump-index>111</span> => <span class=sf-dump-note>array:8</span> [<samp data-depth=2 class=sf-dump-compact>
    \"<span class=sf-dump-key>id</span>\" => <span class=sf-dump-num>112</span>
    \"<span class=sf-dump-key>name</span>\" => \"<span class=sf-dump-str title=\"10 characters\">Kazakhstan</span>\"
    \"<span class=sf-dump-key>currency</span>\" => \"<span class=sf-dump-str title=\"3 characters\">KZT</span>\"
    \"<span class=sf-dump-key>iso2</span>\" => \"<span class=sf-dump-str title=\"2 characters\">KZ</span>\"
    \"<span class=sf-dump-key>status</span>\" => \"<span class=sf-dump-str title=\"6 characters\">active</span>\"
    \"<span class=sf-dump-key>created_at</span>\" => \"<span class=sf-dump-str title=\"27 characters\">2024-09-28T21:19:48.000000Z</span>\"
    \"<span class=sf-dump-key>updated_at</span>\" => \"<span class=sf-dump-str title=\"27 characters\">2024-09-28T21:19:48.000000Z</span>\"
    \"<span class=sf-dump-key>deleted_at</span>\" => <span class=sf-dump-const>null</span>
  </samp>]
  <span class=sf-dump-index>112</span> => <span class=sf-dump-note>array:8</span> [<samp data-depth=2 class=sf-dump-compact>
    \"<span class=sf-dump-key>id</span>\" => <span class=sf-dump-num>113</span>
    \"<span class=sf-dump-key>name</span>\" => \"<span class=sf-dump-str title=\"5 characters\">Kenya</span>\"
    \"<span class=sf-dump-key>currency</span>\" => \"<span class=sf-dump-str title=\"3 characters\">KES</span>\"
    \"<span class=sf-dump-key>iso2</span>\" => \"<span class=sf-dump-str title=\"2 characters\">KE</span>\"
    \"<span class=sf-dump-key>status</span>\" => \"<span class=sf-dump-str title=\"6 characters\">active</span>\"
    \"<span class=sf-dump-key>created_at</span>\" => \"<span class=sf-dump-str title=\"27 characters\">2024-09-28T21:19:48.000000Z</span>\"
    \"<span class=sf-dump-key>updated_at</span>\" => \"<span class=sf-dump-str title=\"27 characters\">2024-09-28T21:19:48.000000Z</span>\"
    \"<span class=sf-dump-key>deleted_at</span>\" => <span class=sf-dump-const>null</span>
  </samp>]
  <span class=sf-dump-index>113</span> => <span class=sf-dump-note>array:8</span> [<samp data-depth=2 class=sf-dump-compact>
    \"<span class=sf-dump-key>id</span>\" => <span class=sf-dump-num>114</span>
    \"<span class=sf-dump-key>name</span>\" => \"<span class=sf-dump-str title=\"8 characters\">Kiribati</span>\"
    \"<span class=sf-dump-key>currency</span>\" => \"<span class=sf-dump-str title=\"3 characters\">AUD</span>\"
    \"<span class=sf-dump-key>iso2</span>\" => \"<span class=sf-dump-str title=\"2 characters\">KI</span>\"
    \"<span class=sf-dump-key>status</span>\" => \"<span class=sf-dump-str title=\"6 characters\">active</span>\"
    \"<span class=sf-dump-key>created_at</span>\" => \"<span class=sf-dump-str title=\"27 characters\">2024-09-28T21:19:48.000000Z</span>\"
    \"<span class=sf-dump-key>updated_at</span>\" => \"<span class=sf-dump-str title=\"27 characters\">2024-09-28T21:19:48.000000Z</span>\"
    \"<span class=sf-dump-key>deleted_at</span>\" => <span class=sf-dump-const>null</span>
  </samp>]
  <span class=sf-dump-index>114</span> => <span class=sf-dump-note>array:8</span> [<samp data-depth=2 class=sf-dump-compact>
    \"<span class=sf-dump-key>id</span>\" => <span class=sf-dump-num>115</span>
    \"<span class=sf-dump-key>name</span>\" => \"<span class=sf-dump-str title=\"11 characters\">Korea North</span>\"
    \"<span class=sf-dump-key>currency</span>\" => \"<span class=sf-dump-str title=\"3 characters\">KPW</span>\"
    \"<span class=sf-dump-key>iso2</span>\" => \"<span class=sf-dump-str title=\"2 characters\">KP</span>\"
    \"<span class=sf-dump-key>status</span>\" => \"<span class=sf-dump-str title=\"6 characters\">active</span>\"
    \"<span class=sf-dump-key>created_at</span>\" => \"<span class=sf-dump-str title=\"27 characters\">2024-09-28T21:19:48.000000Z</span>\"
    \"<span class=sf-dump-key>updated_at</span>\" => \"<span class=sf-dump-str title=\"27 characters\">2024-09-28T21:19:48.000000Z</span>\"
    \"<span class=sf-dump-key>deleted_at</span>\" => <span class=sf-dump-const>null</span>
  </samp>]
  <span class=sf-dump-index>115</span> => <span class=sf-dump-note>array:8</span> [<samp data-depth=2 class=sf-dump-compact>
    \"<span class=sf-dump-key>id</span>\" => <span class=sf-dump-num>116</span>
    \"<span class=sf-dump-key>name</span>\" => \"<span class=sf-dump-str title=\"11 characters\">Korea South</span>\"
    \"<span class=sf-dump-key>currency</span>\" => \"<span class=sf-dump-str title=\"3 characters\">KRW</span>\"
    \"<span class=sf-dump-key>iso2</span>\" => \"<span class=sf-dump-str title=\"2 characters\">KR</span>\"
    \"<span class=sf-dump-key>status</span>\" => \"<span class=sf-dump-str title=\"6 characters\">active</span>\"
    \"<span class=sf-dump-key>created_at</span>\" => \"<span class=sf-dump-str title=\"27 characters\">2024-09-28T21:19:48.000000Z</span>\"
    \"<span class=sf-dump-key>updated_at</span>\" => \"<span class=sf-dump-str title=\"27 characters\">2024-09-28T21:19:48.000000Z</span>\"
    \"<span class=sf-dump-key>deleted_at</span>\" => <span class=sf-dump-const>null</span>
  </samp>]
  <span class=sf-dump-index>116</span> => <span class=sf-dump-note>array:8</span> [<samp data-depth=2 class=sf-dump-compact>
    \"<span class=sf-dump-key>id</span>\" => <span class=sf-dump-num>117</span>
    \"<span class=sf-dump-key>name</span>\" => \"<span class=sf-dump-str title=\"6 characters\">Kuwait</span>\"
    \"<span class=sf-dump-key>currency</span>\" => \"<span class=sf-dump-str title=\"3 characters\">KWD</span>\"
    \"<span class=sf-dump-key>iso2</span>\" => \"<span class=sf-dump-str title=\"2 characters\">KW</span>\"
    \"<span class=sf-dump-key>status</span>\" => \"<span class=sf-dump-str title=\"6 characters\">active</span>\"
    \"<span class=sf-dump-key>created_at</span>\" => \"<span class=sf-dump-str title=\"27 characters\">2024-09-28T21:19:48.000000Z</span>\"
    \"<span class=sf-dump-key>updated_at</span>\" => \"<span class=sf-dump-str title=\"27 characters\">2024-09-28T21:19:48.000000Z</span>\"
    \"<span class=sf-dump-key>deleted_at</span>\" => <span class=sf-dump-const>null</span>
  </samp>]
  <span class=sf-dump-index>117</span> => <span class=sf-dump-note>array:8</span> [<samp data-depth=2 class=sf-dump-compact>
    \"<span class=sf-dump-key>id</span>\" => <span class=sf-dump-num>118</span>
    \"<span class=sf-dump-key>name</span>\" => \"<span class=sf-dump-str title=\"10 characters\">Kyrgyzstan</span>\"
    \"<span class=sf-dump-key>currency</span>\" => \"<span class=sf-dump-str title=\"3 characters\">KGS</span>\"
    \"<span class=sf-dump-key>iso2</span>\" => \"<span class=sf-dump-str title=\"2 characters\">KG</span>\"
    \"<span class=sf-dump-key>status</span>\" => \"<span class=sf-dump-str title=\"6 characters\">active</span>\"
    \"<span class=sf-dump-key>created_at</span>\" => \"<span class=sf-dump-str title=\"27 characters\">2024-09-28T21:19:48.000000Z</span>\"
    \"<span class=sf-dump-key>updated_at</span>\" => \"<span class=sf-dump-str title=\"27 characters\">2024-09-28T21:19:48.000000Z</span>\"
    \"<span class=sf-dump-key>deleted_at</span>\" => <span class=sf-dump-const>null</span>
  </samp>]
  <span class=sf-dump-index>118</span> => <span class=sf-dump-note>array:8</span> [<samp data-depth=2 class=sf-dump-compact>
    \"<span class=sf-dump-key>id</span>\" => <span class=sf-dump-num>119</span>
    \"<span class=sf-dump-key>name</span>\" => \"<span class=sf-dump-str title=\"4 characters\">Laos</span>\"
    \"<span class=sf-dump-key>currency</span>\" => \"<span class=sf-dump-str title=\"3 characters\">LAK</span>\"
    \"<span class=sf-dump-key>iso2</span>\" => \"<span class=sf-dump-str title=\"2 characters\">LA</span>\"
    \"<span class=sf-dump-key>status</span>\" => \"<span class=sf-dump-str title=\"6 characters\">active</span>\"
    \"<span class=sf-dump-key>created_at</span>\" => \"<span class=sf-dump-str title=\"27 characters\">2024-09-28T21:19:48.000000Z</span>\"
    \"<span class=sf-dump-key>updated_at</span>\" => \"<span class=sf-dump-str title=\"27 characters\">2024-09-28T21:19:48.000000Z</span>\"
    \"<span class=sf-dump-key>deleted_at</span>\" => <span class=sf-dump-const>null</span>
  </samp>]
  <span class=sf-dump-index>119</span> => <span class=sf-dump-note>array:8</span> [<samp data-depth=2 class=sf-dump-compact>
    \"<span class=sf-dump-key>id</span>\" => <span class=sf-dump-num>120</span>
    \"<span class=sf-dump-key>name</span>\" => \"<span class=sf-dump-str title=\"6 characters\">Latvia</span>\"
    \"<span class=sf-dump-key>currency</span>\" => \"<span class=sf-dump-str title=\"3 characters\">EUR</span>\"
    \"<span class=sf-dump-key>iso2</span>\" => \"<span class=sf-dump-str title=\"2 characters\">LV</span>\"
    \"<span class=sf-dump-key>status</span>\" => \"<span class=sf-dump-str title=\"6 characters\">active</span>\"
    \"<span class=sf-dump-key>created_at</span>\" => \"<span class=sf-dump-str title=\"27 characters\">2024-09-28T21:19:48.000000Z</span>\"
    \"<span class=sf-dump-key>updated_at</span>\" => \"<span class=sf-dump-str title=\"27 characters\">2024-09-28T21:19:48.000000Z</span>\"
    \"<span class=sf-dump-key>deleted_at</span>\" => <span class=sf-dump-const>null</span>
  </samp>]
  <span class=sf-dump-index>120</span> => <span class=sf-dump-note>array:8</span> [<samp data-depth=2 class=sf-dump-compact>
    \"<span class=sf-dump-key>id</span>\" => <span class=sf-dump-num>121</span>
    \"<span class=sf-dump-key>name</span>\" => \"<span class=sf-dump-str title=\"7 characters\">Lebanon</span>\"
    \"<span class=sf-dump-key>currency</span>\" => \"<span class=sf-dump-str title=\"3 characters\">LBP</span>\"
    \"<span class=sf-dump-key>iso2</span>\" => \"<span class=sf-dump-str title=\"2 characters\">LB</span>\"
    \"<span class=sf-dump-key>status</span>\" => \"<span class=sf-dump-str title=\"6 characters\">active</span>\"
    \"<span class=sf-dump-key>created_at</span>\" => \"<span class=sf-dump-str title=\"27 characters\">2024-09-28T21:19:48.000000Z</span>\"
    \"<span class=sf-dump-key>updated_at</span>\" => \"<span class=sf-dump-str title=\"27 characters\">2024-09-28T21:19:48.000000Z</span>\"
    \"<span class=sf-dump-key>deleted_at</span>\" => <span class=sf-dump-const>null</span>
  </samp>]
  <span class=sf-dump-index>121</span> => <span class=sf-dump-note>array:8</span> [<samp data-depth=2 class=sf-dump-compact>
    \"<span class=sf-dump-key>id</span>\" => <span class=sf-dump-num>122</span>
    \"<span class=sf-dump-key>name</span>\" => \"<span class=sf-dump-str title=\"7 characters\">Lesotho</span>\"
    \"<span class=sf-dump-key>currency</span>\" => \"<span class=sf-dump-str title=\"3 characters\">LSL</span>\"
    \"<span class=sf-dump-key>iso2</span>\" => \"<span class=sf-dump-str title=\"2 characters\">LS</span>\"
    \"<span class=sf-dump-key>status</span>\" => \"<span class=sf-dump-str title=\"6 characters\">active</span>\"
    \"<span class=sf-dump-key>created_at</span>\" => \"<span class=sf-dump-str title=\"27 characters\">2024-09-28T21:19:48.000000Z</span>\"
    \"<span class=sf-dump-key>updated_at</span>\" => \"<span class=sf-dump-str title=\"27 characters\">2024-09-28T21:19:48.000000Z</span>\"
    \"<span class=sf-dump-key>deleted_at</span>\" => <span class=sf-dump-const>null</span>
  </samp>]
  <span class=sf-dump-index>122</span> => <span class=sf-dump-note>array:8</span> [<samp data-depth=2 class=sf-dump-compact>
    \"<span class=sf-dump-key>id</span>\" => <span class=sf-dump-num>123</span>
    \"<span class=sf-dump-key>name</span>\" => \"<span class=sf-dump-str title=\"7 characters\">Liberia</span>\"
    \"<span class=sf-dump-key>currency</span>\" => \"<span class=sf-dump-str title=\"3 characters\">LRD</span>\"
    \"<span class=sf-dump-key>iso2</span>\" => \"<span class=sf-dump-str title=\"2 characters\">LR</span>\"
    \"<span class=sf-dump-key>status</span>\" => \"<span class=sf-dump-str title=\"6 characters\">active</span>\"
    \"<span class=sf-dump-key>created_at</span>\" => \"<span class=sf-dump-str title=\"27 characters\">2024-09-28T21:19:48.000000Z</span>\"
    \"<span class=sf-dump-key>updated_at</span>\" => \"<span class=sf-dump-str title=\"27 characters\">2024-09-28T21:19:48.000000Z</span>\"
    \"<span class=sf-dump-key>deleted_at</span>\" => <span class=sf-dump-const>null</span>
  </samp>]
  <span class=sf-dump-index>123</span> => <span class=sf-dump-note>array:8</span> [<samp data-depth=2 class=sf-dump-compact>
    \"<span class=sf-dump-key>id</span>\" => <span class=sf-dump-num>124</span>
    \"<span class=sf-dump-key>name</span>\" => \"<span class=sf-dump-str title=\"5 characters\">Libya</span>\"
    \"<span class=sf-dump-key>currency</span>\" => \"<span class=sf-dump-str title=\"3 characters\">LYD</span>\"
    \"<span class=sf-dump-key>iso2</span>\" => \"<span class=sf-dump-str title=\"2 characters\">LY</span>\"
    \"<span class=sf-dump-key>status</span>\" => \"<span class=sf-dump-str title=\"6 characters\">active</span>\"
    \"<span class=sf-dump-key>created_at</span>\" => \"<span class=sf-dump-str title=\"27 characters\">2024-09-28T21:19:48.000000Z</span>\"
    \"<span class=sf-dump-key>updated_at</span>\" => \"<span class=sf-dump-str title=\"27 characters\">2024-09-28T21:19:48.000000Z</span>\"
    \"<span class=sf-dump-key>deleted_at</span>\" => <span class=sf-dump-const>null</span>
  </samp>]
  <span class=sf-dump-index>124</span> => <span class=sf-dump-note>array:8</span> [<samp data-depth=2 class=sf-dump-compact>
    \"<span class=sf-dump-key>id</span>\" => <span class=sf-dump-num>125</span>
    \"<span class=sf-dump-key>name</span>\" => \"<span class=sf-dump-str title=\"13 characters\">Liechtenstein</span>\"
    \"<span class=sf-dump-key>currency</span>\" => \"<span class=sf-dump-str title=\"3 characters\">CHF</span>\"
    \"<span class=sf-dump-key>iso2</span>\" => \"<span class=sf-dump-str title=\"2 characters\">LI</span>\"
    \"<span class=sf-dump-key>status</span>\" => \"<span class=sf-dump-str title=\"6 characters\">active</span>\"
    \"<span class=sf-dump-key>created_at</span>\" => \"<span class=sf-dump-str title=\"27 characters\">2024-09-28T21:19:48.000000Z</span>\"
    \"<span class=sf-dump-key>updated_at</span>\" => \"<span class=sf-dump-str title=\"27 characters\">2024-09-28T21:19:48.000000Z</span>\"
    \"<span class=sf-dump-key>deleted_at</span>\" => <span class=sf-dump-const>null</span>
  </samp>]
  <span class=sf-dump-index>125</span> => <span class=sf-dump-note>array:8</span> [<samp data-depth=2 class=sf-dump-compact>
    \"<span class=sf-dump-key>id</span>\" => <span class=sf-dump-num>126</span>
    \"<span class=sf-dump-key>name</span>\" => \"<span class=sf-dump-str title=\"9 characters\">Lithuania</span>\"
    \"<span class=sf-dump-key>currency</span>\" => \"<span class=sf-dump-str title=\"3 characters\">EUR</span>\"
    \"<span class=sf-dump-key>iso2</span>\" => \"<span class=sf-dump-str title=\"2 characters\">LT</span>\"
    \"<span class=sf-dump-key>status</span>\" => \"<span class=sf-dump-str title=\"6 characters\">active</span>\"
    \"<span class=sf-dump-key>created_at</span>\" => \"<span class=sf-dump-str title=\"27 characters\">2024-09-28T21:19:48.000000Z</span>\"
    \"<span class=sf-dump-key>updated_at</span>\" => \"<span class=sf-dump-str title=\"27 characters\">2024-09-28T21:19:48.000000Z</span>\"
    \"<span class=sf-dump-key>deleted_at</span>\" => <span class=sf-dump-const>null</span>
  </samp>]
  <span class=sf-dump-index>126</span> => <span class=sf-dump-note>array:8</span> [<samp data-depth=2 class=sf-dump-compact>
    \"<span class=sf-dump-key>id</span>\" => <span class=sf-dump-num>127</span>
    \"<span class=sf-dump-key>name</span>\" => \"<span class=sf-dump-str title=\"10 characters\">Luxembourg</span>\"
    \"<span class=sf-dump-key>currency</span>\" => \"<span class=sf-dump-str title=\"3 characters\">EUR</span>\"
    \"<span class=sf-dump-key>iso2</span>\" => \"<span class=sf-dump-str title=\"2 characters\">LU</span>\"
    \"<span class=sf-dump-key>status</span>\" => \"<span class=sf-dump-str title=\"6 characters\">active</span>\"
    \"<span class=sf-dump-key>created_at</span>\" => \"<span class=sf-dump-str title=\"27 characters\">2024-09-28T21:19:48.000000Z</span>\"
    \"<span class=sf-dump-key>updated_at</span>\" => \"<span class=sf-dump-str title=\"27 characters\">2024-09-28T21:19:48.000000Z</span>\"
    \"<span class=sf-dump-key>deleted_at</span>\" => <span class=sf-dump-const>null</span>
  </samp>]
  <span class=sf-dump-index>127</span> => <span class=sf-dump-note>array:8</span> [<samp data-depth=2 class=sf-dump-compact>
    \"<span class=sf-dump-key>id</span>\" => <span class=sf-dump-num>128</span>
    \"<span class=sf-dump-key>name</span>\" => \"<span class=sf-dump-str title=\"12 characters\">Macau S.A.R.</span>\"
    \"<span class=sf-dump-key>currency</span>\" => \"<span class=sf-dump-str title=\"3 characters\">MOP</span>\"
    \"<span class=sf-dump-key>iso2</span>\" => \"<span class=sf-dump-str title=\"2 characters\">MO</span>\"
    \"<span class=sf-dump-key>status</span>\" => \"<span class=sf-dump-str title=\"6 characters\">active</span>\"
    \"<span class=sf-dump-key>created_at</span>\" => \"<span class=sf-dump-str title=\"27 characters\">2024-09-28T21:19:48.000000Z</span>\"
    \"<span class=sf-dump-key>updated_at</span>\" => \"<span class=sf-dump-str title=\"27 characters\">2024-09-28T21:19:48.000000Z</span>\"
    \"<span class=sf-dump-key>deleted_at</span>\" => <span class=sf-dump-const>null</span>
  </samp>]
  <span class=sf-dump-index>128</span> => <span class=sf-dump-note>array:8</span> [<samp data-depth=2 class=sf-dump-compact>
    \"<span class=sf-dump-key>id</span>\" => <span class=sf-dump-num>129</span>
    \"<span class=sf-dump-key>name</span>\" => \"<span class=sf-dump-str title=\"9 characters\">Macedonia</span>\"
    \"<span class=sf-dump-key>currency</span>\" => \"<span class=sf-dump-str title=\"3 characters\">MKD</span>\"
    \"<span class=sf-dump-key>iso2</span>\" => \"<span class=sf-dump-str title=\"2 characters\">MK</span>\"
    \"<span class=sf-dump-key>status</span>\" => \"<span class=sf-dump-str title=\"6 characters\">active</span>\"
    \"<span class=sf-dump-key>created_at</span>\" => \"<span class=sf-dump-str title=\"27 characters\">2024-09-28T21:19:48.000000Z</span>\"
    \"<span class=sf-dump-key>updated_at</span>\" => \"<span class=sf-dump-str title=\"27 characters\">2024-09-28T21:19:48.000000Z</span>\"
    \"<span class=sf-dump-key>deleted_at</span>\" => <span class=sf-dump-const>null</span>
  </samp>]
  <span class=sf-dump-index>129</span> => <span class=sf-dump-note>array:8</span> [<samp data-depth=2 class=sf-dump-compact>
    \"<span class=sf-dump-key>id</span>\" => <span class=sf-dump-num>130</span>
    \"<span class=sf-dump-key>name</span>\" => \"<span class=sf-dump-str title=\"10 characters\">Madagascar</span>\"
    \"<span class=sf-dump-key>currency</span>\" => \"<span class=sf-dump-str title=\"3 characters\">MGA</span>\"
    \"<span class=sf-dump-key>iso2</span>\" => \"<span class=sf-dump-str title=\"2 characters\">MG</span>\"
    \"<span class=sf-dump-key>status</span>\" => \"<span class=sf-dump-str title=\"6 characters\">active</span>\"
    \"<span class=sf-dump-key>created_at</span>\" => \"<span class=sf-dump-str title=\"27 characters\">2024-09-28T21:19:48.000000Z</span>\"
    \"<span class=sf-dump-key>updated_at</span>\" => \"<span class=sf-dump-str title=\"27 characters\">2024-09-28T21:19:48.000000Z</span>\"
    \"<span class=sf-dump-key>deleted_at</span>\" => <span class=sf-dump-const>null</span>
  </samp>]
  <span class=sf-dump-index>130</span> => <span class=sf-dump-note>array:8</span> [<samp data-depth=2 class=sf-dump-compact>
    \"<span class=sf-dump-key>id</span>\" => <span class=sf-dump-num>131</span>
    \"<span class=sf-dump-key>name</span>\" => \"<span class=sf-dump-str title=\"6 characters\">Malawi</span>\"
    \"<span class=sf-dump-key>currency</span>\" => \"<span class=sf-dump-str title=\"3 characters\">MWK</span>\"
    \"<span class=sf-dump-key>iso2</span>\" => \"<span class=sf-dump-str title=\"2 characters\">MW</span>\"
    \"<span class=sf-dump-key>status</span>\" => \"<span class=sf-dump-str title=\"6 characters\">active</span>\"
    \"<span class=sf-dump-key>created_at</span>\" => \"<span class=sf-dump-str title=\"27 characters\">2024-09-28T21:19:48.000000Z</span>\"
    \"<span class=sf-dump-key>updated_at</span>\" => \"<span class=sf-dump-str title=\"27 characters\">2024-09-28T21:19:48.000000Z</span>\"
    \"<span class=sf-dump-key>deleted_at</span>\" => <span class=sf-dump-const>null</span>
  </samp>]
  <span class=sf-dump-index>131</span> => <span class=sf-dump-note>array:8</span> [<samp data-depth=2 class=sf-dump-compact>
    \"<span class=sf-dump-key>id</span>\" => <span class=sf-dump-num>132</span>
    \"<span class=sf-dump-key>name</span>\" => \"<span class=sf-dump-str title=\"8 characters\">Malaysia</span>\"
    \"<span class=sf-dump-key>currency</span>\" => \"<span class=sf-dump-str title=\"3 characters\">MYR</span>\"
    \"<span class=sf-dump-key>iso2</span>\" => \"<span class=sf-dump-str title=\"2 characters\">MY</span>\"
    \"<span class=sf-dump-key>status</span>\" => \"<span class=sf-dump-str title=\"6 characters\">active</span>\"
    \"<span class=sf-dump-key>created_at</span>\" => \"<span class=sf-dump-str title=\"27 characters\">2024-09-28T21:19:48.000000Z</span>\"
    \"<span class=sf-dump-key>updated_at</span>\" => \"<span class=sf-dump-str title=\"27 characters\">2024-09-28T21:19:48.000000Z</span>\"
    \"<span class=sf-dump-key>deleted_at</span>\" => <span class=sf-dump-const>null</span>
  </samp>]
  <span class=sf-dump-index>132</span> => <span class=sf-dump-note>array:8</span> [<samp data-depth=2 class=sf-dump-compact>
    \"<span class=sf-dump-key>id</span>\" => <span class=sf-dump-num>133</span>
    \"<span class=sf-dump-key>name</span>\" => \"<span class=sf-dump-str title=\"8 characters\">Maldives</span>\"
    \"<span class=sf-dump-key>currency</span>\" => \"<span class=sf-dump-str title=\"3 characters\">MVR</span>\"
    \"<span class=sf-dump-key>iso2</span>\" => \"<span class=sf-dump-str title=\"2 characters\">MV</span>\"
    \"<span class=sf-dump-key>status</span>\" => \"<span class=sf-dump-str title=\"6 characters\">active</span>\"
    \"<span class=sf-dump-key>created_at</span>\" => \"<span class=sf-dump-str title=\"27 characters\">2024-09-28T21:19:48.000000Z</span>\"
    \"<span class=sf-dump-key>updated_at</span>\" => \"<span class=sf-dump-str title=\"27 characters\">2024-09-28T21:19:48.000000Z</span>\"
    \"<span class=sf-dump-key>deleted_at</span>\" => <span class=sf-dump-const>null</span>
  </samp>]
  <span class=sf-dump-index>133</span> => <span class=sf-dump-note>array:8</span> [<samp data-depth=2 class=sf-dump-compact>
    \"<span class=sf-dump-key>id</span>\" => <span class=sf-dump-num>134</span>
    \"<span class=sf-dump-key>name</span>\" => \"<span class=sf-dump-str title=\"4 characters\">Mali</span>\"
    \"<span class=sf-dump-key>currency</span>\" => \"<span class=sf-dump-str title=\"3 characters\">XOF</span>\"
    \"<span class=sf-dump-key>iso2</span>\" => \"<span class=sf-dump-str title=\"2 characters\">ML</span>\"
    \"<span class=sf-dump-key>status</span>\" => \"<span class=sf-dump-str title=\"6 characters\">active</span>\"
    \"<span class=sf-dump-key>created_at</span>\" => \"<span class=sf-dump-str title=\"27 characters\">2024-09-28T21:19:48.000000Z</span>\"
    \"<span class=sf-dump-key>updated_at</span>\" => \"<span class=sf-dump-str title=\"27 characters\">2024-09-28T21:19:48.000000Z</span>\"
    \"<span class=sf-dump-key>deleted_at</span>\" => <span class=sf-dump-const>null</span>
  </samp>]
  <span class=sf-dump-index>134</span> => <span class=sf-dump-note>array:8</span> [<samp data-depth=2 class=sf-dump-compact>
    \"<span class=sf-dump-key>id</span>\" => <span class=sf-dump-num>135</span>
    \"<span class=sf-dump-key>name</span>\" => \"<span class=sf-dump-str title=\"5 characters\">Malta</span>\"
    \"<span class=sf-dump-key>currency</span>\" => \"<span class=sf-dump-str title=\"3 characters\">EUR</span>\"
    \"<span class=sf-dump-key>iso2</span>\" => \"<span class=sf-dump-str title=\"2 characters\">MT</span>\"
    \"<span class=sf-dump-key>status</span>\" => \"<span class=sf-dump-str title=\"6 characters\">active</span>\"
    \"<span class=sf-dump-key>created_at</span>\" => \"<span class=sf-dump-str title=\"27 characters\">2024-09-28T21:19:48.000000Z</span>\"
    \"<span class=sf-dump-key>updated_at</span>\" => \"<span class=sf-dump-str title=\"27 characters\">2024-09-28T21:19:48.000000Z</span>\"
    \"<span class=sf-dump-key>deleted_at</span>\" => <span class=sf-dump-const>null</span>
  </samp>]
  <span class=sf-dump-index>135</span> => <span class=sf-dump-note>array:8</span> [<samp data-depth=2 class=sf-dump-compact>
    \"<span class=sf-dump-key>id</span>\" => <span class=sf-dump-num>136</span>
    \"<span class=sf-dump-key>name</span>\" => \"<span class=sf-dump-str title=\"13 characters\">Man (Isle Of)</span>\"
    \"<span class=sf-dump-key>currency</span>\" => \"<span class=sf-dump-str title=\"3 characters\">GBP</span>\"
    \"<span class=sf-dump-key>iso2</span>\" => \"<span class=sf-dump-str title=\"2 characters\">IM</span>\"
    \"<span class=sf-dump-key>status</span>\" => \"<span class=sf-dump-str title=\"6 characters\">active</span>\"
    \"<span class=sf-dump-key>created_at</span>\" => \"<span class=sf-dump-str title=\"27 characters\">2024-09-28T21:19:48.000000Z</span>\"
    \"<span class=sf-dump-key>updated_at</span>\" => \"<span class=sf-dump-str title=\"27 characters\">2024-09-28T21:19:48.000000Z</span>\"
    \"<span class=sf-dump-key>deleted_at</span>\" => <span class=sf-dump-const>null</span>
  </samp>]
  <span class=sf-dump-index>136</span> => <span class=sf-dump-note>array:8</span> [<samp data-depth=2 class=sf-dump-compact>
    \"<span class=sf-dump-key>id</span>\" => <span class=sf-dump-num>137</span>
    \"<span class=sf-dump-key>name</span>\" => \"<span class=sf-dump-str title=\"16 characters\">Marshall Islands</span>\"
    \"<span class=sf-dump-key>currency</span>\" => \"<span class=sf-dump-str title=\"3 characters\">USD</span>\"
    \"<span class=sf-dump-key>iso2</span>\" => \"<span class=sf-dump-str title=\"2 characters\">MH</span>\"
    \"<span class=sf-dump-key>status</span>\" => \"<span class=sf-dump-str title=\"6 characters\">active</span>\"
    \"<span class=sf-dump-key>created_at</span>\" => \"<span class=sf-dump-str title=\"27 characters\">2024-09-28T21:19:48.000000Z</span>\"
    \"<span class=sf-dump-key>updated_at</span>\" => \"<span class=sf-dump-str title=\"27 characters\">2024-09-28T21:19:48.000000Z</span>\"
    \"<span class=sf-dump-key>deleted_at</span>\" => <span class=sf-dump-const>null</span>
  </samp>]
  <span class=sf-dump-index>137</span> => <span class=sf-dump-note>array:8</span> [<samp data-depth=2 class=sf-dump-compact>
    \"<span class=sf-dump-key>id</span>\" => <span class=sf-dump-num>138</span>
    \"<span class=sf-dump-key>name</span>\" => \"<span class=sf-dump-str title=\"10 characters\">Martinique</span>\"
    \"<span class=sf-dump-key>currency</span>\" => \"<span class=sf-dump-str title=\"3 characters\">EUR</span>\"
    \"<span class=sf-dump-key>iso2</span>\" => \"<span class=sf-dump-str title=\"2 characters\">MQ</span>\"
    \"<span class=sf-dump-key>status</span>\" => \"<span class=sf-dump-str title=\"6 characters\">active</span>\"
    \"<span class=sf-dump-key>created_at</span>\" => \"<span class=sf-dump-str title=\"27 characters\">2024-09-28T21:19:48.000000Z</span>\"
    \"<span class=sf-dump-key>updated_at</span>\" => \"<span class=sf-dump-str title=\"27 characters\">2024-09-28T21:19:48.000000Z</span>\"
    \"<span class=sf-dump-key>deleted_at</span>\" => <span class=sf-dump-const>null</span>
  </samp>]
  <span class=sf-dump-index>138</span> => <span class=sf-dump-note>array:8</span> [<samp data-depth=2 class=sf-dump-compact>
    \"<span class=sf-dump-key>id</span>\" => <span class=sf-dump-num>139</span>
    \"<span class=sf-dump-key>name</span>\" => \"<span class=sf-dump-str title=\"10 characters\">Mauritania</span>\"
    \"<span class=sf-dump-key>currency</span>\" => \"<span class=sf-dump-str title=\"3 characters\">MRO</span>\"
    \"<span class=sf-dump-key>iso2</span>\" => \"<span class=sf-dump-str title=\"2 characters\">MR</span>\"
    \"<span class=sf-dump-key>status</span>\" => \"<span class=sf-dump-str title=\"6 characters\">active</span>\"
    \"<span class=sf-dump-key>created_at</span>\" => \"<span class=sf-dump-str title=\"27 characters\">2024-09-28T21:19:48.000000Z</span>\"
    \"<span class=sf-dump-key>updated_at</span>\" => \"<span class=sf-dump-str title=\"27 characters\">2024-09-28T21:19:48.000000Z</span>\"
    \"<span class=sf-dump-key>deleted_at</span>\" => <span class=sf-dump-const>null</span>
  </samp>]
  <span class=sf-dump-index>139</span> => <span class=sf-dump-note>array:8</span> [<samp data-depth=2 class=sf-dump-compact>
    \"<span class=sf-dump-key>id</span>\" => <span class=sf-dump-num>140</span>
    \"<span class=sf-dump-key>name</span>\" => \"<span class=sf-dump-str title=\"9 characters\">Mauritius</span>\"
    \"<span class=sf-dump-key>currency</span>\" => \"<span class=sf-dump-str title=\"3 characters\">MUR</span>\"
    \"<span class=sf-dump-key>iso2</span>\" => \"<span class=sf-dump-str title=\"2 characters\">MU</span>\"
    \"<span class=sf-dump-key>status</span>\" => \"<span class=sf-dump-str title=\"6 characters\">active</span>\"
    \"<span class=sf-dump-key>created_at</span>\" => \"<span class=sf-dump-str title=\"27 characters\">2024-09-28T21:19:48.000000Z</span>\"
    \"<span class=sf-dump-key>updated_at</span>\" => \"<span class=sf-dump-str title=\"27 characters\">2024-09-28T21:19:48.000000Z</span>\"
    \"<span class=sf-dump-key>deleted_at</span>\" => <span class=sf-dump-const>null</span>
  </samp>]
  <span class=sf-dump-index>140</span> => <span class=sf-dump-note>array:8</span> [<samp data-depth=2 class=sf-dump-compact>
    \"<span class=sf-dump-key>id</span>\" => <span class=sf-dump-num>141</span>
    \"<span class=sf-dump-key>name</span>\" => \"<span class=sf-dump-str title=\"7 characters\">Mayotte</span>\"
    \"<span class=sf-dump-key>currency</span>\" => \"<span class=sf-dump-str title=\"3 characters\">EUR</span>\"
    \"<span class=sf-dump-key>iso2</span>\" => \"<span class=sf-dump-str title=\"2 characters\">YT</span>\"
    \"<span class=sf-dump-key>status</span>\" => \"<span class=sf-dump-str title=\"6 characters\">active</span>\"
    \"<span class=sf-dump-key>created_at</span>\" => \"<span class=sf-dump-str title=\"27 characters\">2024-09-28T21:19:48.000000Z</span>\"
    \"<span class=sf-dump-key>updated_at</span>\" => \"<span class=sf-dump-str title=\"27 characters\">2024-09-28T21:19:48.000000Z</span>\"
    \"<span class=sf-dump-key>deleted_at</span>\" => <span class=sf-dump-const>null</span>
  </samp>]
  <span class=sf-dump-index>141</span> => <span class=sf-dump-note>array:8</span> [<samp data-depth=2 class=sf-dump-compact>
    \"<span class=sf-dump-key>id</span>\" => <span class=sf-dump-num>142</span>
    \"<span class=sf-dump-key>name</span>\" => \"<span class=sf-dump-str title=\"6 characters\">Mexico</span>\"
    \"<span class=sf-dump-key>currency</span>\" => \"<span class=sf-dump-str title=\"3 characters\">MXN</span>\"
    \"<span class=sf-dump-key>iso2</span>\" => \"<span class=sf-dump-str title=\"2 characters\">MX</span>\"
    \"<span class=sf-dump-key>status</span>\" => \"<span class=sf-dump-str title=\"6 characters\">active</span>\"
    \"<span class=sf-dump-key>created_at</span>\" => \"<span class=sf-dump-str title=\"27 characters\">2024-09-28T21:19:48.000000Z</span>\"
    \"<span class=sf-dump-key>updated_at</span>\" => \"<span class=sf-dump-str title=\"27 characters\">2024-09-28T21:19:48.000000Z</span>\"
    \"<span class=sf-dump-key>deleted_at</span>\" => <span class=sf-dump-const>null</span>
  </samp>]
  <span class=sf-dump-index>142</span> => <span class=sf-dump-note>array:8</span> [<samp data-depth=2 class=sf-dump-compact>
    \"<span class=sf-dump-key>id</span>\" => <span class=sf-dump-num>143</span>
    \"<span class=sf-dump-key>name</span>\" => \"<span class=sf-dump-str title=\"10 characters\">Micronesia</span>\"
    \"<span class=sf-dump-key>currency</span>\" => \"<span class=sf-dump-str title=\"3 characters\">USD</span>\"
    \"<span class=sf-dump-key>iso2</span>\" => \"<span class=sf-dump-str title=\"2 characters\">FM</span>\"
    \"<span class=sf-dump-key>status</span>\" => \"<span class=sf-dump-str title=\"6 characters\">active</span>\"
    \"<span class=sf-dump-key>created_at</span>\" => \"<span class=sf-dump-str title=\"27 characters\">2024-09-28T21:19:48.000000Z</span>\"
    \"<span class=sf-dump-key>updated_at</span>\" => \"<span class=sf-dump-str title=\"27 characters\">2024-09-28T21:19:48.000000Z</span>\"
    \"<span class=sf-dump-key>deleted_at</span>\" => <span class=sf-dump-const>null</span>
  </samp>]
  <span class=sf-dump-index>143</span> => <span class=sf-dump-note>array:8</span> [<samp data-depth=2 class=sf-dump-compact>
    \"<span class=sf-dump-key>id</span>\" => <span class=sf-dump-num>144</span>
    \"<span class=sf-dump-key>name</span>\" => \"<span class=sf-dump-str title=\"7 characters\">Moldova</span>\"
    \"<span class=sf-dump-key>currency</span>\" => \"<span class=sf-dump-str title=\"3 characters\">MDL</span>\"
    \"<span class=sf-dump-key>iso2</span>\" => \"<span class=sf-dump-str title=\"2 characters\">MD</span>\"
    \"<span class=sf-dump-key>status</span>\" => \"<span class=sf-dump-str title=\"6 characters\">active</span>\"
    \"<span class=sf-dump-key>created_at</span>\" => \"<span class=sf-dump-str title=\"27 characters\">2024-09-28T21:19:48.000000Z</span>\"
    \"<span class=sf-dump-key>updated_at</span>\" => \"<span class=sf-dump-str title=\"27 characters\">2024-09-28T21:19:48.000000Z</span>\"
    \"<span class=sf-dump-key>deleted_at</span>\" => <span class=sf-dump-const>null</span>
  </samp>]
  <span class=sf-dump-index>144</span> => <span class=sf-dump-note>array:8</span> [<samp data-depth=2 class=sf-dump-compact>
    \"<span class=sf-dump-key>id</span>\" => <span class=sf-dump-num>145</span>
    \"<span class=sf-dump-key>name</span>\" => \"<span class=sf-dump-str title=\"6 characters\">Monaco</span>\"
    \"<span class=sf-dump-key>currency</span>\" => \"<span class=sf-dump-str title=\"3 characters\">EUR</span>\"
    \"<span class=sf-dump-key>iso2</span>\" => \"<span class=sf-dump-str title=\"2 characters\">MC</span>\"
    \"<span class=sf-dump-key>status</span>\" => \"<span class=sf-dump-str title=\"6 characters\">active</span>\"
    \"<span class=sf-dump-key>created_at</span>\" => \"<span class=sf-dump-str title=\"27 characters\">2024-09-28T21:19:48.000000Z</span>\"
    \"<span class=sf-dump-key>updated_at</span>\" => \"<span class=sf-dump-str title=\"27 characters\">2024-09-28T21:19:48.000000Z</span>\"
    \"<span class=sf-dump-key>deleted_at</span>\" => <span class=sf-dump-const>null</span>
  </samp>]
  <span class=sf-dump-index>145</span> => <span class=sf-dump-note>array:8</span> [<samp data-depth=2 class=sf-dump-compact>
    \"<span class=sf-dump-key>id</span>\" => <span class=sf-dump-num>146</span>
    \"<span class=sf-dump-key>name</span>\" => \"<span class=sf-dump-str title=\"8 characters\">Mongolia</span>\"
    \"<span class=sf-dump-key>currency</span>\" => \"<span class=sf-dump-str title=\"3 characters\">MNT</span>\"
    \"<span class=sf-dump-key>iso2</span>\" => \"<span class=sf-dump-str title=\"2 characters\">MN</span>\"
    \"<span class=sf-dump-key>status</span>\" => \"<span class=sf-dump-str title=\"6 characters\">active</span>\"
    \"<span class=sf-dump-key>created_at</span>\" => \"<span class=sf-dump-str title=\"27 characters\">2024-09-28T21:19:48.000000Z</span>\"
    \"<span class=sf-dump-key>updated_at</span>\" => \"<span class=sf-dump-str title=\"27 characters\">2024-09-28T21:19:48.000000Z</span>\"
    \"<span class=sf-dump-key>deleted_at</span>\" => <span class=sf-dump-const>null</span>
  </samp>]
  <span class=sf-dump-index>146</span> => <span class=sf-dump-note>array:8</span> [<samp data-depth=2 class=sf-dump-compact>
    \"<span class=sf-dump-key>id</span>\" => <span class=sf-dump-num>147</span>
    \"<span class=sf-dump-key>name</span>\" => \"<span class=sf-dump-str title=\"10 characters\">Montserrat</span>\"
    \"<span class=sf-dump-key>currency</span>\" => \"<span class=sf-dump-str title=\"3 characters\">XCD</span>\"
    \"<span class=sf-dump-key>iso2</span>\" => \"<span class=sf-dump-str title=\"2 characters\">MS</span>\"
    \"<span class=sf-dump-key>status</span>\" => \"<span class=sf-dump-str title=\"6 characters\">active</span>\"
    \"<span class=sf-dump-key>created_at</span>\" => \"<span class=sf-dump-str title=\"27 characters\">2024-09-28T21:19:48.000000Z</span>\"
    \"<span class=sf-dump-key>updated_at</span>\" => \"<span class=sf-dump-str title=\"27 characters\">2024-09-28T21:19:48.000000Z</span>\"
    \"<span class=sf-dump-key>deleted_at</span>\" => <span class=sf-dump-const>null</span>
  </samp>]
  <span class=sf-dump-index>147</span> => <span class=sf-dump-note>array:8</span> [<samp data-depth=2 class=sf-dump-compact>
    \"<span class=sf-dump-key>id</span>\" => <span class=sf-dump-num>148</span>
    \"<span class=sf-dump-key>name</span>\" => \"<span class=sf-dump-str title=\"7 characters\">Morocco</span>\"
    \"<span class=sf-dump-key>currency</span>\" => \"<span class=sf-dump-str title=\"3 characters\">MAD</span>\"
    \"<span class=sf-dump-key>iso2</span>\" => \"<span class=sf-dump-str title=\"2 characters\">MA</span>\"
    \"<span class=sf-dump-key>status</span>\" => \"<span class=sf-dump-str title=\"6 characters\">active</span>\"
    \"<span class=sf-dump-key>created_at</span>\" => \"<span class=sf-dump-str title=\"27 characters\">2024-09-28T21:19:48.000000Z</span>\"
    \"<span class=sf-dump-key>updated_at</span>\" => \"<span class=sf-dump-str title=\"27 characters\">2024-09-28T21:19:48.000000Z</span>\"
    \"<span class=sf-dump-key>deleted_at</span>\" => <span class=sf-dump-const>null</span>
  </samp>]
  <span class=sf-dump-index>148</span> => <span class=sf-dump-note>array:8</span> [<samp data-depth=2 class=sf-dump-compact>
    \"<span class=sf-dump-key>id</span>\" => <span class=sf-dump-num>149</span>
    \"<span class=sf-dump-key>name</span>\" => \"<span class=sf-dump-str title=\"10 characters\">Mozambique</span>\"
    \"<span class=sf-dump-key>currency</span>\" => \"<span class=sf-dump-str title=\"3 characters\">MZN</span>\"
    \"<span class=sf-dump-key>iso2</span>\" => \"<span class=sf-dump-str title=\"2 characters\">MZ</span>\"
    \"<span class=sf-dump-key>status</span>\" => \"<span class=sf-dump-str title=\"6 characters\">active</span>\"
    \"<span class=sf-dump-key>created_at</span>\" => \"<span class=sf-dump-str title=\"27 characters\">2024-09-28T21:19:48.000000Z</span>\"
    \"<span class=sf-dump-key>updated_at</span>\" => \"<span class=sf-dump-str title=\"27 characters\">2024-09-28T21:19:48.000000Z</span>\"
    \"<span class=sf-dump-key>deleted_at</span>\" => <span class=sf-dump-const>null</span>
  </samp>]
  <span class=sf-dump-index>149</span> => <span class=sf-dump-note>array:8</span> [<samp data-depth=2 class=sf-dump-compact>
    \"<span class=sf-dump-key>id</span>\" => <span class=sf-dump-num>150</span>
    \"<span class=sf-dump-key>name</span>\" => \"<span class=sf-dump-str title=\"7 characters\">Myanmar</span>\"
    \"<span class=sf-dump-key>currency</span>\" => \"<span class=sf-dump-str title=\"3 characters\">MMK</span>\"
    \"<span class=sf-dump-key>iso2</span>\" => \"<span class=sf-dump-str title=\"2 characters\">MM</span>\"
    \"<span class=sf-dump-key>status</span>\" => \"<span class=sf-dump-str title=\"6 characters\">active</span>\"
    \"<span class=sf-dump-key>created_at</span>\" => \"<span class=sf-dump-str title=\"27 characters\">2024-09-28T21:19:48.000000Z</span>\"
    \"<span class=sf-dump-key>updated_at</span>\" => \"<span class=sf-dump-str title=\"27 characters\">2024-09-28T21:19:48.000000Z</span>\"
    \"<span class=sf-dump-key>deleted_at</span>\" => <span class=sf-dump-const>null</span>
  </samp>]
  <span class=sf-dump-index>150</span> => <span class=sf-dump-note>array:8</span> [<samp data-depth=2 class=sf-dump-compact>
    \"<span class=sf-dump-key>id</span>\" => <span class=sf-dump-num>151</span>
    \"<span class=sf-dump-key>name</span>\" => \"<span class=sf-dump-str title=\"7 characters\">Namibia</span>\"
    \"<span class=sf-dump-key>currency</span>\" => \"<span class=sf-dump-str title=\"3 characters\">NAD</span>\"
    \"<span class=sf-dump-key>iso2</span>\" => \"<span class=sf-dump-str title=\"2 characters\">NA</span>\"
    \"<span class=sf-dump-key>status</span>\" => \"<span class=sf-dump-str title=\"6 characters\">active</span>\"
    \"<span class=sf-dump-key>created_at</span>\" => \"<span class=sf-dump-str title=\"27 characters\">2024-09-28T21:19:48.000000Z</span>\"
    \"<span class=sf-dump-key>updated_at</span>\" => \"<span class=sf-dump-str title=\"27 characters\">2024-09-28T21:19:48.000000Z</span>\"
    \"<span class=sf-dump-key>deleted_at</span>\" => <span class=sf-dump-const>null</span>
  </samp>]
  <span class=sf-dump-index>151</span> => <span class=sf-dump-note>array:8</span> [<samp data-depth=2 class=sf-dump-compact>
    \"<span class=sf-dump-key>id</span>\" => <span class=sf-dump-num>152</span>
    \"<span class=sf-dump-key>name</span>\" => \"<span class=sf-dump-str title=\"5 characters\">Nauru</span>\"
    \"<span class=sf-dump-key>currency</span>\" => \"<span class=sf-dump-str title=\"3 characters\">AUD</span>\"
    \"<span class=sf-dump-key>iso2</span>\" => \"<span class=sf-dump-str title=\"2 characters\">NR</span>\"
    \"<span class=sf-dump-key>status</span>\" => \"<span class=sf-dump-str title=\"6 characters\">active</span>\"
    \"<span class=sf-dump-key>created_at</span>\" => \"<span class=sf-dump-str title=\"27 characters\">2024-09-28T21:19:48.000000Z</span>\"
    \"<span class=sf-dump-key>updated_at</span>\" => \"<span class=sf-dump-str title=\"27 characters\">2024-09-28T21:19:48.000000Z</span>\"
    \"<span class=sf-dump-key>deleted_at</span>\" => <span class=sf-dump-const>null</span>
  </samp>]
  <span class=sf-dump-index>152</span> => <span class=sf-dump-note>array:8</span> [<samp data-depth=2 class=sf-dump-compact>
    \"<span class=sf-dump-key>id</span>\" => <span class=sf-dump-num>153</span>
    \"<span class=sf-dump-key>name</span>\" => \"<span class=sf-dump-str title=\"5 characters\">Nepal</span>\"
    \"<span class=sf-dump-key>currency</span>\" => \"<span class=sf-dump-str title=\"3 characters\">NPR</span>\"
    \"<span class=sf-dump-key>iso2</span>\" => \"<span class=sf-dump-str title=\"2 characters\">NP</span>\"
    \"<span class=sf-dump-key>status</span>\" => \"<span class=sf-dump-str title=\"6 characters\">active</span>\"
    \"<span class=sf-dump-key>created_at</span>\" => \"<span class=sf-dump-str title=\"27 characters\">2024-09-28T21:19:48.000000Z</span>\"
    \"<span class=sf-dump-key>updated_at</span>\" => \"<span class=sf-dump-str title=\"27 characters\">2024-09-28T21:19:48.000000Z</span>\"
    \"<span class=sf-dump-key>deleted_at</span>\" => <span class=sf-dump-const>null</span>
  </samp>]
  <span class=sf-dump-index>153</span> => <span class=sf-dump-note>array:8</span> [<samp data-depth=2 class=sf-dump-compact>
    \"<span class=sf-dump-key>id</span>\" => <span class=sf-dump-num>154</span>
    \"<span class=sf-dump-key>name</span>\" => \"<span class=sf-dump-str title=\"20 characters\">Netherlands Antilles</span>\"
    \"<span class=sf-dump-key>currency</span>\" => \"<span class=sf-dump-str title=\"3 characters\">EUR</span>\"
    \"<span class=sf-dump-key>iso2</span>\" => \"<span class=sf-dump-str title=\"2 characters\">NL</span>\"
    \"<span class=sf-dump-key>status</span>\" => \"<span class=sf-dump-str title=\"6 characters\">active</span>\"
    \"<span class=sf-dump-key>created_at</span>\" => \"<span class=sf-dump-str title=\"27 characters\">2024-09-28T21:19:48.000000Z</span>\"
    \"<span class=sf-dump-key>updated_at</span>\" => \"<span class=sf-dump-str title=\"27 characters\">2024-09-28T21:19:48.000000Z</span>\"
    \"<span class=sf-dump-key>deleted_at</span>\" => <span class=sf-dump-const>null</span>
  </samp>]
  <span class=sf-dump-index>154</span> => <span class=sf-dump-note>array:8</span> [<samp data-depth=2 class=sf-dump-compact>
    \"<span class=sf-dump-key>id</span>\" => <span class=sf-dump-num>155</span>
    \"<span class=sf-dump-key>name</span>\" => \"<span class=sf-dump-str title=\"15 characters\">Netherlands The</span>\"
    \"<span class=sf-dump-key>currency</span>\" => \"<span class=sf-dump-str title=\"3 characters\">EUR</span>\"
    \"<span class=sf-dump-key>iso2</span>\" => \"<span class=sf-dump-str title=\"2 characters\">NL</span>\"
    \"<span class=sf-dump-key>status</span>\" => \"<span class=sf-dump-str title=\"6 characters\">active</span>\"
    \"<span class=sf-dump-key>created_at</span>\" => \"<span class=sf-dump-str title=\"27 characters\">2024-09-28T21:19:48.000000Z</span>\"
    \"<span class=sf-dump-key>updated_at</span>\" => \"<span class=sf-dump-str title=\"27 characters\">2024-09-28T21:19:48.000000Z</span>\"
    \"<span class=sf-dump-key>deleted_at</span>\" => <span class=sf-dump-const>null</span>
  </samp>]
  <span class=sf-dump-index>155</span> => <span class=sf-dump-note>array:8</span> [<samp data-depth=2 class=sf-dump-compact>
    \"<span class=sf-dump-key>id</span>\" => <span class=sf-dump-num>156</span>
    \"<span class=sf-dump-key>name</span>\" => \"<span class=sf-dump-str title=\"13 characters\">New Caledonia</span>\"
    \"<span class=sf-dump-key>currency</span>\" => \"<span class=sf-dump-str title=\"3 characters\">XPF</span>\"
    \"<span class=sf-dump-key>iso2</span>\" => \"<span class=sf-dump-str title=\"2 characters\">NC</span>\"
    \"<span class=sf-dump-key>status</span>\" => \"<span class=sf-dump-str title=\"6 characters\">active</span>\"
    \"<span class=sf-dump-key>created_at</span>\" => \"<span class=sf-dump-str title=\"27 characters\">2024-09-28T21:19:48.000000Z</span>\"
    \"<span class=sf-dump-key>updated_at</span>\" => \"<span class=sf-dump-str title=\"27 characters\">2024-09-28T21:19:48.000000Z</span>\"
    \"<span class=sf-dump-key>deleted_at</span>\" => <span class=sf-dump-const>null</span>
  </samp>]
  <span class=sf-dump-index>156</span> => <span class=sf-dump-note>array:8</span> [<samp data-depth=2 class=sf-dump-compact>
    \"<span class=sf-dump-key>id</span>\" => <span class=sf-dump-num>157</span>
    \"<span class=sf-dump-key>name</span>\" => \"<span class=sf-dump-str title=\"11 characters\">New Zealand</span>\"
    \"<span class=sf-dump-key>currency</span>\" => \"<span class=sf-dump-str title=\"3 characters\">NZD</span>\"
    \"<span class=sf-dump-key>iso2</span>\" => \"<span class=sf-dump-str title=\"2 characters\">NZ</span>\"
    \"<span class=sf-dump-key>status</span>\" => \"<span class=sf-dump-str title=\"6 characters\">active</span>\"
    \"<span class=sf-dump-key>created_at</span>\" => \"<span class=sf-dump-str title=\"27 characters\">2024-09-28T21:19:48.000000Z</span>\"
    \"<span class=sf-dump-key>updated_at</span>\" => \"<span class=sf-dump-str title=\"27 characters\">2024-09-28T21:19:48.000000Z</span>\"
    \"<span class=sf-dump-key>deleted_at</span>\" => <span class=sf-dump-const>null</span>
  </samp>]
  <span class=sf-dump-index>157</span> => <span class=sf-dump-note>array:8</span> [<samp data-depth=2 class=sf-dump-compact>
    \"<span class=sf-dump-key>id</span>\" => <span class=sf-dump-num>158</span>
    \"<span class=sf-dump-key>name</span>\" => \"<span class=sf-dump-str title=\"9 characters\">Nicaragua</span>\"
    \"<span class=sf-dump-key>currency</span>\" => \"<span class=sf-dump-str title=\"3 characters\">NIO</span>\"
    \"<span class=sf-dump-key>iso2</span>\" => \"<span class=sf-dump-str title=\"2 characters\">NI</span>\"
    \"<span class=sf-dump-key>status</span>\" => \"<span class=sf-dump-str title=\"6 characters\">active</span>\"
    \"<span class=sf-dump-key>created_at</span>\" => \"<span class=sf-dump-str title=\"27 characters\">2024-09-28T21:19:48.000000Z</span>\"
    \"<span class=sf-dump-key>updated_at</span>\" => \"<span class=sf-dump-str title=\"27 characters\">2024-09-28T21:19:48.000000Z</span>\"
    \"<span class=sf-dump-key>deleted_at</span>\" => <span class=sf-dump-const>null</span>
  </samp>]
  <span class=sf-dump-index>158</span> => <span class=sf-dump-note>array:8</span> [<samp data-depth=2 class=sf-dump-compact>
    \"<span class=sf-dump-key>id</span>\" => <span class=sf-dump-num>159</span>
    \"<span class=sf-dump-key>name</span>\" => \"<span class=sf-dump-str title=\"5 characters\">Niger</span>\"
    \"<span class=sf-dump-key>currency</span>\" => \"<span class=sf-dump-str title=\"3 characters\">XOF</span>\"
    \"<span class=sf-dump-key>iso2</span>\" => \"<span class=sf-dump-str title=\"2 characters\">NE</span>\"
    \"<span class=sf-dump-key>status</span>\" => \"<span class=sf-dump-str title=\"6 characters\">active</span>\"
    \"<span class=sf-dump-key>created_at</span>\" => \"<span class=sf-dump-str title=\"27 characters\">2024-09-28T21:19:48.000000Z</span>\"
    \"<span class=sf-dump-key>updated_at</span>\" => \"<span class=sf-dump-str title=\"27 characters\">2024-09-28T21:19:48.000000Z</span>\"
    \"<span class=sf-dump-key>deleted_at</span>\" => <span class=sf-dump-const>null</span>
  </samp>]
  <span class=sf-dump-index>159</span> => <span class=sf-dump-note>array:8</span> [<samp data-depth=2 class=sf-dump-compact>
    \"<span class=sf-dump-key>id</span>\" => <span class=sf-dump-num>160</span>
    \"<span class=sf-dump-key>name</span>\" => \"<span class=sf-dump-str title=\"7 characters\">Nigeria</span>\"
    \"<span class=sf-dump-key>currency</span>\" => \"<span class=sf-dump-str title=\"3 characters\">NGN</span>\"
    \"<span class=sf-dump-key>iso2</span>\" => \"<span class=sf-dump-str title=\"2 characters\">NG</span>\"
    \"<span class=sf-dump-key>status</span>\" => \"<span class=sf-dump-str title=\"6 characters\">active</span>\"
    \"<span class=sf-dump-key>created_at</span>\" => \"<span class=sf-dump-str title=\"27 characters\">2024-09-28T21:19:48.000000Z</span>\"
    \"<span class=sf-dump-key>updated_at</span>\" => \"<span class=sf-dump-str title=\"27 characters\">2024-09-28T21:19:48.000000Z</span>\"
    \"<span class=sf-dump-key>deleted_at</span>\" => <span class=sf-dump-const>null</span>
  </samp>]
  <span class=sf-dump-index>160</span> => <span class=sf-dump-note>array:8</span> [<samp data-depth=2 class=sf-dump-compact>
    \"<span class=sf-dump-key>id</span>\" => <span class=sf-dump-num>161</span>
    \"<span class=sf-dump-key>name</span>\" => \"<span class=sf-dump-str title=\"4 characters\">Niue</span>\"
    \"<span class=sf-dump-key>currency</span>\" => \"<span class=sf-dump-str title=\"3 characters\">NZD</span>\"
    \"<span class=sf-dump-key>iso2</span>\" => \"<span class=sf-dump-str title=\"2 characters\">NU</span>\"
    \"<span class=sf-dump-key>status</span>\" => \"<span class=sf-dump-str title=\"6 characters\">active</span>\"
    \"<span class=sf-dump-key>created_at</span>\" => \"<span class=sf-dump-str title=\"27 characters\">2024-09-28T21:19:48.000000Z</span>\"
    \"<span class=sf-dump-key>updated_at</span>\" => \"<span class=sf-dump-str title=\"27 characters\">2024-09-28T21:19:48.000000Z</span>\"
    \"<span class=sf-dump-key>deleted_at</span>\" => <span class=sf-dump-const>null</span>
  </samp>]
  <span class=sf-dump-index>161</span> => <span class=sf-dump-note>array:8</span> [<samp data-depth=2 class=sf-dump-compact>
    \"<span class=sf-dump-key>id</span>\" => <span class=sf-dump-num>162</span>
    \"<span class=sf-dump-key>name</span>\" => \"<span class=sf-dump-str title=\"14 characters\">Norfolk Island</span>\"
    \"<span class=sf-dump-key>currency</span>\" => \"<span class=sf-dump-str title=\"3 characters\">AUD</span>\"
    \"<span class=sf-dump-key>iso2</span>\" => \"<span class=sf-dump-str title=\"2 characters\">NF</span>\"
    \"<span class=sf-dump-key>status</span>\" => \"<span class=sf-dump-str title=\"6 characters\">active</span>\"
    \"<span class=sf-dump-key>created_at</span>\" => \"<span class=sf-dump-str title=\"27 characters\">2024-09-28T21:19:48.000000Z</span>\"
    \"<span class=sf-dump-key>updated_at</span>\" => \"<span class=sf-dump-str title=\"27 characters\">2024-09-28T21:19:48.000000Z</span>\"
    \"<span class=sf-dump-key>deleted_at</span>\" => <span class=sf-dump-const>null</span>
  </samp>]
  <span class=sf-dump-index>162</span> => <span class=sf-dump-note>array:8</span> [<samp data-depth=2 class=sf-dump-compact>
    \"<span class=sf-dump-key>id</span>\" => <span class=sf-dump-num>163</span>
    \"<span class=sf-dump-key>name</span>\" => \"<span class=sf-dump-str title=\"24 characters\">Northern Mariana Islands</span>\"
    \"<span class=sf-dump-key>currency</span>\" => \"<span class=sf-dump-str title=\"3 characters\">USD</span>\"
    \"<span class=sf-dump-key>iso2</span>\" => \"<span class=sf-dump-str title=\"2 characters\">MP</span>\"
    \"<span class=sf-dump-key>status</span>\" => \"<span class=sf-dump-str title=\"6 characters\">active</span>\"
    \"<span class=sf-dump-key>created_at</span>\" => \"<span class=sf-dump-str title=\"27 characters\">2024-09-28T21:19:48.000000Z</span>\"
    \"<span class=sf-dump-key>updated_at</span>\" => \"<span class=sf-dump-str title=\"27 characters\">2024-09-28T21:19:48.000000Z</span>\"
    \"<span class=sf-dump-key>deleted_at</span>\" => <span class=sf-dump-const>null</span>
  </samp>]
  <span class=sf-dump-index>163</span> => <span class=sf-dump-note>array:8</span> [<samp data-depth=2 class=sf-dump-compact>
    \"<span class=sf-dump-key>id</span>\" => <span class=sf-dump-num>164</span>
    \"<span class=sf-dump-key>name</span>\" => \"<span class=sf-dump-str title=\"6 characters\">Norway</span>\"
    \"<span class=sf-dump-key>currency</span>\" => \"<span class=sf-dump-str title=\"3 characters\">NOK</span>\"
    \"<span class=sf-dump-key>iso2</span>\" => \"<span class=sf-dump-str title=\"2 characters\">NO</span>\"
    \"<span class=sf-dump-key>status</span>\" => \"<span class=sf-dump-str title=\"6 characters\">active</span>\"
    \"<span class=sf-dump-key>created_at</span>\" => \"<span class=sf-dump-str title=\"27 characters\">2024-09-28T21:19:48.000000Z</span>\"
    \"<span class=sf-dump-key>updated_at</span>\" => \"<span class=sf-dump-str title=\"27 characters\">2024-09-28T21:19:48.000000Z</span>\"
    \"<span class=sf-dump-key>deleted_at</span>\" => <span class=sf-dump-const>null</span>
  </samp>]
  <span class=sf-dump-index>164</span> => <span class=sf-dump-note>array:8</span> [<samp data-depth=2 class=sf-dump-compact>
    \"<span class=sf-dump-key>id</span>\" => <span class=sf-dump-num>165</span>
    \"<span class=sf-dump-key>name</span>\" => \"<span class=sf-dump-str title=\"4 characters\">Oman</span>\"
    \"<span class=sf-dump-key>currency</span>\" => \"<span class=sf-dump-str title=\"3 characters\">OMR</span>\"
    \"<span class=sf-dump-key>iso2</span>\" => \"<span class=sf-dump-str title=\"2 characters\">OM</span>\"
    \"<span class=sf-dump-key>status</span>\" => \"<span class=sf-dump-str title=\"6 characters\">active</span>\"
    \"<span class=sf-dump-key>created_at</span>\" => \"<span class=sf-dump-str title=\"27 characters\">2024-09-28T21:19:48.000000Z</span>\"
    \"<span class=sf-dump-key>updated_at</span>\" => \"<span class=sf-dump-str title=\"27 characters\">2024-09-28T21:19:48.000000Z</span>\"
    \"<span class=sf-dump-key>deleted_at</span>\" => <span class=sf-dump-const>null</span>
  </samp>]
  <span class=sf-dump-index>165</span> => <span class=sf-dump-note>array:8</span> [<samp data-depth=2 class=sf-dump-compact>
    \"<span class=sf-dump-key>id</span>\" => <span class=sf-dump-num>166</span>
    \"<span class=sf-dump-key>name</span>\" => \"<span class=sf-dump-str title=\"8 characters\">Pakistan</span>\"
    \"<span class=sf-dump-key>currency</span>\" => \"<span class=sf-dump-str title=\"3 characters\">PKR</span>\"
    \"<span class=sf-dump-key>iso2</span>\" => \"<span class=sf-dump-str title=\"2 characters\">PK</span>\"
    \"<span class=sf-dump-key>status</span>\" => \"<span class=sf-dump-str title=\"6 characters\">active</span>\"
    \"<span class=sf-dump-key>created_at</span>\" => \"<span class=sf-dump-str title=\"27 characters\">2024-09-28T21:19:48.000000Z</span>\"
    \"<span class=sf-dump-key>updated_at</span>\" => \"<span class=sf-dump-str title=\"27 characters\">2024-09-28T21:19:48.000000Z</span>\"
    \"<span class=sf-dump-key>deleted_at</span>\" => <span class=sf-dump-const>null</span>
  </samp>]
  <span class=sf-dump-index>166</span> => <span class=sf-dump-note>array:8</span> [<samp data-depth=2 class=sf-dump-compact>
    \"<span class=sf-dump-key>id</span>\" => <span class=sf-dump-num>167</span>
    \"<span class=sf-dump-key>name</span>\" => \"<span class=sf-dump-str title=\"5 characters\">Palau</span>\"
    \"<span class=sf-dump-key>currency</span>\" => \"<span class=sf-dump-str title=\"3 characters\">USD</span>\"
    \"<span class=sf-dump-key>iso2</span>\" => \"<span class=sf-dump-str title=\"2 characters\">PW</span>\"
    \"<span class=sf-dump-key>status</span>\" => \"<span class=sf-dump-str title=\"6 characters\">active</span>\"
    \"<span class=sf-dump-key>created_at</span>\" => \"<span class=sf-dump-str title=\"27 characters\">2024-09-28T21:19:48.000000Z</span>\"
    \"<span class=sf-dump-key>updated_at</span>\" => \"<span class=sf-dump-str title=\"27 characters\">2024-09-28T21:19:48.000000Z</span>\"
    \"<span class=sf-dump-key>deleted_at</span>\" => <span class=sf-dump-const>null</span>
  </samp>]
  <span class=sf-dump-index>167</span> => <span class=sf-dump-note>array:8</span> [<samp data-depth=2 class=sf-dump-compact>
    \"<span class=sf-dump-key>id</span>\" => <span class=sf-dump-num>168</span>
    \"<span class=sf-dump-key>name</span>\" => \"<span class=sf-dump-str title=\"30 characters\">Palestinian Territory Occupied</span>\"
    \"<span class=sf-dump-key>currency</span>\" => \"<span class=sf-dump-str title=\"3 characters\">ILS</span>\"
    \"<span class=sf-dump-key>iso2</span>\" => \"<span class=sf-dump-str title=\"2 characters\">PS</span>\"
    \"<span class=sf-dump-key>status</span>\" => \"<span class=sf-dump-str title=\"6 characters\">active</span>\"
    \"<span class=sf-dump-key>created_at</span>\" => \"<span class=sf-dump-str title=\"27 characters\">2024-09-28T21:19:48.000000Z</span>\"
    \"<span class=sf-dump-key>updated_at</span>\" => \"<span class=sf-dump-str title=\"27 characters\">2024-09-28T21:19:48.000000Z</span>\"
    \"<span class=sf-dump-key>deleted_at</span>\" => <span class=sf-dump-const>null</span>
  </samp>]
  <span class=sf-dump-index>168</span> => <span class=sf-dump-note>array:8</span> [<samp data-depth=2 class=sf-dump-compact>
    \"<span class=sf-dump-key>id</span>\" => <span class=sf-dump-num>169</span>
    \"<span class=sf-dump-key>name</span>\" => \"<span class=sf-dump-str title=\"6 characters\">Panama</span>\"
    \"<span class=sf-dump-key>currency</span>\" => \"<span class=sf-dump-str title=\"3 characters\">PAB</span>\"
    \"<span class=sf-dump-key>iso2</span>\" => \"<span class=sf-dump-str title=\"2 characters\">PA</span>\"
    \"<span class=sf-dump-key>status</span>\" => \"<span class=sf-dump-str title=\"6 characters\">active</span>\"
    \"<span class=sf-dump-key>created_at</span>\" => \"<span class=sf-dump-str title=\"27 characters\">2024-09-28T21:19:48.000000Z</span>\"
    \"<span class=sf-dump-key>updated_at</span>\" => \"<span class=sf-dump-str title=\"27 characters\">2024-09-28T21:19:48.000000Z</span>\"
    \"<span class=sf-dump-key>deleted_at</span>\" => <span class=sf-dump-const>null</span>
  </samp>]
  <span class=sf-dump-index>169</span> => <span class=sf-dump-note>array:8</span> [<samp data-depth=2 class=sf-dump-compact>
    \"<span class=sf-dump-key>id</span>\" => <span class=sf-dump-num>170</span>
    \"<span class=sf-dump-key>name</span>\" => \"<span class=sf-dump-str title=\"16 characters\">Papua New Guinea</span>\"
    \"<span class=sf-dump-key>currency</span>\" => \"<span class=sf-dump-str title=\"3 characters\">PGK</span>\"
    \"<span class=sf-dump-key>iso2</span>\" => \"<span class=sf-dump-str title=\"2 characters\">PG</span>\"
    \"<span class=sf-dump-key>status</span>\" => \"<span class=sf-dump-str title=\"6 characters\">active</span>\"
    \"<span class=sf-dump-key>created_at</span>\" => \"<span class=sf-dump-str title=\"27 characters\">2024-09-28T21:19:48.000000Z</span>\"
    \"<span class=sf-dump-key>updated_at</span>\" => \"<span class=sf-dump-str title=\"27 characters\">2024-09-28T21:19:48.000000Z</span>\"
    \"<span class=sf-dump-key>deleted_at</span>\" => <span class=sf-dump-const>null</span>
  </samp>]
  <span class=sf-dump-index>170</span> => <span class=sf-dump-note>array:8</span> [<samp data-depth=2 class=sf-dump-compact>
    \"<span class=sf-dump-key>id</span>\" => <span class=sf-dump-num>171</span>
    \"<span class=sf-dump-key>name</span>\" => \"<span class=sf-dump-str title=\"8 characters\">Paraguay</span>\"
    \"<span class=sf-dump-key>currency</span>\" => \"<span class=sf-dump-str title=\"3 characters\">PYG</span>\"
    \"<span class=sf-dump-key>iso2</span>\" => \"<span class=sf-dump-str title=\"2 characters\">PY</span>\"
    \"<span class=sf-dump-key>status</span>\" => \"<span class=sf-dump-str title=\"6 characters\">active</span>\"
    \"<span class=sf-dump-key>created_at</span>\" => \"<span class=sf-dump-str title=\"27 characters\">2024-09-28T21:19:48.000000Z</span>\"
    \"<span class=sf-dump-key>updated_at</span>\" => \"<span class=sf-dump-str title=\"27 characters\">2024-09-28T21:19:48.000000Z</span>\"
    \"<span class=sf-dump-key>deleted_at</span>\" => <span class=sf-dump-const>null</span>
  </samp>]
  <span class=sf-dump-index>171</span> => <span class=sf-dump-note>array:8</span> [<samp data-depth=2 class=sf-dump-compact>
    \"<span class=sf-dump-key>id</span>\" => <span class=sf-dump-num>172</span>
    \"<span class=sf-dump-key>name</span>\" => \"<span class=sf-dump-str title=\"4 characters\">Peru</span>\"
    \"<span class=sf-dump-key>currency</span>\" => \"<span class=sf-dump-str title=\"3 characters\">PEN</span>\"
    \"<span class=sf-dump-key>iso2</span>\" => \"<span class=sf-dump-str title=\"2 characters\">PE</span>\"
    \"<span class=sf-dump-key>status</span>\" => \"<span class=sf-dump-str title=\"6 characters\">active</span>\"
    \"<span class=sf-dump-key>created_at</span>\" => \"<span class=sf-dump-str title=\"27 characters\">2024-09-28T21:19:48.000000Z</span>\"
    \"<span class=sf-dump-key>updated_at</span>\" => \"<span class=sf-dump-str title=\"27 characters\">2024-09-28T21:19:48.000000Z</span>\"
    \"<span class=sf-dump-key>deleted_at</span>\" => <span class=sf-dump-const>null</span>
  </samp>]
  <span class=sf-dump-index>172</span> => <span class=sf-dump-note>array:8</span> [<samp data-depth=2 class=sf-dump-compact>
    \"<span class=sf-dump-key>id</span>\" => <span class=sf-dump-num>173</span>
    \"<span class=sf-dump-key>name</span>\" => \"<span class=sf-dump-str title=\"11 characters\">Philippines</span>\"
    \"<span class=sf-dump-key>currency</span>\" => \"<span class=sf-dump-str title=\"3 characters\">PHP</span>\"
    \"<span class=sf-dump-key>iso2</span>\" => \"<span class=sf-dump-str title=\"2 characters\">PH</span>\"
    \"<span class=sf-dump-key>status</span>\" => \"<span class=sf-dump-str title=\"6 characters\">active</span>\"
    \"<span class=sf-dump-key>created_at</span>\" => \"<span class=sf-dump-str title=\"27 characters\">2024-09-28T21:19:48.000000Z</span>\"
    \"<span class=sf-dump-key>updated_at</span>\" => \"<span class=sf-dump-str title=\"27 characters\">2024-09-28T21:19:48.000000Z</span>\"
    \"<span class=sf-dump-key>deleted_at</span>\" => <span class=sf-dump-const>null</span>
  </samp>]
  <span class=sf-dump-index>173</span> => <span class=sf-dump-note>array:8</span> [<samp data-depth=2 class=sf-dump-compact>
    \"<span class=sf-dump-key>id</span>\" => <span class=sf-dump-num>174</span>
    \"<span class=sf-dump-key>name</span>\" => \"<span class=sf-dump-str title=\"15 characters\">Pitcairn Island</span>\"
    \"<span class=sf-dump-key>currency</span>\" => \"<span class=sf-dump-str title=\"3 characters\">NZD</span>\"
    \"<span class=sf-dump-key>iso2</span>\" => \"<span class=sf-dump-str title=\"2 characters\">PN</span>\"
    \"<span class=sf-dump-key>status</span>\" => \"<span class=sf-dump-str title=\"6 characters\">active</span>\"
    \"<span class=sf-dump-key>created_at</span>\" => \"<span class=sf-dump-str title=\"27 characters\">2024-09-28T21:19:48.000000Z</span>\"
    \"<span class=sf-dump-key>updated_at</span>\" => \"<span class=sf-dump-str title=\"27 characters\">2024-09-28T21:19:48.000000Z</span>\"
    \"<span class=sf-dump-key>deleted_at</span>\" => <span class=sf-dump-const>null</span>
  </samp>]
  <span class=sf-dump-index>174</span> => <span class=sf-dump-note>array:8</span> [<samp data-depth=2 class=sf-dump-compact>
    \"<span class=sf-dump-key>id</span>\" => <span class=sf-dump-num>175</span>
    \"<span class=sf-dump-key>name</span>\" => \"<span class=sf-dump-str title=\"6 characters\">Poland</span>\"
    \"<span class=sf-dump-key>currency</span>\" => \"<span class=sf-dump-str title=\"3 characters\">PLN</span>\"
    \"<span class=sf-dump-key>iso2</span>\" => \"<span class=sf-dump-str title=\"2 characters\">PL</span>\"
    \"<span class=sf-dump-key>status</span>\" => \"<span class=sf-dump-str title=\"6 characters\">active</span>\"
    \"<span class=sf-dump-key>created_at</span>\" => \"<span class=sf-dump-str title=\"27 characters\">2024-09-28T21:19:48.000000Z</span>\"
    \"<span class=sf-dump-key>updated_at</span>\" => \"<span class=sf-dump-str title=\"27 characters\">2024-09-28T21:19:48.000000Z</span>\"
    \"<span class=sf-dump-key>deleted_at</span>\" => <span class=sf-dump-const>null</span>
  </samp>]
  <span class=sf-dump-index>175</span> => <span class=sf-dump-note>array:8</span> [<samp data-depth=2 class=sf-dump-compact>
    \"<span class=sf-dump-key>id</span>\" => <span class=sf-dump-num>176</span>
    \"<span class=sf-dump-key>name</span>\" => \"<span class=sf-dump-str title=\"8 characters\">Portugal</span>\"
    \"<span class=sf-dump-key>currency</span>\" => \"<span class=sf-dump-str title=\"3 characters\">EUR</span>\"
    \"<span class=sf-dump-key>iso2</span>\" => \"<span class=sf-dump-str title=\"2 characters\">PT</span>\"
    \"<span class=sf-dump-key>status</span>\" => \"<span class=sf-dump-str title=\"6 characters\">active</span>\"
    \"<span class=sf-dump-key>created_at</span>\" => \"<span class=sf-dump-str title=\"27 characters\">2024-09-28T21:19:48.000000Z</span>\"
    \"<span class=sf-dump-key>updated_at</span>\" => \"<span class=sf-dump-str title=\"27 characters\">2024-09-28T21:19:48.000000Z</span>\"
    \"<span class=sf-dump-key>deleted_at</span>\" => <span class=sf-dump-const>null</span>
  </samp>]
  <span class=sf-dump-index>176</span> => <span class=sf-dump-note>array:8</span> [<samp data-depth=2 class=sf-dump-compact>
    \"<span class=sf-dump-key>id</span>\" => <span class=sf-dump-num>177</span>
    \"<span class=sf-dump-key>name</span>\" => \"<span class=sf-dump-str title=\"11 characters\">Puerto Rico</span>\"
    \"<span class=sf-dump-key>currency</span>\" => \"<span class=sf-dump-str title=\"3 characters\">USD</span>\"
    \"<span class=sf-dump-key>iso2</span>\" => \"<span class=sf-dump-str title=\"2 characters\">PR</span>\"
    \"<span class=sf-dump-key>status</span>\" => \"<span class=sf-dump-str title=\"6 characters\">active</span>\"
    \"<span class=sf-dump-key>created_at</span>\" => \"<span class=sf-dump-str title=\"27 characters\">2024-09-28T21:19:48.000000Z</span>\"
    \"<span class=sf-dump-key>updated_at</span>\" => \"<span class=sf-dump-str title=\"27 characters\">2024-09-28T21:19:48.000000Z</span>\"
    \"<span class=sf-dump-key>deleted_at</span>\" => <span class=sf-dump-const>null</span>
  </samp>]
  <span class=sf-dump-index>177</span> => <span class=sf-dump-note>array:8</span> [<samp data-depth=2 class=sf-dump-compact>
    \"<span class=sf-dump-key>id</span>\" => <span class=sf-dump-num>178</span>
    \"<span class=sf-dump-key>name</span>\" => \"<span class=sf-dump-str title=\"5 characters\">Qatar</span>\"
    \"<span class=sf-dump-key>currency</span>\" => \"<span class=sf-dump-str title=\"3 characters\">QAR</span>\"
    \"<span class=sf-dump-key>iso2</span>\" => \"<span class=sf-dump-str title=\"2 characters\">QA</span>\"
    \"<span class=sf-dump-key>status</span>\" => \"<span class=sf-dump-str title=\"6 characters\">active</span>\"
    \"<span class=sf-dump-key>created_at</span>\" => \"<span class=sf-dump-str title=\"27 characters\">2024-09-28T21:19:48.000000Z</span>\"
    \"<span class=sf-dump-key>updated_at</span>\" => \"<span class=sf-dump-str title=\"27 characters\">2024-09-28T21:19:48.000000Z</span>\"
    \"<span class=sf-dump-key>deleted_at</span>\" => <span class=sf-dump-const>null</span>
  </samp>]
  <span class=sf-dump-index>178</span> => <span class=sf-dump-note>array:8</span> [<samp data-depth=2 class=sf-dump-compact>
    \"<span class=sf-dump-key>id</span>\" => <span class=sf-dump-num>179</span>
    \"<span class=sf-dump-key>name</span>\" => \"<span class=sf-dump-str title=\"7 characters\">Reunion</span>\"
    \"<span class=sf-dump-key>currency</span>\" => \"<span class=sf-dump-str title=\"3 characters\">EUR</span>\"
    \"<span class=sf-dump-key>iso2</span>\" => \"<span class=sf-dump-str title=\"2 characters\">RE</span>\"
    \"<span class=sf-dump-key>status</span>\" => \"<span class=sf-dump-str title=\"6 characters\">active</span>\"
    \"<span class=sf-dump-key>created_at</span>\" => \"<span class=sf-dump-str title=\"27 characters\">2024-09-28T21:19:48.000000Z</span>\"
    \"<span class=sf-dump-key>updated_at</span>\" => \"<span class=sf-dump-str title=\"27 characters\">2024-09-28T21:19:48.000000Z</span>\"
    \"<span class=sf-dump-key>deleted_at</span>\" => <span class=sf-dump-const>null</span>
  </samp>]
  <span class=sf-dump-index>179</span> => <span class=sf-dump-note>array:8</span> [<samp data-depth=2 class=sf-dump-compact>
    \"<span class=sf-dump-key>id</span>\" => <span class=sf-dump-num>180</span>
    \"<span class=sf-dump-key>name</span>\" => \"<span class=sf-dump-str title=\"7 characters\">Romania</span>\"
    \"<span class=sf-dump-key>currency</span>\" => \"<span class=sf-dump-str title=\"3 characters\">RON</span>\"
    \"<span class=sf-dump-key>iso2</span>\" => \"<span class=sf-dump-str title=\"2 characters\">RO</span>\"
    \"<span class=sf-dump-key>status</span>\" => \"<span class=sf-dump-str title=\"6 characters\">active</span>\"
    \"<span class=sf-dump-key>created_at</span>\" => \"<span class=sf-dump-str title=\"27 characters\">2024-09-28T21:19:48.000000Z</span>\"
    \"<span class=sf-dump-key>updated_at</span>\" => \"<span class=sf-dump-str title=\"27 characters\">2024-09-28T21:19:48.000000Z</span>\"
    \"<span class=sf-dump-key>deleted_at</span>\" => <span class=sf-dump-const>null</span>
  </samp>]
  <span class=sf-dump-index>180</span> => <span class=sf-dump-note>array:8</span> [<samp data-depth=2 class=sf-dump-compact>
    \"<span class=sf-dump-key>id</span>\" => <span class=sf-dump-num>181</span>
    \"<span class=sf-dump-key>name</span>\" => \"<span class=sf-dump-str title=\"6 characters\">Russia</span>\"
    \"<span class=sf-dump-key>currency</span>\" => \"<span class=sf-dump-str title=\"3 characters\">RUB</span>\"
    \"<span class=sf-dump-key>iso2</span>\" => \"<span class=sf-dump-str title=\"2 characters\">RU</span>\"
    \"<span class=sf-dump-key>status</span>\" => \"<span class=sf-dump-str title=\"6 characters\">active</span>\"
    \"<span class=sf-dump-key>created_at</span>\" => \"<span class=sf-dump-str title=\"27 characters\">2024-09-28T21:19:48.000000Z</span>\"
    \"<span class=sf-dump-key>updated_at</span>\" => \"<span class=sf-dump-str title=\"27 characters\">2024-09-28T21:19:48.000000Z</span>\"
    \"<span class=sf-dump-key>deleted_at</span>\" => <span class=sf-dump-const>null</span>
  </samp>]
  <span class=sf-dump-index>181</span> => <span class=sf-dump-note>array:8</span> [<samp data-depth=2 class=sf-dump-compact>
    \"<span class=sf-dump-key>id</span>\" => <span class=sf-dump-num>182</span>
    \"<span class=sf-dump-key>name</span>\" => \"<span class=sf-dump-str title=\"6 characters\">Rwanda</span>\"
    \"<span class=sf-dump-key>currency</span>\" => \"<span class=sf-dump-str title=\"3 characters\">RWF</span>\"
    \"<span class=sf-dump-key>iso2</span>\" => \"<span class=sf-dump-str title=\"2 characters\">RW</span>\"
    \"<span class=sf-dump-key>status</span>\" => \"<span class=sf-dump-str title=\"6 characters\">active</span>\"
    \"<span class=sf-dump-key>created_at</span>\" => \"<span class=sf-dump-str title=\"27 characters\">2024-09-28T21:19:48.000000Z</span>\"
    \"<span class=sf-dump-key>updated_at</span>\" => \"<span class=sf-dump-str title=\"27 characters\">2024-09-28T21:19:48.000000Z</span>\"
    \"<span class=sf-dump-key>deleted_at</span>\" => <span class=sf-dump-const>null</span>
  </samp>]
  <span class=sf-dump-index>182</span> => <span class=sf-dump-note>array:8</span> [<samp data-depth=2 class=sf-dump-compact>
    \"<span class=sf-dump-key>id</span>\" => <span class=sf-dump-num>183</span>
    \"<span class=sf-dump-key>name</span>\" => \"<span class=sf-dump-str title=\"12 characters\">Saint Helena</span>\"
    \"<span class=sf-dump-key>currency</span>\" => \"<span class=sf-dump-str title=\"3 characters\">SHP</span>\"
    \"<span class=sf-dump-key>iso2</span>\" => \"<span class=sf-dump-str title=\"2 characters\">SH</span>\"
    \"<span class=sf-dump-key>status</span>\" => \"<span class=sf-dump-str title=\"6 characters\">active</span>\"
    \"<span class=sf-dump-key>created_at</span>\" => \"<span class=sf-dump-str title=\"27 characters\">2024-09-28T21:19:48.000000Z</span>\"
    \"<span class=sf-dump-key>updated_at</span>\" => \"<span class=sf-dump-str title=\"27 characters\">2024-09-28T21:19:48.000000Z</span>\"
    \"<span class=sf-dump-key>deleted_at</span>\" => <span class=sf-dump-const>null</span>
  </samp>]
  <span class=sf-dump-index>183</span> => <span class=sf-dump-note>array:8</span> [<samp data-depth=2 class=sf-dump-compact>
    \"<span class=sf-dump-key>id</span>\" => <span class=sf-dump-num>184</span>
    \"<span class=sf-dump-key>name</span>\" => \"<span class=sf-dump-str title=\"21 characters\">Saint Kitts and Nevis</span>\"
    \"<span class=sf-dump-key>currency</span>\" => \"<span class=sf-dump-str title=\"3 characters\">XCD</span>\"
    \"<span class=sf-dump-key>iso2</span>\" => \"<span class=sf-dump-str title=\"2 characters\">KN</span>\"
    \"<span class=sf-dump-key>status</span>\" => \"<span class=sf-dump-str title=\"6 characters\">active</span>\"
    \"<span class=sf-dump-key>created_at</span>\" => \"<span class=sf-dump-str title=\"27 characters\">2024-09-28T21:19:48.000000Z</span>\"
    \"<span class=sf-dump-key>updated_at</span>\" => \"<span class=sf-dump-str title=\"27 characters\">2024-09-28T21:19:48.000000Z</span>\"
    \"<span class=sf-dump-key>deleted_at</span>\" => <span class=sf-dump-const>null</span>
  </samp>]
  <span class=sf-dump-index>184</span> => <span class=sf-dump-note>array:8</span> [<samp data-depth=2 class=sf-dump-compact>
    \"<span class=sf-dump-key>id</span>\" => <span class=sf-dump-num>185</span>
    \"<span class=sf-dump-key>name</span>\" => \"<span class=sf-dump-str title=\"11 characters\">Saint lucia</span>\"
    \"<span class=sf-dump-key>currency</span>\" => \"<span class=sf-dump-str title=\"3 characters\">XCD</span>\"
    \"<span class=sf-dump-key>iso2</span>\" => \"<span class=sf-dump-str title=\"2 characters\">LC</span>\"
    \"<span class=sf-dump-key>status</span>\" => \"<span class=sf-dump-str title=\"6 characters\">active</span>\"
    \"<span class=sf-dump-key>created_at</span>\" => \"<span class=sf-dump-str title=\"27 characters\">2024-09-28T21:19:48.000000Z</span>\"
    \"<span class=sf-dump-key>updated_at</span>\" => \"<span class=sf-dump-str title=\"27 characters\">2024-09-28T21:19:48.000000Z</span>\"
    \"<span class=sf-dump-key>deleted_at</span>\" => <span class=sf-dump-const>null</span>
  </samp>]
  <span class=sf-dump-index>185</span> => <span class=sf-dump-note>array:8</span> [<samp data-depth=2 class=sf-dump-compact>
    \"<span class=sf-dump-key>id</span>\" => <span class=sf-dump-num>186</span>
    \"<span class=sf-dump-key>name</span>\" => \"<span class=sf-dump-str title=\"25 characters\">Saint Pierre and Miquelon</span>\"
    \"<span class=sf-dump-key>currency</span>\" => \"<span class=sf-dump-str title=\"3 characters\">EUR</span>\"
    \"<span class=sf-dump-key>iso2</span>\" => \"<span class=sf-dump-str title=\"2 characters\">PM</span>\"
    \"<span class=sf-dump-key>status</span>\" => \"<span class=sf-dump-str title=\"6 characters\">active</span>\"
    \"<span class=sf-dump-key>created_at</span>\" => \"<span class=sf-dump-str title=\"27 characters\">2024-09-28T21:19:48.000000Z</span>\"
    \"<span class=sf-dump-key>updated_at</span>\" => \"<span class=sf-dump-str title=\"27 characters\">2024-09-28T21:19:48.000000Z</span>\"
    \"<span class=sf-dump-key>deleted_at</span>\" => <span class=sf-dump-const>null</span>
  </samp>]
  <span class=sf-dump-index>186</span> => <span class=sf-dump-note>array:8</span> [<samp data-depth=2 class=sf-dump-compact>
    \"<span class=sf-dump-key>id</span>\" => <span class=sf-dump-num>187</span>
    \"<span class=sf-dump-key>name</span>\" => \"<span class=sf-dump-str title=\"32 characters\">Saint Vincent and the Grenadines</span>\"
    \"<span class=sf-dump-key>currency</span>\" => \"<span class=sf-dump-str title=\"3 characters\">XCD</span>\"
    \"<span class=sf-dump-key>iso2</span>\" => \"<span class=sf-dump-str title=\"2 characters\">VC</span>\"
    \"<span class=sf-dump-key>status</span>\" => \"<span class=sf-dump-str title=\"6 characters\">active</span>\"
    \"<span class=sf-dump-key>created_at</span>\" => \"<span class=sf-dump-str title=\"27 characters\">2024-09-28T21:19:48.000000Z</span>\"
    \"<span class=sf-dump-key>updated_at</span>\" => \"<span class=sf-dump-str title=\"27 characters\">2024-09-28T21:19:48.000000Z</span>\"
    \"<span class=sf-dump-key>deleted_at</span>\" => <span class=sf-dump-const>null</span>
  </samp>]
  <span class=sf-dump-index>187</span> => <span class=sf-dump-note>array:8</span> [<samp data-depth=2 class=sf-dump-compact>
    \"<span class=sf-dump-key>id</span>\" => <span class=sf-dump-num>188</span>
    \"<span class=sf-dump-key>name</span>\" => \"<span class=sf-dump-str title=\"5 characters\">Samoa</span>\"
    \"<span class=sf-dump-key>currency</span>\" => \"<span class=sf-dump-str title=\"3 characters\">WST</span>\"
    \"<span class=sf-dump-key>iso2</span>\" => \"<span class=sf-dump-str title=\"2 characters\">WS</span>\"
    \"<span class=sf-dump-key>status</span>\" => \"<span class=sf-dump-str title=\"6 characters\">active</span>\"
    \"<span class=sf-dump-key>created_at</span>\" => \"<span class=sf-dump-str title=\"27 characters\">2024-09-28T21:19:48.000000Z</span>\"
    \"<span class=sf-dump-key>updated_at</span>\" => \"<span class=sf-dump-str title=\"27 characters\">2024-09-28T21:19:48.000000Z</span>\"
    \"<span class=sf-dump-key>deleted_at</span>\" => <span class=sf-dump-const>null</span>
  </samp>]
  <span class=sf-dump-index>188</span> => <span class=sf-dump-note>array:8</span> [<samp data-depth=2 class=sf-dump-compact>
    \"<span class=sf-dump-key>id</span>\" => <span class=sf-dump-num>189</span>
    \"<span class=sf-dump-key>name</span>\" => \"<span class=sf-dump-str title=\"10 characters\">San Marino</span>\"
    \"<span class=sf-dump-key>currency</span>\" => \"<span class=sf-dump-str title=\"3 characters\">EUR</span>\"
    \"<span class=sf-dump-key>iso2</span>\" => \"<span class=sf-dump-str title=\"2 characters\">SM</span>\"
    \"<span class=sf-dump-key>status</span>\" => \"<span class=sf-dump-str title=\"6 characters\">active</span>\"
    \"<span class=sf-dump-key>created_at</span>\" => \"<span class=sf-dump-str title=\"27 characters\">2024-09-28T21:19:48.000000Z</span>\"
    \"<span class=sf-dump-key>updated_at</span>\" => \"<span class=sf-dump-str title=\"27 characters\">2024-09-28T21:19:48.000000Z</span>\"
    \"<span class=sf-dump-key>deleted_at</span>\" => <span class=sf-dump-const>null</span>
  </samp>]
  <span class=sf-dump-index>189</span> => <span class=sf-dump-note>array:8</span> [<samp data-depth=2 class=sf-dump-compact>
    \"<span class=sf-dump-key>id</span>\" => <span class=sf-dump-num>190</span>
    \"<span class=sf-dump-key>name</span>\" => \"<span class=sf-dump-str title=\"21 characters\">Sao Tome and Principe</span>\"
    \"<span class=sf-dump-key>currency</span>\" => \"<span class=sf-dump-str title=\"3 characters\">STD</span>\"
    \"<span class=sf-dump-key>iso2</span>\" => \"<span class=sf-dump-str title=\"2 characters\">ST</span>\"
    \"<span class=sf-dump-key>status</span>\" => \"<span class=sf-dump-str title=\"6 characters\">active</span>\"
    \"<span class=sf-dump-key>created_at</span>\" => \"<span class=sf-dump-str title=\"27 characters\">2024-09-28T21:19:48.000000Z</span>\"
    \"<span class=sf-dump-key>updated_at</span>\" => \"<span class=sf-dump-str title=\"27 characters\">2024-09-28T21:19:48.000000Z</span>\"
    \"<span class=sf-dump-key>deleted_at</span>\" => <span class=sf-dump-const>null</span>
  </samp>]
  <span class=sf-dump-index>190</span> => <span class=sf-dump-note>array:8</span> [<samp data-depth=2 class=sf-dump-compact>
    \"<span class=sf-dump-key>id</span>\" => <span class=sf-dump-num>191</span>
    \"<span class=sf-dump-key>name</span>\" => \"<span class=sf-dump-str title=\"12 characters\">Saudi arabia</span>\"
    \"<span class=sf-dump-key>currency</span>\" => \"<span class=sf-dump-str title=\"3 characters\">SAR</span>\"
    \"<span class=sf-dump-key>iso2</span>\" => \"<span class=sf-dump-str title=\"2 characters\">SA</span>\"
    \"<span class=sf-dump-key>status</span>\" => \"<span class=sf-dump-str title=\"6 characters\">active</span>\"
    \"<span class=sf-dump-key>created_at</span>\" => \"<span class=sf-dump-str title=\"27 characters\">2024-09-28T21:19:48.000000Z</span>\"
    \"<span class=sf-dump-key>updated_at</span>\" => \"<span class=sf-dump-str title=\"27 characters\">2024-09-28T21:19:48.000000Z</span>\"
    \"<span class=sf-dump-key>deleted_at</span>\" => <span class=sf-dump-const>null</span>
  </samp>]
  <span class=sf-dump-index>191</span> => <span class=sf-dump-note>array:8</span> [<samp data-depth=2 class=sf-dump-compact>
    \"<span class=sf-dump-key>id</span>\" => <span class=sf-dump-num>192</span>
    \"<span class=sf-dump-key>name</span>\" => \"<span class=sf-dump-str title=\"7 characters\">Senegal</span>\"
    \"<span class=sf-dump-key>currency</span>\" => \"<span class=sf-dump-str title=\"3 characters\">XOF</span>\"
    \"<span class=sf-dump-key>iso2</span>\" => \"<span class=sf-dump-str title=\"2 characters\">SN</span>\"
    \"<span class=sf-dump-key>status</span>\" => \"<span class=sf-dump-str title=\"6 characters\">active</span>\"
    \"<span class=sf-dump-key>created_at</span>\" => \"<span class=sf-dump-str title=\"27 characters\">2024-09-28T21:19:48.000000Z</span>\"
    \"<span class=sf-dump-key>updated_at</span>\" => \"<span class=sf-dump-str title=\"27 characters\">2024-09-28T21:19:48.000000Z</span>\"
    \"<span class=sf-dump-key>deleted_at</span>\" => <span class=sf-dump-const>null</span>
  </samp>]
  <span class=sf-dump-index>192</span> => <span class=sf-dump-note>array:8</span> [<samp data-depth=2 class=sf-dump-compact>
    \"<span class=sf-dump-key>id</span>\" => <span class=sf-dump-num>193</span>
    \"<span class=sf-dump-key>name</span>\" => \"<span class=sf-dump-str title=\"6 characters\">Serbia</span>\"
    \"<span class=sf-dump-key>currency</span>\" => \"<span class=sf-dump-str title=\"3 characters\">RSD</span>\"
    \"<span class=sf-dump-key>iso2</span>\" => \"<span class=sf-dump-str title=\"2 characters\">RS</span>\"
    \"<span class=sf-dump-key>status</span>\" => \"<span class=sf-dump-str title=\"6 characters\">active</span>\"
    \"<span class=sf-dump-key>created_at</span>\" => \"<span class=sf-dump-str title=\"27 characters\">2024-09-28T21:19:48.000000Z</span>\"
    \"<span class=sf-dump-key>updated_at</span>\" => \"<span class=sf-dump-str title=\"27 characters\">2024-09-28T21:19:48.000000Z</span>\"
    \"<span class=sf-dump-key>deleted_at</span>\" => <span class=sf-dump-const>null</span>
  </samp>]
  <span class=sf-dump-index>193</span> => <span class=sf-dump-note>array:8</span> [<samp data-depth=2 class=sf-dump-compact>
    \"<span class=sf-dump-key>id</span>\" => <span class=sf-dump-num>194</span>
    \"<span class=sf-dump-key>name</span>\" => \"<span class=sf-dump-str title=\"10 characters\">Seychelles</span>\"
    \"<span class=sf-dump-key>currency</span>\" => \"<span class=sf-dump-str title=\"3 characters\">SCR</span>\"
    \"<span class=sf-dump-key>iso2</span>\" => \"<span class=sf-dump-str title=\"2 characters\">SC</span>\"
    \"<span class=sf-dump-key>status</span>\" => \"<span class=sf-dump-str title=\"6 characters\">active</span>\"
    \"<span class=sf-dump-key>created_at</span>\" => \"<span class=sf-dump-str title=\"27 characters\">2024-09-28T21:19:48.000000Z</span>\"
    \"<span class=sf-dump-key>updated_at</span>\" => \"<span class=sf-dump-str title=\"27 characters\">2024-09-28T21:19:48.000000Z</span>\"
    \"<span class=sf-dump-key>deleted_at</span>\" => <span class=sf-dump-const>null</span>
  </samp>]
  <span class=sf-dump-index>194</span> => <span class=sf-dump-note>array:8</span> [<samp data-depth=2 class=sf-dump-compact>
    \"<span class=sf-dump-key>id</span>\" => <span class=sf-dump-num>195</span>
    \"<span class=sf-dump-key>name</span>\" => \"<span class=sf-dump-str title=\"12 characters\">Sierra Leone</span>\"
    \"<span class=sf-dump-key>currency</span>\" => \"<span class=sf-dump-str title=\"3 characters\">SLL</span>\"
    \"<span class=sf-dump-key>iso2</span>\" => \"<span class=sf-dump-str title=\"2 characters\">SL</span>\"
    \"<span class=sf-dump-key>status</span>\" => \"<span class=sf-dump-str title=\"6 characters\">active</span>\"
    \"<span class=sf-dump-key>created_at</span>\" => \"<span class=sf-dump-str title=\"27 characters\">2024-09-28T21:19:48.000000Z</span>\"
    \"<span class=sf-dump-key>updated_at</span>\" => \"<span class=sf-dump-str title=\"27 characters\">2024-09-28T21:19:48.000000Z</span>\"
    \"<span class=sf-dump-key>deleted_at</span>\" => <span class=sf-dump-const>null</span>
  </samp>]
  <span class=sf-dump-index>195</span> => <span class=sf-dump-note>array:8</span> [<samp data-depth=2 class=sf-dump-compact>
    \"<span class=sf-dump-key>id</span>\" => <span class=sf-dump-num>196</span>
    \"<span class=sf-dump-key>name</span>\" => \"<span class=sf-dump-str title=\"9 characters\">Singapore</span>\"
    \"<span class=sf-dump-key>currency</span>\" => \"<span class=sf-dump-str title=\"3 characters\">SGD</span>\"
    \"<span class=sf-dump-key>iso2</span>\" => \"<span class=sf-dump-str title=\"2 characters\">SG</span>\"
    \"<span class=sf-dump-key>status</span>\" => \"<span class=sf-dump-str title=\"6 characters\">active</span>\"
    \"<span class=sf-dump-key>created_at</span>\" => \"<span class=sf-dump-str title=\"27 characters\">2024-09-28T21:19:48.000000Z</span>\"
    \"<span class=sf-dump-key>updated_at</span>\" => \"<span class=sf-dump-str title=\"27 characters\">2024-09-28T21:19:48.000000Z</span>\"
    \"<span class=sf-dump-key>deleted_at</span>\" => <span class=sf-dump-const>null</span>
  </samp>]
  <span class=sf-dump-index>196</span> => <span class=sf-dump-note>array:8</span> [<samp data-depth=2 class=sf-dump-compact>
    \"<span class=sf-dump-key>id</span>\" => <span class=sf-dump-num>197</span>
    \"<span class=sf-dump-key>name</span>\" => \"<span class=sf-dump-str title=\"8 characters\">Slovakia</span>\"
    \"<span class=sf-dump-key>currency</span>\" => \"<span class=sf-dump-str title=\"3 characters\">EUR</span>\"
    \"<span class=sf-dump-key>iso2</span>\" => \"<span class=sf-dump-str title=\"2 characters\">SK</span>\"
    \"<span class=sf-dump-key>status</span>\" => \"<span class=sf-dump-str title=\"6 characters\">active</span>\"
    \"<span class=sf-dump-key>created_at</span>\" => \"<span class=sf-dump-str title=\"27 characters\">2024-09-28T21:19:48.000000Z</span>\"
    \"<span class=sf-dump-key>updated_at</span>\" => \"<span class=sf-dump-str title=\"27 characters\">2024-09-28T21:19:48.000000Z</span>\"
    \"<span class=sf-dump-key>deleted_at</span>\" => <span class=sf-dump-const>null</span>
  </samp>]
  <span class=sf-dump-index>197</span> => <span class=sf-dump-note>array:8</span> [<samp data-depth=2 class=sf-dump-compact>
    \"<span class=sf-dump-key>id</span>\" => <span class=sf-dump-num>198</span>
    \"<span class=sf-dump-key>name</span>\" => \"<span class=sf-dump-str title=\"8 characters\">Slovenia</span>\"
    \"<span class=sf-dump-key>currency</span>\" => \"<span class=sf-dump-str title=\"3 characters\">EUR</span>\"
    \"<span class=sf-dump-key>iso2</span>\" => \"<span class=sf-dump-str title=\"2 characters\">SI</span>\"
    \"<span class=sf-dump-key>status</span>\" => \"<span class=sf-dump-str title=\"6 characters\">active</span>\"
    \"<span class=sf-dump-key>created_at</span>\" => \"<span class=sf-dump-str title=\"27 characters\">2024-09-28T21:19:48.000000Z</span>\"
    \"<span class=sf-dump-key>updated_at</span>\" => \"<span class=sf-dump-str title=\"27 characters\">2024-09-28T21:19:48.000000Z</span>\"
    \"<span class=sf-dump-key>deleted_at</span>\" => <span class=sf-dump-const>null</span>
  </samp>]
  <span class=sf-dump-index>198</span> => <span class=sf-dump-note>array:8</span> [<samp data-depth=2 class=sf-dump-compact>
    \"<span class=sf-dump-key>id</span>\" => <span class=sf-dump-num>199</span>
    \"<span class=sf-dump-key>name</span>\" => \"<span class=sf-dump-str title=\"29 characters\">Smaller Territories of the UK</span>\"
    \"<span class=sf-dump-key>currency</span>\" => \"\"
    \"<span class=sf-dump-key>iso2</span>\" => \"\"
    \"<span class=sf-dump-key>status</span>\" => \"<span class=sf-dump-str title=\"6 characters\">active</span>\"
    \"<span class=sf-dump-key>created_at</span>\" => \"<span class=sf-dump-str title=\"27 characters\">2024-09-28T21:19:48.000000Z</span>\"
    \"<span class=sf-dump-key>updated_at</span>\" => \"<span class=sf-dump-str title=\"27 characters\">2024-09-28T21:19:48.000000Z</span>\"
    \"<span class=sf-dump-key>deleted_at</span>\" => <span class=sf-dump-const>null</span>
  </samp>]
  <span class=sf-dump-index>199</span> => <span class=sf-dump-note>array:8</span> [<samp data-depth=2 class=sf-dump-compact>
    \"<span class=sf-dump-key>id</span>\" => <span class=sf-dump-num>200</span>
    \"<span class=sf-dump-key>name</span>\" => \"<span class=sf-dump-str title=\"15 characters\">Solomon Islands</span>\"
    \"<span class=sf-dump-key>currency</span>\" => \"<span class=sf-dump-str title=\"3 characters\">SBD</span>\"
    \"<span class=sf-dump-key>iso2</span>\" => \"<span class=sf-dump-str title=\"2 characters\">SB</span>\"
    \"<span class=sf-dump-key>status</span>\" => \"<span class=sf-dump-str title=\"6 characters\">active</span>\"
    \"<span class=sf-dump-key>created_at</span>\" => \"<span class=sf-dump-str title=\"27 characters\">2024-09-28T21:19:48.000000Z</span>\"
    \"<span class=sf-dump-key>updated_at</span>\" => \"<span class=sf-dump-str title=\"27 characters\">2024-09-28T21:19:48.000000Z</span>\"
    \"<span class=sf-dump-key>deleted_at</span>\" => <span class=sf-dump-const>null</span>
  </samp>]
  <span class=sf-dump-index>200</span> => <span class=sf-dump-note>array:8</span> [<samp data-depth=2 class=sf-dump-compact>
    \"<span class=sf-dump-key>id</span>\" => <span class=sf-dump-num>201</span>
    \"<span class=sf-dump-key>name</span>\" => \"<span class=sf-dump-str title=\"7 characters\">Somalia</span>\"
    \"<span class=sf-dump-key>currency</span>\" => \"<span class=sf-dump-str title=\"3 characters\">SOS</span>\"
    \"<span class=sf-dump-key>iso2</span>\" => \"<span class=sf-dump-str title=\"2 characters\">SO</span>\"
    \"<span class=sf-dump-key>status</span>\" => \"<span class=sf-dump-str title=\"6 characters\">active</span>\"
    \"<span class=sf-dump-key>created_at</span>\" => \"<span class=sf-dump-str title=\"27 characters\">2024-09-28T21:19:48.000000Z</span>\"
    \"<span class=sf-dump-key>updated_at</span>\" => \"<span class=sf-dump-str title=\"27 characters\">2024-09-28T21:19:48.000000Z</span>\"
    \"<span class=sf-dump-key>deleted_at</span>\" => <span class=sf-dump-const>null</span>
  </samp>]
  <span class=sf-dump-index>201</span> => <span class=sf-dump-note>array:8</span> [<samp data-depth=2 class=sf-dump-compact>
    \"<span class=sf-dump-key>id</span>\" => <span class=sf-dump-num>202</span>
    \"<span class=sf-dump-key>name</span>\" => \"<span class=sf-dump-str title=\"12 characters\">South Africa</span>\"
    \"<span class=sf-dump-key>currency</span>\" => \"<span class=sf-dump-str title=\"3 characters\">ZAR</span>\"
    \"<span class=sf-dump-key>iso2</span>\" => \"<span class=sf-dump-str title=\"2 characters\">ZA</span>\"
    \"<span class=sf-dump-key>status</span>\" => \"<span class=sf-dump-str title=\"6 characters\">active</span>\"
    \"<span class=sf-dump-key>created_at</span>\" => \"<span class=sf-dump-str title=\"27 characters\">2024-09-28T21:19:48.000000Z</span>\"
    \"<span class=sf-dump-key>updated_at</span>\" => \"<span class=sf-dump-str title=\"27 characters\">2024-09-28T21:19:48.000000Z</span>\"
    \"<span class=sf-dump-key>deleted_at</span>\" => <span class=sf-dump-const>null</span>
  </samp>]
  <span class=sf-dump-index>202</span> => <span class=sf-dump-note>array:8</span> [<samp data-depth=2 class=sf-dump-compact>
    \"<span class=sf-dump-key>id</span>\" => <span class=sf-dump-num>203</span>
    \"<span class=sf-dump-key>name</span>\" => \"<span class=sf-dump-str title=\"13 characters\">South Georgia</span>\"
    \"<span class=sf-dump-key>currency</span>\" => \"<span class=sf-dump-str title=\"3 characters\">GBP</span>\"
    \"<span class=sf-dump-key>iso2</span>\" => \"<span class=sf-dump-str title=\"2 characters\">GS</span>\"
    \"<span class=sf-dump-key>status</span>\" => \"<span class=sf-dump-str title=\"6 characters\">active</span>\"
    \"<span class=sf-dump-key>created_at</span>\" => \"<span class=sf-dump-str title=\"27 characters\">2024-09-28T21:19:48.000000Z</span>\"
    \"<span class=sf-dump-key>updated_at</span>\" => \"<span class=sf-dump-str title=\"27 characters\">2024-09-28T21:19:48.000000Z</span>\"
    \"<span class=sf-dump-key>deleted_at</span>\" => <span class=sf-dump-const>null</span>
  </samp>]
  <span class=sf-dump-index>203</span> => <span class=sf-dump-note>array:8</span> [<samp data-depth=2 class=sf-dump-compact>
    \"<span class=sf-dump-key>id</span>\" => <span class=sf-dump-num>204</span>
    \"<span class=sf-dump-key>name</span>\" => \"<span class=sf-dump-str title=\"11 characters\">South Sudan</span>\"
    \"<span class=sf-dump-key>currency</span>\" => \"<span class=sf-dump-str title=\"3 characters\">SSP</span>\"
    \"<span class=sf-dump-key>iso2</span>\" => \"<span class=sf-dump-str title=\"2 characters\">SS</span>\"
    \"<span class=sf-dump-key>status</span>\" => \"<span class=sf-dump-str title=\"6 characters\">active</span>\"
    \"<span class=sf-dump-key>created_at</span>\" => \"<span class=sf-dump-str title=\"27 characters\">2024-09-28T21:19:48.000000Z</span>\"
    \"<span class=sf-dump-key>updated_at</span>\" => \"<span class=sf-dump-str title=\"27 characters\">2024-09-28T21:19:48.000000Z</span>\"
    \"<span class=sf-dump-key>deleted_at</span>\" => <span class=sf-dump-const>null</span>
  </samp>]
  <span class=sf-dump-index>204</span> => <span class=sf-dump-note>array:8</span> [<samp data-depth=2 class=sf-dump-compact>
    \"<span class=sf-dump-key>id</span>\" => <span class=sf-dump-num>205</span>
    \"<span class=sf-dump-key>name</span>\" => \"<span class=sf-dump-str title=\"5 characters\">Spain</span>\"
    \"<span class=sf-dump-key>currency</span>\" => \"<span class=sf-dump-str title=\"3 characters\">EUR</span>\"
    \"<span class=sf-dump-key>iso2</span>\" => \"<span class=sf-dump-str title=\"2 characters\">ES</span>\"
    \"<span class=sf-dump-key>status</span>\" => \"<span class=sf-dump-str title=\"6 characters\">active</span>\"
    \"<span class=sf-dump-key>created_at</span>\" => \"<span class=sf-dump-str title=\"27 characters\">2024-09-28T21:19:48.000000Z</span>\"
    \"<span class=sf-dump-key>updated_at</span>\" => \"<span class=sf-dump-str title=\"27 characters\">2024-09-28T21:19:48.000000Z</span>\"
    \"<span class=sf-dump-key>deleted_at</span>\" => <span class=sf-dump-const>null</span>
  </samp>]
  <span class=sf-dump-index>205</span> => <span class=sf-dump-note>array:8</span> [<samp data-depth=2 class=sf-dump-compact>
    \"<span class=sf-dump-key>id</span>\" => <span class=sf-dump-num>206</span>
    \"<span class=sf-dump-key>name</span>\" => \"<span class=sf-dump-str title=\"9 characters\">Sri Lanka</span>\"
    \"<span class=sf-dump-key>currency</span>\" => \"<span class=sf-dump-str title=\"3 characters\">LKR</span>\"
    \"<span class=sf-dump-key>iso2</span>\" => \"<span class=sf-dump-str title=\"2 characters\">LK</span>\"
    \"<span class=sf-dump-key>status</span>\" => \"<span class=sf-dump-str title=\"6 characters\">active</span>\"
    \"<span class=sf-dump-key>created_at</span>\" => \"<span class=sf-dump-str title=\"27 characters\">2024-09-28T21:19:48.000000Z</span>\"
    \"<span class=sf-dump-key>updated_at</span>\" => \"<span class=sf-dump-str title=\"27 characters\">2024-09-28T21:19:48.000000Z</span>\"
    \"<span class=sf-dump-key>deleted_at</span>\" => <span class=sf-dump-const>null</span>
  </samp>]
  <span class=sf-dump-index>206</span> => <span class=sf-dump-note>array:8</span> [<samp data-depth=2 class=sf-dump-compact>
    \"<span class=sf-dump-key>id</span>\" => <span class=sf-dump-num>207</span>
    \"<span class=sf-dump-key>name</span>\" => \"<span class=sf-dump-str title=\"5 characters\">Sudan</span>\"
    \"<span class=sf-dump-key>currency</span>\" => \"<span class=sf-dump-str title=\"3 characters\">SDG</span>\"
    \"<span class=sf-dump-key>iso2</span>\" => \"<span class=sf-dump-str title=\"2 characters\">SD</span>\"
    \"<span class=sf-dump-key>status</span>\" => \"<span class=sf-dump-str title=\"6 characters\">active</span>\"
    \"<span class=sf-dump-key>created_at</span>\" => \"<span class=sf-dump-str title=\"27 characters\">2024-09-28T21:19:48.000000Z</span>\"
    \"<span class=sf-dump-key>updated_at</span>\" => \"<span class=sf-dump-str title=\"27 characters\">2024-09-28T21:19:48.000000Z</span>\"
    \"<span class=sf-dump-key>deleted_at</span>\" => <span class=sf-dump-const>null</span>
  </samp>]
  <span class=sf-dump-index>207</span> => <span class=sf-dump-note>array:8</span> [<samp data-depth=2 class=sf-dump-compact>
    \"<span class=sf-dump-key>id</span>\" => <span class=sf-dump-num>208</span>
    \"<span class=sf-dump-key>name</span>\" => \"<span class=sf-dump-str title=\"8 characters\">Suriname</span>\"
    \"<span class=sf-dump-key>currency</span>\" => \"<span class=sf-dump-str title=\"3 characters\">SRD</span>\"
    \"<span class=sf-dump-key>iso2</span>\" => \"<span class=sf-dump-str title=\"2 characters\">SR</span>\"
    \"<span class=sf-dump-key>status</span>\" => \"<span class=sf-dump-str title=\"6 characters\">active</span>\"
    \"<span class=sf-dump-key>created_at</span>\" => \"<span class=sf-dump-str title=\"27 characters\">2024-09-28T21:19:48.000000Z</span>\"
    \"<span class=sf-dump-key>updated_at</span>\" => \"<span class=sf-dump-str title=\"27 characters\">2024-09-28T21:19:48.000000Z</span>\"
    \"<span class=sf-dump-key>deleted_at</span>\" => <span class=sf-dump-const>null</span>
  </samp>]
  <span class=sf-dump-index>208</span> => <span class=sf-dump-note>array:8</span> [<samp data-depth=2 class=sf-dump-compact>
    \"<span class=sf-dump-key>id</span>\" => <span class=sf-dump-num>209</span>
    \"<span class=sf-dump-key>name</span>\" => \"<span class=sf-dump-str title=\"30 characters\">Svalbard and Jan Mayen Islands</span>\"
    \"<span class=sf-dump-key>currency</span>\" => \"<span class=sf-dump-str title=\"3 characters\">NOK</span>\"
    \"<span class=sf-dump-key>iso2</span>\" => \"<span class=sf-dump-str title=\"2 characters\">SJ</span>\"
    \"<span class=sf-dump-key>status</span>\" => \"<span class=sf-dump-str title=\"6 characters\">active</span>\"
    \"<span class=sf-dump-key>created_at</span>\" => \"<span class=sf-dump-str title=\"27 characters\">2024-09-28T21:19:48.000000Z</span>\"
    \"<span class=sf-dump-key>updated_at</span>\" => \"<span class=sf-dump-str title=\"27 characters\">2024-09-28T21:19:48.000000Z</span>\"
    \"<span class=sf-dump-key>deleted_at</span>\" => <span class=sf-dump-const>null</span>
  </samp>]
  <span class=sf-dump-index>209</span> => <span class=sf-dump-note>array:8</span> [<samp data-depth=2 class=sf-dump-compact>
    \"<span class=sf-dump-key>id</span>\" => <span class=sf-dump-num>210</span>
    \"<span class=sf-dump-key>name</span>\" => \"<span class=sf-dump-str title=\"9 characters\">Swaziland</span>\"
    \"<span class=sf-dump-key>currency</span>\" => \"<span class=sf-dump-str title=\"3 characters\">SZL</span>\"
    \"<span class=sf-dump-key>iso2</span>\" => \"<span class=sf-dump-str title=\"2 characters\">SZ</span>\"
    \"<span class=sf-dump-key>status</span>\" => \"<span class=sf-dump-str title=\"6 characters\">active</span>\"
    \"<span class=sf-dump-key>created_at</span>\" => \"<span class=sf-dump-str title=\"27 characters\">2024-09-28T21:19:48.000000Z</span>\"
    \"<span class=sf-dump-key>updated_at</span>\" => \"<span class=sf-dump-str title=\"27 characters\">2024-09-28T21:19:48.000000Z</span>\"
    \"<span class=sf-dump-key>deleted_at</span>\" => <span class=sf-dump-const>null</span>
  </samp>]
  <span class=sf-dump-index>210</span> => <span class=sf-dump-note>array:8</span> [<samp data-depth=2 class=sf-dump-compact>
    \"<span class=sf-dump-key>id</span>\" => <span class=sf-dump-num>211</span>
    \"<span class=sf-dump-key>name</span>\" => \"<span class=sf-dump-str title=\"6 characters\">Sweden</span>\"
    \"<span class=sf-dump-key>currency</span>\" => \"<span class=sf-dump-str title=\"3 characters\">SEK</span>\"
    \"<span class=sf-dump-key>iso2</span>\" => \"<span class=sf-dump-str title=\"2 characters\">SE</span>\"
    \"<span class=sf-dump-key>status</span>\" => \"<span class=sf-dump-str title=\"6 characters\">active</span>\"
    \"<span class=sf-dump-key>created_at</span>\" => \"<span class=sf-dump-str title=\"27 characters\">2024-09-28T21:19:48.000000Z</span>\"
    \"<span class=sf-dump-key>updated_at</span>\" => \"<span class=sf-dump-str title=\"27 characters\">2024-09-28T21:19:48.000000Z</span>\"
    \"<span class=sf-dump-key>deleted_at</span>\" => <span class=sf-dump-const>null</span>
  </samp>]
  <span class=sf-dump-index>211</span> => <span class=sf-dump-note>array:8</span> [<samp data-depth=2 class=sf-dump-compact>
    \"<span class=sf-dump-key>id</span>\" => <span class=sf-dump-num>212</span>
    \"<span class=sf-dump-key>name</span>\" => \"<span class=sf-dump-str title=\"11 characters\">Switzerland</span>\"
    \"<span class=sf-dump-key>currency</span>\" => \"<span class=sf-dump-str title=\"3 characters\">CHF</span>\"
    \"<span class=sf-dump-key>iso2</span>\" => \"<span class=sf-dump-str title=\"2 characters\">CH</span>\"
    \"<span class=sf-dump-key>status</span>\" => \"<span class=sf-dump-str title=\"6 characters\">active</span>\"
    \"<span class=sf-dump-key>created_at</span>\" => \"<span class=sf-dump-str title=\"27 characters\">2024-09-28T21:19:48.000000Z</span>\"
    \"<span class=sf-dump-key>updated_at</span>\" => \"<span class=sf-dump-str title=\"27 characters\">2024-09-28T21:19:48.000000Z</span>\"
    \"<span class=sf-dump-key>deleted_at</span>\" => <span class=sf-dump-const>null</span>
  </samp>]
  <span class=sf-dump-index>212</span> => <span class=sf-dump-note>array:8</span> [<samp data-depth=2 class=sf-dump-compact>
    \"<span class=sf-dump-key>id</span>\" => <span class=sf-dump-num>213</span>
    \"<span class=sf-dump-key>name</span>\" => \"<span class=sf-dump-str title=\"5 characters\">Syria</span>\"
    \"<span class=sf-dump-key>currency</span>\" => \"<span class=sf-dump-str title=\"3 characters\">SYP</span>\"
    \"<span class=sf-dump-key>iso2</span>\" => \"<span class=sf-dump-str title=\"2 characters\">SY</span>\"
    \"<span class=sf-dump-key>status</span>\" => \"<span class=sf-dump-str title=\"6 characters\">active</span>\"
    \"<span class=sf-dump-key>created_at</span>\" => \"<span class=sf-dump-str title=\"27 characters\">2024-09-28T21:19:48.000000Z</span>\"
    \"<span class=sf-dump-key>updated_at</span>\" => \"<span class=sf-dump-str title=\"27 characters\">2024-09-28T21:19:48.000000Z</span>\"
    \"<span class=sf-dump-key>deleted_at</span>\" => <span class=sf-dump-const>null</span>
  </samp>]
  <span class=sf-dump-index>213</span> => <span class=sf-dump-note>array:8</span> [<samp data-depth=2 class=sf-dump-compact>
    \"<span class=sf-dump-key>id</span>\" => <span class=sf-dump-num>214</span>
    \"<span class=sf-dump-key>name</span>\" => \"<span class=sf-dump-str title=\"6 characters\">Taiwan</span>\"
    \"<span class=sf-dump-key>currency</span>\" => \"<span class=sf-dump-str title=\"3 characters\">TWD</span>\"
    \"<span class=sf-dump-key>iso2</span>\" => \"<span class=sf-dump-str title=\"2 characters\">TW</span>\"
    \"<span class=sf-dump-key>status</span>\" => \"<span class=sf-dump-str title=\"6 characters\">active</span>\"
    \"<span class=sf-dump-key>created_at</span>\" => \"<span class=sf-dump-str title=\"27 characters\">2024-09-28T21:19:48.000000Z</span>\"
    \"<span class=sf-dump-key>updated_at</span>\" => \"<span class=sf-dump-str title=\"27 characters\">2024-09-28T21:19:48.000000Z</span>\"
    \"<span class=sf-dump-key>deleted_at</span>\" => <span class=sf-dump-const>null</span>
  </samp>]
  <span class=sf-dump-index>214</span> => <span class=sf-dump-note>array:8</span> [<samp data-depth=2 class=sf-dump-compact>
    \"<span class=sf-dump-key>id</span>\" => <span class=sf-dump-num>215</span>
    \"<span class=sf-dump-key>name</span>\" => \"<span class=sf-dump-str title=\"10 characters\">Tajikistan</span>\"
    \"<span class=sf-dump-key>currency</span>\" => \"<span class=sf-dump-str title=\"3 characters\">TJS</span>\"
    \"<span class=sf-dump-key>iso2</span>\" => \"<span class=sf-dump-str title=\"2 characters\">TJ</span>\"
    \"<span class=sf-dump-key>status</span>\" => \"<span class=sf-dump-str title=\"6 characters\">active</span>\"
    \"<span class=sf-dump-key>created_at</span>\" => \"<span class=sf-dump-str title=\"27 characters\">2024-09-28T21:19:48.000000Z</span>\"
    \"<span class=sf-dump-key>updated_at</span>\" => \"<span class=sf-dump-str title=\"27 characters\">2024-09-28T21:19:48.000000Z</span>\"
    \"<span class=sf-dump-key>deleted_at</span>\" => <span class=sf-dump-const>null</span>
  </samp>]
  <span class=sf-dump-index>215</span> => <span class=sf-dump-note>array:8</span> [<samp data-depth=2 class=sf-dump-compact>
    \"<span class=sf-dump-key>id</span>\" => <span class=sf-dump-num>216</span>
    \"<span class=sf-dump-key>name</span>\" => \"<span class=sf-dump-str title=\"8 characters\">Tanzania</span>\"
    \"<span class=sf-dump-key>currency</span>\" => \"<span class=sf-dump-str title=\"3 characters\">TZS</span>\"
    \"<span class=sf-dump-key>iso2</span>\" => \"<span class=sf-dump-str title=\"2 characters\">TZ</span>\"
    \"<span class=sf-dump-key>status</span>\" => \"<span class=sf-dump-str title=\"6 characters\">active</span>\"
    \"<span class=sf-dump-key>created_at</span>\" => \"<span class=sf-dump-str title=\"27 characters\">2024-09-28T21:19:48.000000Z</span>\"
    \"<span class=sf-dump-key>updated_at</span>\" => \"<span class=sf-dump-str title=\"27 characters\">2024-09-28T21:19:48.000000Z</span>\"
    \"<span class=sf-dump-key>deleted_at</span>\" => <span class=sf-dump-const>null</span>
  </samp>]
  <span class=sf-dump-index>216</span> => <span class=sf-dump-note>array:8</span> [<samp data-depth=2 class=sf-dump-compact>
    \"<span class=sf-dump-key>id</span>\" => <span class=sf-dump-num>217</span>
    \"<span class=sf-dump-key>name</span>\" => \"<span class=sf-dump-str title=\"8 characters\">Thailand</span>\"
    \"<span class=sf-dump-key>currency</span>\" => \"<span class=sf-dump-str title=\"3 characters\">THB</span>\"
    \"<span class=sf-dump-key>iso2</span>\" => \"<span class=sf-dump-str title=\"2 characters\">TH</span>\"
    \"<span class=sf-dump-key>status</span>\" => \"<span class=sf-dump-str title=\"6 characters\">active</span>\"
    \"<span class=sf-dump-key>created_at</span>\" => \"<span class=sf-dump-str title=\"27 characters\">2024-09-28T21:19:48.000000Z</span>\"
    \"<span class=sf-dump-key>updated_at</span>\" => \"<span class=sf-dump-str title=\"27 characters\">2024-09-28T21:19:48.000000Z</span>\"
    \"<span class=sf-dump-key>deleted_at</span>\" => <span class=sf-dump-const>null</span>
  </samp>]
  <span class=sf-dump-index>217</span> => <span class=sf-dump-note>array:8</span> [<samp data-depth=2 class=sf-dump-compact>
    \"<span class=sf-dump-key>id</span>\" => <span class=sf-dump-num>218</span>
    \"<span class=sf-dump-key>name</span>\" => \"<span class=sf-dump-str title=\"4 characters\">Togo</span>\"
    \"<span class=sf-dump-key>currency</span>\" => \"<span class=sf-dump-str title=\"3 characters\">XOF</span>\"
    \"<span class=sf-dump-key>iso2</span>\" => \"<span class=sf-dump-str title=\"2 characters\">TG</span>\"
    \"<span class=sf-dump-key>status</span>\" => \"<span class=sf-dump-str title=\"6 characters\">active</span>\"
    \"<span class=sf-dump-key>created_at</span>\" => \"<span class=sf-dump-str title=\"27 characters\">2024-09-28T21:19:48.000000Z</span>\"
    \"<span class=sf-dump-key>updated_at</span>\" => \"<span class=sf-dump-str title=\"27 characters\">2024-09-28T21:19:48.000000Z</span>\"
    \"<span class=sf-dump-key>deleted_at</span>\" => <span class=sf-dump-const>null</span>
  </samp>]
  <span class=sf-dump-index>218</span> => <span class=sf-dump-note>array:8</span> [<samp data-depth=2 class=sf-dump-compact>
    \"<span class=sf-dump-key>id</span>\" => <span class=sf-dump-num>219</span>
    \"<span class=sf-dump-key>name</span>\" => \"<span class=sf-dump-str title=\"7 characters\">Tokelau</span>\"
    \"<span class=sf-dump-key>currency</span>\" => \"<span class=sf-dump-str title=\"3 characters\">NZD</span>\"
    \"<span class=sf-dump-key>iso2</span>\" => \"<span class=sf-dump-str title=\"2 characters\">TK</span>\"
    \"<span class=sf-dump-key>status</span>\" => \"<span class=sf-dump-str title=\"6 characters\">active</span>\"
    \"<span class=sf-dump-key>created_at</span>\" => \"<span class=sf-dump-str title=\"27 characters\">2024-09-28T21:19:48.000000Z</span>\"
    \"<span class=sf-dump-key>updated_at</span>\" => \"<span class=sf-dump-str title=\"27 characters\">2024-09-28T21:19:48.000000Z</span>\"
    \"<span class=sf-dump-key>deleted_at</span>\" => <span class=sf-dump-const>null</span>
  </samp>]
  <span class=sf-dump-index>219</span> => <span class=sf-dump-note>array:8</span> [<samp data-depth=2 class=sf-dump-compact>
    \"<span class=sf-dump-key>id</span>\" => <span class=sf-dump-num>220</span>
    \"<span class=sf-dump-key>name</span>\" => \"<span class=sf-dump-str title=\"5 characters\">Tonga</span>\"
    \"<span class=sf-dump-key>currency</span>\" => \"<span class=sf-dump-str title=\"3 characters\">TOP</span>\"
    \"<span class=sf-dump-key>iso2</span>\" => \"<span class=sf-dump-str title=\"2 characters\">TO</span>\"
    \"<span class=sf-dump-key>status</span>\" => \"<span class=sf-dump-str title=\"6 characters\">active</span>\"
    \"<span class=sf-dump-key>created_at</span>\" => \"<span class=sf-dump-str title=\"27 characters\">2024-09-28T21:19:48.000000Z</span>\"
    \"<span class=sf-dump-key>updated_at</span>\" => \"<span class=sf-dump-str title=\"27 characters\">2024-09-28T21:19:48.000000Z</span>\"
    \"<span class=sf-dump-key>deleted_at</span>\" => <span class=sf-dump-const>null</span>
  </samp>]
  <span class=sf-dump-index>220</span> => <span class=sf-dump-note>array:8</span> [<samp data-depth=2 class=sf-dump-compact>
    \"<span class=sf-dump-key>id</span>\" => <span class=sf-dump-num>221</span>
    \"<span class=sf-dump-key>name</span>\" => \"<span class=sf-dump-str title=\"19 characters\">Trinidad and Tobago</span>\"
    \"<span class=sf-dump-key>currency</span>\" => \"<span class=sf-dump-str title=\"3 characters\">TTD</span>\"
    \"<span class=sf-dump-key>iso2</span>\" => \"<span class=sf-dump-str title=\"2 characters\">TT</span>\"
    \"<span class=sf-dump-key>status</span>\" => \"<span class=sf-dump-str title=\"6 characters\">active</span>\"
    \"<span class=sf-dump-key>created_at</span>\" => \"<span class=sf-dump-str title=\"27 characters\">2024-09-28T21:19:48.000000Z</span>\"
    \"<span class=sf-dump-key>updated_at</span>\" => \"<span class=sf-dump-str title=\"27 characters\">2024-09-28T21:19:48.000000Z</span>\"
    \"<span class=sf-dump-key>deleted_at</span>\" => <span class=sf-dump-const>null</span>
  </samp>]
  <span class=sf-dump-index>221</span> => <span class=sf-dump-note>array:8</span> [<samp data-depth=2 class=sf-dump-compact>
    \"<span class=sf-dump-key>id</span>\" => <span class=sf-dump-num>222</span>
    \"<span class=sf-dump-key>name</span>\" => \"<span class=sf-dump-str title=\"7 characters\">Tunisia</span>\"
    \"<span class=sf-dump-key>currency</span>\" => \"<span class=sf-dump-str title=\"3 characters\">TND</span>\"
    \"<span class=sf-dump-key>iso2</span>\" => \"<span class=sf-dump-str title=\"2 characters\">TN</span>\"
    \"<span class=sf-dump-key>status</span>\" => \"<span class=sf-dump-str title=\"6 characters\">active</span>\"
    \"<span class=sf-dump-key>created_at</span>\" => \"<span class=sf-dump-str title=\"27 characters\">2024-09-28T21:19:48.000000Z</span>\"
    \"<span class=sf-dump-key>updated_at</span>\" => \"<span class=sf-dump-str title=\"27 characters\">2024-09-28T21:19:48.000000Z</span>\"
    \"<span class=sf-dump-key>deleted_at</span>\" => <span class=sf-dump-const>null</span>
  </samp>]
  <span class=sf-dump-index>222</span> => <span class=sf-dump-note>array:8</span> [<samp data-depth=2 class=sf-dump-compact>
    \"<span class=sf-dump-key>id</span>\" => <span class=sf-dump-num>223</span>
    \"<span class=sf-dump-key>name</span>\" => \"<span class=sf-dump-str title=\"6 characters\">Turkey</span>\"
    \"<span class=sf-dump-key>currency</span>\" => \"<span class=sf-dump-str title=\"3 characters\">TRY</span>\"
    \"<span class=sf-dump-key>iso2</span>\" => \"<span class=sf-dump-str title=\"2 characters\">TR</span>\"
    \"<span class=sf-dump-key>status</span>\" => \"<span class=sf-dump-str title=\"6 characters\">active</span>\"
    \"<span class=sf-dump-key>created_at</span>\" => \"<span class=sf-dump-str title=\"27 characters\">2024-09-28T21:19:48.000000Z</span>\"
    \"<span class=sf-dump-key>updated_at</span>\" => \"<span class=sf-dump-str title=\"27 characters\">2024-09-28T21:19:48.000000Z</span>\"
    \"<span class=sf-dump-key>deleted_at</span>\" => <span class=sf-dump-const>null</span>
  </samp>]
  <span class=sf-dump-index>223</span> => <span class=sf-dump-note>array:8</span> [<samp data-depth=2 class=sf-dump-compact>
    \"<span class=sf-dump-key>id</span>\" => <span class=sf-dump-num>224</span>
    \"<span class=sf-dump-key>name</span>\" => \"<span class=sf-dump-str title=\"12 characters\">Turkmenistan</span>\"
    \"<span class=sf-dump-key>currency</span>\" => \"<span class=sf-dump-str title=\"3 characters\">TMT</span>\"
    \"<span class=sf-dump-key>iso2</span>\" => \"<span class=sf-dump-str title=\"2 characters\">TM</span>\"
    \"<span class=sf-dump-key>status</span>\" => \"<span class=sf-dump-str title=\"6 characters\">active</span>\"
    \"<span class=sf-dump-key>created_at</span>\" => \"<span class=sf-dump-str title=\"27 characters\">2024-09-28T21:19:48.000000Z</span>\"
    \"<span class=sf-dump-key>updated_at</span>\" => \"<span class=sf-dump-str title=\"27 characters\">2024-09-28T21:19:48.000000Z</span>\"
    \"<span class=sf-dump-key>deleted_at</span>\" => <span class=sf-dump-const>null</span>
  </samp>]
  <span class=sf-dump-index>224</span> => <span class=sf-dump-note>array:8</span> [<samp data-depth=2 class=sf-dump-compact>
    \"<span class=sf-dump-key>id</span>\" => <span class=sf-dump-num>225</span>
    \"<span class=sf-dump-key>name</span>\" => \"<span class=sf-dump-str title=\"24 characters\">Turks and Caicos Islands</span>\"
    \"<span class=sf-dump-key>currency</span>\" => \"<span class=sf-dump-str title=\"3 characters\">USD</span>\"
    \"<span class=sf-dump-key>iso2</span>\" => \"<span class=sf-dump-str title=\"2 characters\">TC</span>\"
    \"<span class=sf-dump-key>status</span>\" => \"<span class=sf-dump-str title=\"6 characters\">active</span>\"
    \"<span class=sf-dump-key>created_at</span>\" => \"<span class=sf-dump-str title=\"27 characters\">2024-09-28T21:19:48.000000Z</span>\"
    \"<span class=sf-dump-key>updated_at</span>\" => \"<span class=sf-dump-str title=\"27 characters\">2024-09-28T21:19:48.000000Z</span>\"
    \"<span class=sf-dump-key>deleted_at</span>\" => <span class=sf-dump-const>null</span>
  </samp>]
  <span class=sf-dump-index>225</span> => <span class=sf-dump-note>array:8</span> [<samp data-depth=2 class=sf-dump-compact>
    \"<span class=sf-dump-key>id</span>\" => <span class=sf-dump-num>226</span>
    \"<span class=sf-dump-key>name</span>\" => \"<span class=sf-dump-str title=\"6 characters\">Tuvalu</span>\"
    \"<span class=sf-dump-key>currency</span>\" => \"<span class=sf-dump-str title=\"3 characters\">AUD</span>\"
    \"<span class=sf-dump-key>iso2</span>\" => \"<span class=sf-dump-str title=\"2 characters\">TV</span>\"
    \"<span class=sf-dump-key>status</span>\" => \"<span class=sf-dump-str title=\"6 characters\">active</span>\"
    \"<span class=sf-dump-key>created_at</span>\" => \"<span class=sf-dump-str title=\"27 characters\">2024-09-28T21:19:48.000000Z</span>\"
    \"<span class=sf-dump-key>updated_at</span>\" => \"<span class=sf-dump-str title=\"27 characters\">2024-09-28T21:19:48.000000Z</span>\"
    \"<span class=sf-dump-key>deleted_at</span>\" => <span class=sf-dump-const>null</span>
  </samp>]
  <span class=sf-dump-index>226</span> => <span class=sf-dump-note>array:8</span> [<samp data-depth=2 class=sf-dump-compact>
    \"<span class=sf-dump-key>id</span>\" => <span class=sf-dump-num>227</span>
    \"<span class=sf-dump-key>name</span>\" => \"<span class=sf-dump-str title=\"6 characters\">Uganda</span>\"
    \"<span class=sf-dump-key>currency</span>\" => \"<span class=sf-dump-str title=\"3 characters\">UGX</span>\"
    \"<span class=sf-dump-key>iso2</span>\" => \"<span class=sf-dump-str title=\"2 characters\">UG</span>\"
    \"<span class=sf-dump-key>status</span>\" => \"<span class=sf-dump-str title=\"6 characters\">active</span>\"
    \"<span class=sf-dump-key>created_at</span>\" => \"<span class=sf-dump-str title=\"27 characters\">2024-09-28T21:19:48.000000Z</span>\"
    \"<span class=sf-dump-key>updated_at</span>\" => \"<span class=sf-dump-str title=\"27 characters\">2024-09-28T21:19:48.000000Z</span>\"
    \"<span class=sf-dump-key>deleted_at</span>\" => <span class=sf-dump-const>null</span>
  </samp>]
  <span class=sf-dump-index>227</span> => <span class=sf-dump-note>array:8</span> [<samp data-depth=2 class=sf-dump-compact>
    \"<span class=sf-dump-key>id</span>\" => <span class=sf-dump-num>228</span>
    \"<span class=sf-dump-key>name</span>\" => \"<span class=sf-dump-str title=\"7 characters\">Ukraine</span>\"
    \"<span class=sf-dump-key>currency</span>\" => \"<span class=sf-dump-str title=\"3 characters\">UAH</span>\"
    \"<span class=sf-dump-key>iso2</span>\" => \"<span class=sf-dump-str title=\"2 characters\">UA</span>\"
    \"<span class=sf-dump-key>status</span>\" => \"<span class=sf-dump-str title=\"6 characters\">active</span>\"
    \"<span class=sf-dump-key>created_at</span>\" => \"<span class=sf-dump-str title=\"27 characters\">2024-09-28T21:19:48.000000Z</span>\"
    \"<span class=sf-dump-key>updated_at</span>\" => \"<span class=sf-dump-str title=\"27 characters\">2024-09-28T21:19:48.000000Z</span>\"
    \"<span class=sf-dump-key>deleted_at</span>\" => <span class=sf-dump-const>null</span>
  </samp>]
  <span class=sf-dump-index>228</span> => <span class=sf-dump-note>array:8</span> [<samp data-depth=2 class=sf-dump-compact>
    \"<span class=sf-dump-key>id</span>\" => <span class=sf-dump-num>229</span>
    \"<span class=sf-dump-key>name</span>\" => \"<span class=sf-dump-str title=\"20 characters\">United Arab Emirates</span>\"
    \"<span class=sf-dump-key>currency</span>\" => \"<span class=sf-dump-str title=\"3 characters\">AED</span>\"
    \"<span class=sf-dump-key>iso2</span>\" => \"<span class=sf-dump-str title=\"2 characters\">AE</span>\"
    \"<span class=sf-dump-key>status</span>\" => \"<span class=sf-dump-str title=\"6 characters\">active</span>\"
    \"<span class=sf-dump-key>created_at</span>\" => \"<span class=sf-dump-str title=\"27 characters\">2024-09-28T21:19:48.000000Z</span>\"
    \"<span class=sf-dump-key>updated_at</span>\" => \"<span class=sf-dump-str title=\"27 characters\">2024-09-28T21:19:48.000000Z</span>\"
    \"<span class=sf-dump-key>deleted_at</span>\" => <span class=sf-dump-const>null</span>
  </samp>]
  <span class=sf-dump-index>229</span> => <span class=sf-dump-note>array:8</span> [<samp data-depth=2 class=sf-dump-compact>
    \"<span class=sf-dump-key>id</span>\" => <span class=sf-dump-num>230</span>
    \"<span class=sf-dump-key>name</span>\" => \"<span class=sf-dump-str title=\"14 characters\">United Kingdom</span>\"
    \"<span class=sf-dump-key>currency</span>\" => \"<span class=sf-dump-str title=\"3 characters\">GBP</span>\"
    \"<span class=sf-dump-key>iso2</span>\" => \"<span class=sf-dump-str title=\"2 characters\">GB</span>\"
    \"<span class=sf-dump-key>status</span>\" => \"<span class=sf-dump-str title=\"6 characters\">active</span>\"
    \"<span class=sf-dump-key>created_at</span>\" => \"<span class=sf-dump-str title=\"27 characters\">2024-09-28T21:19:48.000000Z</span>\"
    \"<span class=sf-dump-key>updated_at</span>\" => \"<span class=sf-dump-str title=\"27 characters\">2024-09-28T21:19:48.000000Z</span>\"
    \"<span class=sf-dump-key>deleted_at</span>\" => <span class=sf-dump-const>null</span>
  </samp>]
  <span class=sf-dump-index>230</span> => <span class=sf-dump-note>array:8</span> [<samp data-depth=2 class=sf-dump-compact>
    \"<span class=sf-dump-key>id</span>\" => <span class=sf-dump-num>231</span>
    \"<span class=sf-dump-key>name</span>\" => \"<span class=sf-dump-str title=\"13 characters\">United States</span>\"
    \"<span class=sf-dump-key>currency</span>\" => \"<span class=sf-dump-str title=\"3 characters\">USD</span>\"
    \"<span class=sf-dump-key>iso2</span>\" => \"<span class=sf-dump-str title=\"2 characters\">US</span>\"
    \"<span class=sf-dump-key>status</span>\" => \"<span class=sf-dump-str title=\"6 characters\">active</span>\"
    \"<span class=sf-dump-key>created_at</span>\" => \"<span class=sf-dump-str title=\"27 characters\">2024-09-28T21:19:48.000000Z</span>\"
    \"<span class=sf-dump-key>updated_at</span>\" => \"<span class=sf-dump-str title=\"27 characters\">2024-09-28T21:19:48.000000Z</span>\"
    \"<span class=sf-dump-key>deleted_at</span>\" => <span class=sf-dump-const>null</span>
  </samp>]
  <span class=sf-dump-index>231</span> => <span class=sf-dump-note>array:8</span> [<samp data-depth=2 class=sf-dump-compact>
    \"<span class=sf-dump-key>id</span>\" => <span class=sf-dump-num>232</span>
    \"<span class=sf-dump-key>name</span>\" => \"<span class=sf-dump-str title=\"36 characters\">United States Minor Outlying Islands</span>\"
    \"<span class=sf-dump-key>currency</span>\" => \"<span class=sf-dump-str title=\"3 characters\">USD</span>\"
    \"<span class=sf-dump-key>iso2</span>\" => \"<span class=sf-dump-str title=\"2 characters\">UM</span>\"
    \"<span class=sf-dump-key>status</span>\" => \"<span class=sf-dump-str title=\"6 characters\">active</span>\"
    \"<span class=sf-dump-key>created_at</span>\" => \"<span class=sf-dump-str title=\"27 characters\">2024-09-28T21:19:48.000000Z</span>\"
    \"<span class=sf-dump-key>updated_at</span>\" => \"<span class=sf-dump-str title=\"27 characters\">2024-09-28T21:19:48.000000Z</span>\"
    \"<span class=sf-dump-key>deleted_at</span>\" => <span class=sf-dump-const>null</span>
  </samp>]
  <span class=sf-dump-index>232</span> => <span class=sf-dump-note>array:8</span> [<samp data-depth=2 class=sf-dump-compact>
    \"<span class=sf-dump-key>id</span>\" => <span class=sf-dump-num>233</span>
    \"<span class=sf-dump-key>name</span>\" => \"<span class=sf-dump-str title=\"7 characters\">Uruguay</span>\"
    \"<span class=sf-dump-key>currency</span>\" => \"<span class=sf-dump-str title=\"3 characters\">UYU</span>\"
    \"<span class=sf-dump-key>iso2</span>\" => \"<span class=sf-dump-str title=\"2 characters\">UY</span>\"
    \"<span class=sf-dump-key>status</span>\" => \"<span class=sf-dump-str title=\"6 characters\">active</span>\"
    \"<span class=sf-dump-key>created_at</span>\" => \"<span class=sf-dump-str title=\"27 characters\">2024-09-28T21:19:48.000000Z</span>\"
    \"<span class=sf-dump-key>updated_at</span>\" => \"<span class=sf-dump-str title=\"27 characters\">2024-09-28T21:19:48.000000Z</span>\"
    \"<span class=sf-dump-key>deleted_at</span>\" => <span class=sf-dump-const>null</span>
  </samp>]
  <span class=sf-dump-index>233</span> => <span class=sf-dump-note>array:8</span> [<samp data-depth=2 class=sf-dump-compact>
    \"<span class=sf-dump-key>id</span>\" => <span class=sf-dump-num>234</span>
    \"<span class=sf-dump-key>name</span>\" => \"<span class=sf-dump-str title=\"10 characters\">Uzbekistan</span>\"
    \"<span class=sf-dump-key>currency</span>\" => \"<span class=sf-dump-str title=\"3 characters\">UZS</span>\"
    \"<span class=sf-dump-key>iso2</span>\" => \"<span class=sf-dump-str title=\"2 characters\">UZ</span>\"
    \"<span class=sf-dump-key>status</span>\" => \"<span class=sf-dump-str title=\"6 characters\">active</span>\"
    \"<span class=sf-dump-key>created_at</span>\" => \"<span class=sf-dump-str title=\"27 characters\">2024-09-28T21:19:48.000000Z</span>\"
    \"<span class=sf-dump-key>updated_at</span>\" => \"<span class=sf-dump-str title=\"27 characters\">2024-09-28T21:19:48.000000Z</span>\"
    \"<span class=sf-dump-key>deleted_at</span>\" => <span class=sf-dump-const>null</span>
  </samp>]
  <span class=sf-dump-index>234</span> => <span class=sf-dump-note>array:8</span> [<samp data-depth=2 class=sf-dump-compact>
    \"<span class=sf-dump-key>id</span>\" => <span class=sf-dump-num>235</span>
    \"<span class=sf-dump-key>name</span>\" => \"<span class=sf-dump-str title=\"7 characters\">Vanuatu</span>\"
    \"<span class=sf-dump-key>currency</span>\" => \"<span class=sf-dump-str title=\"3 characters\">VUV</span>\"
    \"<span class=sf-dump-key>iso2</span>\" => \"<span class=sf-dump-str title=\"2 characters\">VU</span>\"
    \"<span class=sf-dump-key>status</span>\" => \"<span class=sf-dump-str title=\"6 characters\">active</span>\"
    \"<span class=sf-dump-key>created_at</span>\" => \"<span class=sf-dump-str title=\"27 characters\">2024-09-28T21:19:48.000000Z</span>\"
    \"<span class=sf-dump-key>updated_at</span>\" => \"<span class=sf-dump-str title=\"27 characters\">2024-09-28T21:19:48.000000Z</span>\"
    \"<span class=sf-dump-key>deleted_at</span>\" => <span class=sf-dump-const>null</span>
  </samp>]
  <span class=sf-dump-index>235</span> => <span class=sf-dump-note>array:8</span> [<samp data-depth=2 class=sf-dump-compact>
    \"<span class=sf-dump-key>id</span>\" => <span class=sf-dump-num>236</span>
    \"<span class=sf-dump-key>name</span>\" => \"<span class=sf-dump-str title=\"29 characters\">Vatican City State (Holy See)</span>\"
    \"<span class=sf-dump-key>currency</span>\" => \"<span class=sf-dump-str title=\"3 characters\">EUR</span>\"
    \"<span class=sf-dump-key>iso2</span>\" => \"<span class=sf-dump-str title=\"2 characters\">VA</span>\"
    \"<span class=sf-dump-key>status</span>\" => \"<span class=sf-dump-str title=\"6 characters\">active</span>\"
    \"<span class=sf-dump-key>created_at</span>\" => \"<span class=sf-dump-str title=\"27 characters\">2024-09-28T21:19:48.000000Z</span>\"
    \"<span class=sf-dump-key>updated_at</span>\" => \"<span class=sf-dump-str title=\"27 characters\">2024-09-28T21:19:48.000000Z</span>\"
    \"<span class=sf-dump-key>deleted_at</span>\" => <span class=sf-dump-const>null</span>
  </samp>]
  <span class=sf-dump-index>236</span> => <span class=sf-dump-note>array:8</span> [<samp data-depth=2 class=sf-dump-compact>
    \"<span class=sf-dump-key>id</span>\" => <span class=sf-dump-num>237</span>
    \"<span class=sf-dump-key>name</span>\" => \"<span class=sf-dump-str title=\"9 characters\">Venezuela</span>\"
    \"<span class=sf-dump-key>currency</span>\" => \"<span class=sf-dump-str title=\"3 characters\">VEF</span>\"
    \"<span class=sf-dump-key>iso2</span>\" => \"<span class=sf-dump-str title=\"2 characters\">VE</span>\"
    \"<span class=sf-dump-key>status</span>\" => \"<span class=sf-dump-str title=\"6 characters\">active</span>\"
    \"<span class=sf-dump-key>created_at</span>\" => \"<span class=sf-dump-str title=\"27 characters\">2024-09-28T21:19:48.000000Z</span>\"
    \"<span class=sf-dump-key>updated_at</span>\" => \"<span class=sf-dump-str title=\"27 characters\">2024-09-28T21:19:48.000000Z</span>\"
    \"<span class=sf-dump-key>deleted_at</span>\" => <span class=sf-dump-const>null</span>
  </samp>]
  <span class=sf-dump-index>237</span> => <span class=sf-dump-note>array:8</span> [<samp data-depth=2 class=sf-dump-compact>
    \"<span class=sf-dump-key>id</span>\" => <span class=sf-dump-num>238</span>
    \"<span class=sf-dump-key>name</span>\" => \"<span class=sf-dump-str title=\"7 characters\">Vietnam</span>\"
    \"<span class=sf-dump-key>currency</span>\" => \"<span class=sf-dump-str title=\"3 characters\">VND</span>\"
    \"<span class=sf-dump-key>iso2</span>\" => \"<span class=sf-dump-str title=\"2 characters\">VN</span>\"
    \"<span class=sf-dump-key>status</span>\" => \"<span class=sf-dump-str title=\"6 characters\">active</span>\"
    \"<span class=sf-dump-key>created_at</span>\" => \"<span class=sf-dump-str title=\"27 characters\">2024-09-28T21:19:48.000000Z</span>\"
    \"<span class=sf-dump-key>updated_at</span>\" => \"<span class=sf-dump-str title=\"27 characters\">2024-09-28T21:19:48.000000Z</span>\"
    \"<span class=sf-dump-key>deleted_at</span>\" => <span class=sf-dump-const>null</span>
  </samp>]
  <span class=sf-dump-index>238</span> => <span class=sf-dump-note>array:8</span> [<samp data-depth=2 class=sf-dump-compact>
    \"<span class=sf-dump-key>id</span>\" => <span class=sf-dump-num>239</span>
    \"<span class=sf-dump-key>name</span>\" => \"<span class=sf-dump-str title=\"24 characters\">Virgin Islands (British)</span>\"
    \"<span class=sf-dump-key>currency</span>\" => \"<span class=sf-dump-str title=\"3 characters\">USD</span>\"
    \"<span class=sf-dump-key>iso2</span>\" => \"<span class=sf-dump-str title=\"2 characters\">VG</span>\"
    \"<span class=sf-dump-key>status</span>\" => \"<span class=sf-dump-str title=\"6 characters\">active</span>\"
    \"<span class=sf-dump-key>created_at</span>\" => \"<span class=sf-dump-str title=\"27 characters\">2024-09-28T21:19:48.000000Z</span>\"
    \"<span class=sf-dump-key>updated_at</span>\" => \"<span class=sf-dump-str title=\"27 characters\">2024-09-28T21:19:48.000000Z</span>\"
    \"<span class=sf-dump-key>deleted_at</span>\" => <span class=sf-dump-const>null</span>
  </samp>]
  <span class=sf-dump-index>239</span> => <span class=sf-dump-note>array:8</span> [<samp data-depth=2 class=sf-dump-compact>
    \"<span class=sf-dump-key>id</span>\" => <span class=sf-dump-num>240</span>
    \"<span class=sf-dump-key>name</span>\" => \"<span class=sf-dump-str title=\"19 characters\">Virgin Islands (US)</span>\"
    \"<span class=sf-dump-key>currency</span>\" => \"<span class=sf-dump-str title=\"3 characters\">USD</span>\"
    \"<span class=sf-dump-key>iso2</span>\" => \"<span class=sf-dump-str title=\"2 characters\">VI</span>\"
    \"<span class=sf-dump-key>status</span>\" => \"<span class=sf-dump-str title=\"6 characters\">active</span>\"
    \"<span class=sf-dump-key>created_at</span>\" => \"<span class=sf-dump-str title=\"27 characters\">2024-09-28T21:19:48.000000Z</span>\"
    \"<span class=sf-dump-key>updated_at</span>\" => \"<span class=sf-dump-str title=\"27 characters\">2024-09-28T21:19:48.000000Z</span>\"
    \"<span class=sf-dump-key>deleted_at</span>\" => <span class=sf-dump-const>null</span>
  </samp>]
  <span class=sf-dump-index>240</span> => <span class=sf-dump-note>array:8</span> [<samp data-depth=2 class=sf-dump-compact>
    \"<span class=sf-dump-key>id</span>\" => <span class=sf-dump-num>241</span>
    \"<span class=sf-dump-key>name</span>\" => \"<span class=sf-dump-str title=\"25 characters\">Wallis and Futuna Islands</span>\"
    \"<span class=sf-dump-key>currency</span>\" => \"<span class=sf-dump-str title=\"3 characters\">XPF</span>\"
    \"<span class=sf-dump-key>iso2</span>\" => \"<span class=sf-dump-str title=\"2 characters\">WF</span>\"
    \"<span class=sf-dump-key>status</span>\" => \"<span class=sf-dump-str title=\"6 characters\">active</span>\"
    \"<span class=sf-dump-key>created_at</span>\" => \"<span class=sf-dump-str title=\"27 characters\">2024-09-28T21:19:48.000000Z</span>\"
    \"<span class=sf-dump-key>updated_at</span>\" => \"<span class=sf-dump-str title=\"27 characters\">2024-09-28T21:19:48.000000Z</span>\"
    \"<span class=sf-dump-key>deleted_at</span>\" => <span class=sf-dump-const>null</span>
  </samp>]
  <span class=sf-dump-index>241</span> => <span class=sf-dump-note>array:8</span> [<samp data-depth=2 class=sf-dump-compact>
    \"<span class=sf-dump-key>id</span>\" => <span class=sf-dump-num>242</span>
    \"<span class=sf-dump-key>name</span>\" => \"<span class=sf-dump-str title=\"14 characters\">Western Sahara</span>\"
    \"<span class=sf-dump-key>currency</span>\" => \"<span class=sf-dump-str title=\"3 characters\">MAD</span>\"
    \"<span class=sf-dump-key>iso2</span>\" => \"<span class=sf-dump-str title=\"2 characters\">EH</span>\"
    \"<span class=sf-dump-key>status</span>\" => \"<span class=sf-dump-str title=\"6 characters\">active</span>\"
    \"<span class=sf-dump-key>created_at</span>\" => \"<span class=sf-dump-str title=\"27 characters\">2024-09-28T21:19:48.000000Z</span>\"
    \"<span class=sf-dump-key>updated_at</span>\" => \"<span class=sf-dump-str title=\"27 characters\">2024-09-28T21:19:48.000000Z</span>\"
    \"<span class=sf-dump-key>deleted_at</span>\" => <span class=sf-dump-const>null</span>
  </samp>]
  <span class=sf-dump-index>242</span> => <span class=sf-dump-note>array:8</span> [<samp data-depth=2 class=sf-dump-compact>
    \"<span class=sf-dump-key>id</span>\" => <span class=sf-dump-num>243</span>
    \"<span class=sf-dump-key>name</span>\" => \"<span class=sf-dump-str title=\"5 characters\">Yemen</span>\"
    \"<span class=sf-dump-key>currency</span>\" => \"<span class=sf-dump-str title=\"3 characters\">YER</span>\"
    \"<span class=sf-dump-key>iso2</span>\" => \"<span class=sf-dump-str title=\"2 characters\">YE</span>\"
    \"<span class=sf-dump-key>status</span>\" => \"<span class=sf-dump-str title=\"6 characters\">active</span>\"
    \"<span class=sf-dump-key>created_at</span>\" => \"<span class=sf-dump-str title=\"27 characters\">2024-09-28T21:19:48.000000Z</span>\"
    \"<span class=sf-dump-key>updated_at</span>\" => \"<span class=sf-dump-str title=\"27 characters\">2024-09-28T21:19:48.000000Z</span>\"
    \"<span class=sf-dump-key>deleted_at</span>\" => <span class=sf-dump-const>null</span>
  </samp>]
  <span class=sf-dump-index>243</span> => <span class=sf-dump-note>array:8</span> [<samp data-depth=2 class=sf-dump-compact>
    \"<span class=sf-dump-key>id</span>\" => <span class=sf-dump-num>244</span>
    \"<span class=sf-dump-key>name</span>\" => \"<span class=sf-dump-str title=\"10 characters\">Yugoslavia</span>\"
    \"<span class=sf-dump-key>currency</span>\" => \"<span class=sf-dump-str title=\"3 characters\">YUM</span>\"
    \"<span class=sf-dump-key>iso2</span>\" => \"<span class=sf-dump-str title=\"2 characters\">YU</span>\"
    \"<span class=sf-dump-key>status</span>\" => \"<span class=sf-dump-str title=\"6 characters\">active</span>\"
    \"<span class=sf-dump-key>created_at</span>\" => \"<span class=sf-dump-str title=\"27 characters\">2024-09-28T21:19:48.000000Z</span>\"
    \"<span class=sf-dump-key>updated_at</span>\" => \"<span class=sf-dump-str title=\"27 characters\">2024-09-28T21:19:48.000000Z</span>\"
    \"<span class=sf-dump-key>deleted_at</span>\" => <span class=sf-dump-const>null</span>
  </samp>]
  <span class=sf-dump-index>244</span> => <span class=sf-dump-note>array:8</span> [<samp data-depth=2 class=sf-dump-compact>
    \"<span class=sf-dump-key>id</span>\" => <span class=sf-dump-num>245</span>
    \"<span class=sf-dump-key>name</span>\" => \"<span class=sf-dump-str title=\"6 characters\">Zambia</span>\"
    \"<span class=sf-dump-key>currency</span>\" => \"<span class=sf-dump-str title=\"3 characters\">ZMW</span>\"
    \"<span class=sf-dump-key>iso2</span>\" => \"<span class=sf-dump-str title=\"2 characters\">ZM</span>\"
    \"<span class=sf-dump-key>status</span>\" => \"<span class=sf-dump-str title=\"6 characters\">active</span>\"
    \"<span class=sf-dump-key>created_at</span>\" => \"<span class=sf-dump-str title=\"27 characters\">2024-09-28T21:19:48.000000Z</span>\"
    \"<span class=sf-dump-key>updated_at</span>\" => \"<span class=sf-dump-str title=\"27 characters\">2024-09-28T21:19:48.000000Z</span>\"
    \"<span class=sf-dump-key>deleted_at</span>\" => <span class=sf-dump-const>null</span>
  </samp>]
  <span class=sf-dump-index>245</span> => <span class=sf-dump-note>array:8</span> [<samp data-depth=2 class=sf-dump-compact>
    \"<span class=sf-dump-key>id</span>\" => <span class=sf-dump-num>246</span>
    \"<span class=sf-dump-key>name</span>\" => \"<span class=sf-dump-str title=\"8 characters\">Zimbabwe</span>\"
    \"<span class=sf-dump-key>currency</span>\" => \"<span class=sf-dump-str title=\"3 characters\">ZWL</span>\"
    \"<span class=sf-dump-key>iso2</span>\" => \"<span class=sf-dump-str title=\"2 characters\">ZW</span>\"
    \"<span class=sf-dump-key>status</span>\" => \"<span class=sf-dump-str title=\"6 characters\">active</span>\"
    \"<span class=sf-dump-key>created_at</span>\" => \"<span class=sf-dump-str title=\"27 characters\">2024-09-28T21:19:48.000000Z</span>\"
    \"<span class=sf-dump-key>updated_at</span>\" => \"<span class=sf-dump-str title=\"27 characters\">2024-09-28T21:19:48.000000Z</span>\"
    \"<span class=sf-dump-key>deleted_at</span>\" => <span class=sf-dump-const>null</span>
  </samp>]
</samp>]
</pre><script>Sfdump(\"sf-dump-2076400077\", {\"maxDepth\":3,\"maxStringLength\":160})</script>
","states":"<pre class=sf-dump id=sf-dump-182698883 data-indent-pad=\"  \">[]
</pre><script>Sfdump(\"sf-dump-182698883\", {\"maxDepth\":3,\"maxStringLength\":160})</script>
","cities":"<pre class=sf-dump id=sf-dump-861183814 data-indent-pad=\"  \">[]
</pre><script>Sfdump(\"sf-dump-861183814\", {\"maxDepth\":3,\"maxStringLength\":160})</script>
","categories":"<pre class=sf-dump id=sf-dump-1137509666 data-indent-pad=\"  \">[]
</pre><script>Sfdump(\"sf-dump-1137509666\", {\"maxDepth\":3,\"maxStringLength\":160})</script>
","partners":"<pre class=sf-dump id=sf-dump-1956820022 data-indent-pad=\"  \">[]
</pre><script>Sfdump(\"sf-dump-1956820022\", {\"maxDepth\":3,\"maxStringLength\":160})</script>
"}},"exception":"[object] (Spatie\\LaravelIgnition\\Exceptions\\ViewException(code: 0): Undefined variable $page at C:\\Users\\lenovo\\Downloads\\revdb\\resources\\views\\auth\\publisher_register\\step_two.blade.php:122)
[stacktrace]
#0 C:\\Users\\lenovo\\Downloads\\revdb\\vendor\\laravel\\framework\\src\\Illuminate\\Foundation\\Bootstrap\\HandleExceptions.php(272): Illuminate\\Foundation\\Bootstrap\\HandleExceptions->handleError(2, 'Undefined varia...', 'C:\\\\Users\\\\lenovo...', 121)
#1 C:\\Users\\lenovo\\Downloads\\revdb\\resources\\views\\auth\\publisher_register\\step_two.blade.php(122): Illuminate\\Foundation\\Bootstrap\\HandleExceptions->Illuminate\\Foundation\\Bootstrap\\{closure}(2, 'Undefined varia...', 'C:\\\\Users\\\\lenovo...', 121)
#2 C:\\Users\\lenovo\\Downloads\\revdb\\vendor\\laravel\\framework\\src\\Illuminate\\Filesystem\\Filesystem.php(109): require('C:\\\\Users\\\\lenovo...')
#3 C:\\Users\\lenovo\\Downloads\\revdb\\vendor\\laravel\\framework\\src\\Illuminate\\Filesystem\\Filesystem.php(110): Illuminate\\Filesystem\\Filesystem::Illuminate\\Filesystem\\{closure}()
#4 C:\\Users\\lenovo\\Downloads\\revdb\\vendor\\laravel\\framework\\src\\Illuminate\\View\\Engines\\PhpEngine.php(58): Illuminate\\Filesystem\\Filesystem->getRequire('C:\\\\Users\\\\lenovo...', Array)
#5 C:\\Users\\lenovo\\Downloads\\revdb\\vendor\\laravel\\framework\\src\\Illuminate\\View\\Engines\\CompilerEngine.php(70): Illuminate\\View\\Engines\\PhpEngine->evaluatePath('C:\\\\Users\\\\lenovo...', Array)
#6 C:\\Users\\lenovo\\Downloads\\revdb\\vendor\\laravel\\framework\\src\\Illuminate\\View\\View.php(195): Illuminate\\View\\Engines\\CompilerEngine->get('C:\\\\Users\\\\lenovo...', Array)
#7 C:\\Users\\lenovo\\Downloads\\revdb\\vendor\\laravel\\framework\\src\\Illuminate\\View\\View.php(178): Illuminate\\View\\View->getContents()
#8 C:\\Users\\lenovo\\Downloads\\revdb\\vendor\\laravel\\framework\\src\\Illuminate\\View\\View.php(147): Illuminate\\View\\View->renderContents()
#9 C:\\Users\\lenovo\\Downloads\\revdb\\resources\\views\\auth\\publisher_register.blade.php(11): Illuminate\\View\\View->render()
#10 C:\\Users\\lenovo\\Downloads\\revdb\\vendor\\laravel\\framework\\src\\Illuminate\\Filesystem\\Filesystem.php(109): require('C:\\\\Users\\\\lenovo...')
#11 C:\\Users\\lenovo\\Downloads\\revdb\\vendor\\laravel\\framework\\src\\Illuminate\\Filesystem\\Filesystem.php(110): Illuminate\\Filesystem\\Filesystem::Illuminate\\Filesystem\\{closure}()
#12 C:\\Users\\lenovo\\Downloads\\revdb\\vendor\\laravel\\framework\\src\\Illuminate\\View\\Engines\\PhpEngine.php(58): Illuminate\\Filesystem\\Filesystem->getRequire('C:\\\\Users\\\\lenovo...', Array)
#13 C:\\Users\\lenovo\\Downloads\\revdb\\vendor\\laravel\\framework\\src\\Illuminate\\View\\Engines\\CompilerEngine.php(70): Illuminate\\View\\Engines\\PhpEngine->evaluatePath('C:\\\\Users\\\\lenovo...', Array)
#14 C:\\Users\\lenovo\\Downloads\\revdb\\vendor\\laravel\\framework\\src\\Illuminate\\View\\View.php(195): Illuminate\\View\\Engines\\CompilerEngine->get('C:\\\\Users\\\\lenovo...', Array)
#15 C:\\Users\\lenovo\\Downloads\\revdb\\vendor\\laravel\\framework\\src\\Illuminate\\View\\View.php(178): Illuminate\\View\\View->getContents()
#16 C:\\Users\\lenovo\\Downloads\\revdb\\vendor\\laravel\\framework\\src\\Illuminate\\View\\View.php(147): Illuminate\\View\\View->renderContents()
#17 C:\\Users\\lenovo\\Downloads\\revdb\\vendor\\laravel\\framework\\src\\Illuminate\\Http\\Response.php(69): Illuminate\\View\\View->render()
#18 C:\\Users\\lenovo\\Downloads\\revdb\\vendor\\laravel\\framework\\src\\Illuminate\\Http\\Response.php(35): Illuminate\\Http\\Response->setContent(Object(Illuminate\\View\\View))
#19 C:\\Users\\lenovo\\Downloads\\revdb\\vendor\\laravel\\framework\\src\\Illuminate\\Routing\\Router.php(906): Illuminate\\Http\\Response->__construct(Object(Illuminate\\View\\View), 200, Array)
#20 C:\\Users\\lenovo\\Downloads\\revdb\\vendor\\laravel\\framework\\src\\Illuminate\\Routing\\Router.php(875): Illuminate\\Routing\\Router::toResponse(Object(Illuminate\\Http\\Request), Object(Illuminate\\View\\View))
#21 C:\\Users\\lenovo\\Downloads\\revdb\\vendor\\laravel\\framework\\src\\Illuminate\\Routing\\Router.php(797): Illuminate\\Routing\\Router->prepareResponse(Object(Illuminate\\Http\\Request), Object(Illuminate\\View\\View))
#22 C:\\Users\\lenovo\\Downloads\\revdb\\vendor\\laravel\\framework\\src\\Illuminate\\Pipeline\\Pipeline.php(141): Illuminate\\Routing\\Router->Illuminate\\Routing\\{closure}(Object(Illuminate\\Http\\Request))
#23 C:\\Users\\lenovo\\Downloads\\revdb\\app\\Http\\Middleware\\RedirectIfAuthenticated.php(33): Illuminate\\Pipeline\\Pipeline->Illuminate\\Pipeline\\{closure}(Object(Illuminate\\Http\\Request))
#24 C:\\Users\\lenovo\\Downloads\\revdb\\vendor\\laravel\\framework\\src\\Illuminate\\Pipeline\\Pipeline.php(180): App\\Http\\Middleware\\RedirectIfAuthenticated->handle(Object(Illuminate\\Http\\Request), Object(Closure))
#25 C:\\Users\\lenovo\\Downloads\\revdb\\app\\Http\\Middleware\\SetLocale.php(24): Illuminate\\Pipeline\\Pipeline->Illuminate\\Pipeline\\{closure}(Object(Illuminate\\Http\\Request))
#26 C:\\Users\\lenovo\\Downloads\\revdb\\vendor\\laravel\\framework\\src\\Illuminate\\Pipeline\\Pipeline.php(180): App\\Http\\Middleware\\SetLocale->handle(Object(Illuminate\\Http\\Request), Object(Closure))
#27 C:\\Users\\lenovo\\Downloads\\revdb\\app\\Http\\Middleware\\AuthGates.php(44): Illuminate\\Pipeline\\Pipeline->Illuminate\\Pipeline\\{closure}(Object(Illuminate\\Http\\Request))
#28 C:\\Users\\lenovo\\Downloads\\revdb\\vendor\\laravel\\framework\\src\\Illuminate\\Pipeline\\Pipeline.php(180): App\\Http\\Middleware\\AuthGates->handle(Object(Illuminate\\Http\\Request), Object(Closure))
#29 C:\\Users\\lenovo\\Downloads\\revdb\\vendor\\laravel\\framework\\src\\Illuminate\\Routing\\Middleware\\SubstituteBindings.php(50): Illuminate\\Pipeline\\Pipeline->Illuminate\\Pipeline\\{closure}(Object(Illuminate\\Http\\Request))
#30 C:\\Users\\lenovo\\Downloads\\revdb\\vendor\\laravel\\framework\\src\\Illuminate\\Pipeline\\Pipeline.php(180): Illuminate\\Routing\\Middleware\\SubstituteBindings->handle(Object(Illuminate\\Http\\Request), Object(Closure))
#31 C:\\Users\\lenovo\\Downloads\\revdb\\vendor\\laravel\\framework\\src\\Illuminate\\Foundation\\Http\\Middleware\\VerifyCsrfToken.php(78): Illuminate\\Pipeline\\Pipeline->Illuminate\\Pipeline\\{closure}(Object(Illuminate\\Http\\Request))
#32 C:\\Users\\lenovo\\Downloads\\revdb\\vendor\\laravel\\framework\\src\\Illuminate\\Pipeline\\Pipeline.php(180): Illuminate\\Foundation\\Http\\Middleware\\VerifyCsrfToken->handle(Object(Illuminate\\Http\\Request), Object(Closure))
#33 C:\\Users\\lenovo\\Downloads\\revdb\\vendor\\laravel\\framework\\src\\Illuminate\\View\\Middleware\\ShareErrorsFromSession.php(49): Illuminate\\Pipeline\\Pipeline->Illuminate\\Pipeline\\{closure}(Object(Illuminate\\Http\\Request))
#34 C:\\Users\\lenovo\\Downloads\\revdb\\vendor\\laravel\\framework\\src\\Illuminate\\Pipeline\\Pipeline.php(180): Illuminate\\View\\Middleware\\ShareErrorsFromSession->handle(Object(Illuminate\\Http\\Request), Object(Closure))
#35 C:\\Users\\lenovo\\Downloads\\revdb\\vendor\\laravel\\framework\\src\\Illuminate\\Session\\Middleware\\StartSession.php(121): Illuminate\\Pipeline\\Pipeline->Illuminate\\Pipeline\\{closure}(Object(Illuminate\\Http\\Request))
#36 C:\\Users\\lenovo\\Downloads\\revdb\\vendor\\laravel\\framework\\src\\Illuminate\\Session\\Middleware\\StartSession.php(64): Illuminate\\Session\\Middleware\\StartSession->handleStatefulRequest(Object(Illuminate\\Http\\Request), Object(Illuminate\\Session\\Store), Object(Closure))
#37 C:\\Users\\lenovo\\Downloads\\revdb\\vendor\\laravel\\framework\\src\\Illuminate\\Pipeline\\Pipeline.php(180): Illuminate\\Session\\Middleware\\StartSession->handle(Object(Illuminate\\Http\\Request), Object(Closure))
#38 C:\\Users\\lenovo\\Downloads\\revdb\\vendor\\laravel\\framework\\src\\Illuminate\\Cookie\\Middleware\\AddQueuedCookiesToResponse.php(37): Illuminate\\Pipeline\\Pipeline->Illuminate\\Pipeline\\{closure}(Object(Illuminate\\Http\\Request))
#39 C:\\Users\\lenovo\\Downloads\\revdb\\vendor\\laravel\\framework\\src\\Illuminate\\Pipeline\\Pipeline.php(180): Illuminate\\Cookie\\Middleware\\AddQueuedCookiesToResponse->handle(Object(Illuminate\\Http\\Request), Object(Closure))
#40 C:\\Users\\lenovo\\Downloads\\revdb\\vendor\\laravel\\framework\\src\\Illuminate\\Cookie\\Middleware\\EncryptCookies.php(67): Illuminate\\Pipeline\\Pipeline->Illuminate\\Pipeline\\{closure}(Object(Illuminate\\Http\\Request))
#41 C:\\Users\\lenovo\\Downloads\\revdb\\vendor\\laravel\\framework\\src\\Illuminate\\Pipeline\\Pipeline.php(180): Illuminate\\Cookie\\Middleware\\EncryptCookies->handle(Object(Illuminate\\Http\\Request), Object(Closure))
#42 C:\\Users\\lenovo\\Downloads\\revdb\\vendor\\laravel\\framework\\src\\Illuminate\\Pipeline\\Pipeline.php(116): Illuminate\\Pipeline\\Pipeline->Illuminate\\Pipeline\\{closure}(Object(Illuminate\\Http\\Request))
#43 C:\\Users\\lenovo\\Downloads\\revdb\\vendor\\laravel\\framework\\src\\Illuminate\\Routing\\Router.php(797): Illuminate\\Pipeline\\Pipeline->then(Object(Closure))
#44 C:\\Users\\lenovo\\Downloads\\revdb\\vendor\\laravel\\framework\\src\\Illuminate\\Routing\\Router.php(776): Illuminate\\Routing\\Router->runRouteWithinStack(Object(Illuminate\\Routing\\Route), Object(Illuminate\\Http\\Request))
#45 C:\\Users\\lenovo\\Downloads\\revdb\\vendor\\laravel\\framework\\src\\Illuminate\\Routing\\Router.php(740): Illuminate\\Routing\\Router->runRoute(Object(Illuminate\\Http\\Request), Object(Illuminate\\Routing\\Route))
#46 C:\\Users\\lenovo\\Downloads\\revdb\\vendor\\laravel\\framework\\src\\Illuminate\\Routing\\Router.php(729): Illuminate\\Routing\\Router->dispatchToRoute(Object(Illuminate\\Http\\Request))
#47 C:\\Users\\lenovo\\Downloads\\revdb\\vendor\\laravel\\framework\\src\\Illuminate\\Foundation\\Http\\Kernel.php(190): Illuminate\\Routing\\Router->dispatch(Object(Illuminate\\Http\\Request))
#48 C:\\Users\\lenovo\\Downloads\\revdb\\vendor\\laravel\\framework\\src\\Illuminate\\Pipeline\\Pipeline.php(141): Illuminate\\Foundation\\Http\\Kernel->Illuminate\\Foundation\\Http\\{closure}(Object(Illuminate\\Http\\Request))
#49 C:\\Users\\lenovo\\Downloads\\revdb\\vendor\\laravel\\framework\\src\\Illuminate\\Foundation\\Http\\Middleware\\TransformsRequest.php(21): Illuminate\\Pipeline\\Pipeline->Illuminate\\Pipeline\\{closure}(Object(Illuminate\\Http\\Request))
#50 C:\\Users\\lenovo\\Downloads\\revdb\\vendor\\laravel\\framework\\src\\Illuminate\\Foundation\\Http\\Middleware\\ConvertEmptyStringsToNull.php(31): Illuminate\\Foundation\\Http\\Middleware\\TransformsRequest->handle(Object(Illuminate\\Http\\Request), Object(Closure))
#51 C:\\Users\\lenovo\\Downloads\\revdb\\vendor\\laravel\\framework\\src\\Illuminate\\Pipeline\\Pipeline.php(180): Illuminate\\Foundation\\Http\\Middleware\\ConvertEmptyStringsToNull->handle(Object(Illuminate\\Http\\Request), Object(Closure))
#52 C:\\Users\\lenovo\\Downloads\\revdb\\vendor\\laravel\\framework\\src\\Illuminate\\Foundation\\Http\\Middleware\\TransformsRequest.php(21): Illuminate\\Pipeline\\Pipeline->Illuminate\\Pipeline\\{closure}(Object(Illuminate\\Http\\Request))
#53 C:\\Users\\lenovo\\Downloads\\revdb\\vendor\\laravel\\framework\\src\\Illuminate\\Foundation\\Http\\Middleware\\TrimStrings.php(40): Illuminate\\Foundation\\Http\\Middleware\\TransformsRequest->handle(Object(Illuminate\\Http\\Request), Object(Closure))
#54 C:\\Users\\lenovo\\Downloads\\revdb\\vendor\\laravel\\framework\\src\\Illuminate\\Pipeline\\Pipeline.php(180): Illuminate\\Foundation\\Http\\Middleware\\TrimStrings->handle(Object(Illuminate\\Http\\Request), Object(Closure))
#55 C:\\Users\\lenovo\\Downloads\\revdb\\vendor\\laravel\\framework\\src\\Illuminate\\Foundation\\Http\\Middleware\\ValidatePostSize.php(27): Illuminate\\Pipeline\\Pipeline->Illuminate\\Pipeline\\{closure}(Object(Illuminate\\Http\\Request))
#56 C:\\Users\\lenovo\\Downloads\\revdb\\vendor\\laravel\\framework\\src\\Illuminate\\Pipeline\\Pipeline.php(180): Illuminate\\Foundation\\Http\\Middleware\\ValidatePostSize->handle(Object(Illuminate\\Http\\Request), Object(Closure))
#57 C:\\Users\\lenovo\\Downloads\\revdb\\vendor\\laravel\\framework\\src\\Illuminate\\Foundation\\Http\\Middleware\\PreventRequestsDuringMaintenance.php(86): Illuminate\\Pipeline\\Pipeline->Illuminate\\Pipeline\\{closure}(Object(Illuminate\\Http\\Request))
#58 C:\\Users\\lenovo\\Downloads\\revdb\\vendor\\laravel\\framework\\src\\Illuminate\\Pipeline\\Pipeline.php(180): Illuminate\\Foundation\\Http\\Middleware\\PreventRequestsDuringMaintenance->handle(Object(Illuminate\\Http\\Request), Object(Closure))
#59 C:\\Users\\lenovo\\Downloads\\revdb\\vendor\\laravel\\framework\\src\\Illuminate\\Http\\Middleware\\HandleCors.php(49): Illuminate\\Pipeline\\Pipeline->Illuminate\\Pipeline\\{closure}(Object(Illuminate\\Http\\Request))
#60 C:\\Users\\lenovo\\Downloads\\revdb\\vendor\\laravel\\framework\\src\\Illuminate\\Pipeline\\Pipeline.php(180): Illuminate\\Http\\Middleware\\HandleCors->handle(Object(Illuminate\\Http\\Request), Object(Closure))
#61 C:\\Users\\lenovo\\Downloads\\revdb\\vendor\\laravel\\framework\\src\\Illuminate\\Http\\Middleware\\TrustProxies.php(39): Illuminate\\Pipeline\\Pipeline->Illuminate\\Pipeline\\{closure}(Object(Illuminate\\Http\\Request))
#62 C:\\Users\\lenovo\\Downloads\\revdb\\vendor\\laravel\\framework\\src\\Illuminate\\Pipeline\\Pipeline.php(180): Illuminate\\Http\\Middleware\\TrustProxies->handle(Object(Illuminate\\Http\\Request), Object(Closure))
#63 C:\\Users\\lenovo\\Downloads\\revdb\\vendor\\laravel\\framework\\src\\Illuminate\\Pipeline\\Pipeline.php(116): Illuminate\\Pipeline\\Pipeline->Illuminate\\Pipeline\\{closure}(Object(Illuminate\\Http\\Request))
#64 C:\\Users\\lenovo\\Downloads\\revdb\\vendor\\laravel\\framework\\src\\Illuminate\\Foundation\\Http\\Kernel.php(165): Illuminate\\Pipeline\\Pipeline->then(Object(Closure))
#65 C:\\Users\\lenovo\\Downloads\\revdb\\vendor\\laravel\\framework\\src\\Illuminate\\Foundation\\Http\\Kernel.php(134): Illuminate\\Foundation\\Http\\Kernel->sendRequestThroughRouter(Object(Illuminate\\Http\\Request))
#66 C:\\Users\\lenovo\\Downloads\\revdb\\public\\index.php(51): Illuminate\\Foundation\\Http\\Kernel->handle(Object(Illuminate\\Http\\Request))
#67 C:\\Users\\lenovo\\Downloads\\revdb\\vendor\\laravel\\framework\\src\\Illuminate\\Foundation\\resources\\server.php(16): require_once('C:\\\\Users\\\\lenovo...')
#68 {main}

[previous exception] [object] (ErrorException(code: 0): Undefined variable $page at C:\\Users\\lenovo\\Downloads\\revdb\\storage\\framework\\views\\8431f97d124f5cf84a34835d72320963e43e52d1.php:121)
[stacktrace]
#0 C:\\Users\\lenovo\\Downloads\\revdb\\vendor\\laravel\\framework\\src\\Illuminate\\Foundation\\Bootstrap\\HandleExceptions.php(272): Illuminate\\Foundation\\Bootstrap\\HandleExceptions->handleError(2, 'Undefined varia...', 'C:\\\\Users\\\\lenovo...', 121)
#1 C:\\Users\\lenovo\\Downloads\\revdb\\storage\\framework\\views\\8431f97d124f5cf84a34835d72320963e43e52d1.php(121): Illuminate\\Foundation\\Bootstrap\\HandleExceptions->Illuminate\\Foundation\\Bootstrap\\{closure}(2, 'Undefined varia...', 'C:\\\\Users\\\\lenovo...', 121)
#2 C:\\Users\\lenovo\\Downloads\\revdb\\vendor\\laravel\\framework\\src\\Illuminate\\Filesystem\\Filesystem.php(109): require('C:\\\\Users\\\\lenovo...')
#3 C:\\Users\\lenovo\\Downloads\\revdb\\vendor\\laravel\\framework\\src\\Illuminate\\Filesystem\\Filesystem.php(110): Illuminate\\Filesystem\\Filesystem::Illuminate\\Filesystem\\{closure}()
#4 C:\\Users\\lenovo\\Downloads\\revdb\\vendor\\laravel\\framework\\src\\Illuminate\\View\\Engines\\PhpEngine.php(58): Illuminate\\Filesystem\\Filesystem->getRequire('C:\\\\Users\\\\lenovo...', Array)
#5 C:\\Users\\lenovo\\Downloads\\revdb\\vendor\\laravel\\framework\\src\\Illuminate\\View\\Engines\\CompilerEngine.php(70): Illuminate\\View\\Engines\\PhpEngine->evaluatePath('C:\\\\Users\\\\lenovo...', Array)
#6 C:\\Users\\lenovo\\Downloads\\revdb\\vendor\\laravel\\framework\\src\\Illuminate\\View\\View.php(195): Illuminate\\View\\Engines\\CompilerEngine->get('C:\\\\Users\\\\lenovo...', Array)
#7 C:\\Users\\lenovo\\Downloads\\revdb\\vendor\\laravel\\framework\\src\\Illuminate\\View\\View.php(178): Illuminate\\View\\View->getContents()
#8 C:\\Users\\lenovo\\Downloads\\revdb\\vendor\\laravel\\framework\\src\\Illuminate\\View\\View.php(147): Illuminate\\View\\View->renderContents()
#9 C:\\Users\\lenovo\\Downloads\\revdb\\storage\\framework\\views\\793438508e8fcd9f9c05ab0c6edeeff9178e4d82.php(9): Illuminate\\View\\View->render()
#10 C:\\Users\\lenovo\\Downloads\\revdb\\vendor\\laravel\\framework\\src\\Illuminate\\Filesystem\\Filesystem.php(109): require('C:\\\\Users\\\\lenovo...')
#11 C:\\Users\\lenovo\\Downloads\\revdb\\vendor\\laravel\\framework\\src\\Illuminate\\Filesystem\\Filesystem.php(110): Illuminate\\Filesystem\\Filesystem::Illuminate\\Filesystem\\{closure}()
#12 C:\\Users\\lenovo\\Downloads\\revdb\\vendor\\laravel\\framework\\src\\Illuminate\\View\\Engines\\PhpEngine.php(58): Illuminate\\Filesystem\\Filesystem->getRequire('C:\\\\Users\\\\lenovo...', Array)
#13 C:\\Users\\lenovo\\Downloads\\revdb\\vendor\\laravel\\framework\\src\\Illuminate\\View\\Engines\\CompilerEngine.php(70): Illuminate\\View\\Engines\\PhpEngine->evaluatePath('C:\\\\Users\\\\lenovo...', Array)
#14 C:\\Users\\lenovo\\Downloads\\revdb\\vendor\\laravel\\framework\\src\\Illuminate\\View\\View.php(195): Illuminate\\View\\Engines\\CompilerEngine->get('C:\\\\Users\\\\lenovo...', Array)
#15 C:\\Users\\lenovo\\Downloads\\revdb\\vendor\\laravel\\framework\\src\\Illuminate\\View\\View.php(178): Illuminate\\View\\View->getContents()
#16 C:\\Users\\lenovo\\Downloads\\revdb\\vendor\\laravel\\framework\\src\\Illuminate\\View\\View.php(147): Illuminate\\View\\View->renderContents()
#17 C:\\Users\\lenovo\\Downloads\\revdb\\vendor\\laravel\\framework\\src\\Illuminate\\Http\\Response.php(69): Illuminate\\View\\View->render()
#18 C:\\Users\\lenovo\\Downloads\\revdb\\vendor\\laravel\\framework\\src\\Illuminate\\Http\\Response.php(35): Illuminate\\Http\\Response->setContent(Object(Illuminate\\View\\View))
#19 C:\\Users\\lenovo\\Downloads\\revdb\\vendor\\laravel\\framework\\src\\Illuminate\\Routing\\Router.php(906): Illuminate\\Http\\Response->__construct(Object(Illuminate\\View\\View), 200, Array)
#20 C:\\Users\\lenovo\\Downloads\\revdb\\vendor\\laravel\\framework\\src\\Illuminate\\Routing\\Router.php(875): Illuminate\\Routing\\Router::toResponse(Object(Illuminate\\Http\\Request), Object(Illuminate\\View\\View))
#21 C:\\Users\\lenovo\\Downloads\\revdb\\vendor\\laravel\\framework\\src\\Illuminate\\Routing\\Router.php(797): Illuminate\\Routing\\Router->prepareResponse(Object(Illuminate\\Http\\Request), Object(Illuminate\\View\\View))
#22 C:\\Users\\lenovo\\Downloads\\revdb\\vendor\\laravel\\framework\\src\\Illuminate\\Pipeline\\Pipeline.php(141): Illuminate\\Routing\\Router->Illuminate\\Routing\\{closure}(Object(Illuminate\\Http\\Request))
#23 C:\\Users\\lenovo\\Downloads\\revdb\\app\\Http\\Middleware\\RedirectIfAuthenticated.php(33): Illuminate\\Pipeline\\Pipeline->Illuminate\\Pipeline\\{closure}(Object(Illuminate\\Http\\Request))
#24 C:\\Users\\lenovo\\Downloads\\revdb\\vendor\\laravel\\framework\\src\\Illuminate\\Pipeline\\Pipeline.php(180): App\\Http\\Middleware\\RedirectIfAuthenticated->handle(Object(Illuminate\\Http\\Request), Object(Closure))
#25 C:\\Users\\lenovo\\Downloads\\revdb\\app\\Http\\Middleware\\SetLocale.php(24): Illuminate\\Pipeline\\Pipeline->Illuminate\\Pipeline\\{closure}(Object(Illuminate\\Http\\Request))
#26 C:\\Users\\lenovo\\Downloads\\revdb\\vendor\\laravel\\framework\\src\\Illuminate\\Pipeline\\Pipeline.php(180): App\\Http\\Middleware\\SetLocale->handle(Object(Illuminate\\Http\\Request), Object(Closure))
#27 C:\\Users\\lenovo\\Downloads\\revdb\\app\\Http\\Middleware\\AuthGates.php(44): Illuminate\\Pipeline\\Pipeline->Illuminate\\Pipeline\\{closure}(Object(Illuminate\\Http\\Request))
#28 C:\\Users\\lenovo\\Downloads\\revdb\\vendor\\laravel\\framework\\src\\Illuminate\\Pipeline\\Pipeline.php(180): App\\Http\\Middleware\\AuthGates->handle(Object(Illuminate\\Http\\Request), Object(Closure))
#29 C:\\Users\\lenovo\\Downloads\\revdb\\vendor\\laravel\\framework\\src\\Illuminate\\Routing\\Middleware\\SubstituteBindings.php(50): Illuminate\\Pipeline\\Pipeline->Illuminate\\Pipeline\\{closure}(Object(Illuminate\\Http\\Request))
#30 C:\\Users\\lenovo\\Downloads\\revdb\\vendor\\laravel\\framework\\src\\Illuminate\\Pipeline\\Pipeline.php(180): Illuminate\\Routing\\Middleware\\SubstituteBindings->handle(Object(Illuminate\\Http\\Request), Object(Closure))
#31 C:\\Users\\lenovo\\Downloads\\revdb\\vendor\\laravel\\framework\\src\\Illuminate\\Foundation\\Http\\Middleware\\VerifyCsrfToken.php(78): Illuminate\\Pipeline\\Pipeline->Illuminate\\Pipeline\\{closure}(Object(Illuminate\\Http\\Request))
#32 C:\\Users\\lenovo\\Downloads\\revdb\\vendor\\laravel\\framework\\src\\Illuminate\\Pipeline\\Pipeline.php(180): Illuminate\\Foundation\\Http\\Middleware\\VerifyCsrfToken->handle(Object(Illuminate\\Http\\Request), Object(Closure))
#33 C:\\Users\\lenovo\\Downloads\\revdb\\vendor\\laravel\\framework\\src\\Illuminate\\View\\Middleware\\ShareErrorsFromSession.php(49): Illuminate\\Pipeline\\Pipeline->Illuminate\\Pipeline\\{closure}(Object(Illuminate\\Http\\Request))
#34 C:\\Users\\lenovo\\Downloads\\revdb\\vendor\\laravel\\framework\\src\\Illuminate\\Pipeline\\Pipeline.php(180): Illuminate\\View\\Middleware\\ShareErrorsFromSession->handle(Object(Illuminate\\Http\\Request), Object(Closure))
#35 C:\\Users\\lenovo\\Downloads\\revdb\\vendor\\laravel\\framework\\src\\Illuminate\\Session\\Middleware\\StartSession.php(121): Illuminate\\Pipeline\\Pipeline->Illuminate\\Pipeline\\{closure}(Object(Illuminate\\Http\\Request))
#36 C:\\Users\\lenovo\\Downloads\\revdb\\vendor\\laravel\\framework\\src\\Illuminate\\Session\\Middleware\\StartSession.php(64): Illuminate\\Session\\Middleware\\StartSession->handleStatefulRequest(Object(Illuminate\\Http\\Request), Object(Illuminate\\Session\\Store), Object(Closure))
#37 C:\\Users\\lenovo\\Downloads\\revdb\\vendor\\laravel\\framework\\src\\Illuminate\\Pipeline\\Pipeline.php(180): Illuminate\\Session\\Middleware\\StartSession->handle(Object(Illuminate\\Http\\Request), Object(Closure))
#38 C:\\Users\\lenovo\\Downloads\\revdb\\vendor\\laravel\\framework\\src\\Illuminate\\Cookie\\Middleware\\AddQueuedCookiesToResponse.php(37): Illuminate\\Pipeline\\Pipeline->Illuminate\\Pipeline\\{closure}(Object(Illuminate\\Http\\Request))
#39 C:\\Users\\lenovo\\Downloads\\revdb\\vendor\\laravel\\framework\\src\\Illuminate\\Pipeline\\Pipeline.php(180): Illuminate\\Cookie\\Middleware\\AddQueuedCookiesToResponse->handle(Object(Illuminate\\Http\\Request), Object(Closure))
#40 C:\\Users\\lenovo\\Downloads\\revdb\\vendor\\laravel\\framework\\src\\Illuminate\\Cookie\\Middleware\\EncryptCookies.php(67): Illuminate\\Pipeline\\Pipeline->Illuminate\\Pipeline\\{closure}(Object(Illuminate\\Http\\Request))
#41 C:\\Users\\lenovo\\Downloads\\revdb\\vendor\\laravel\\framework\\src\\Illuminate\\Pipeline\\Pipeline.php(180): Illuminate\\Cookie\\Middleware\\EncryptCookies->handle(Object(Illuminate\\Http\\Request), Object(Closure))
#42 C:\\Users\\lenovo\\Downloads\\revdb\\vendor\\laravel\\framework\\src\\Illuminate\\Pipeline\\Pipeline.php(116): Illuminate\\Pipeline\\Pipeline->Illuminate\\Pipeline\\{closure}(Object(Illuminate\\Http\\Request))
#43 C:\\Users\\lenovo\\Downloads\\revdb\\vendor\\laravel\\framework\\src\\Illuminate\\Routing\\Router.php(797): Illuminate\\Pipeline\\Pipeline->then(Object(Closure))
#44 C:\\Users\\lenovo\\Downloads\\revdb\\vendor\\laravel\\framework\\src\\Illuminate\\Routing\\Router.php(776): Illuminate\\Routing\\Router->runRouteWithinStack(Object(Illuminate\\Routing\\Route), Object(Illuminate\\Http\\Request))
#45 C:\\Users\\lenovo\\Downloads\\revdb\\vendor\\laravel\\framework\\src\\Illuminate\\Routing\\Router.php(740): Illuminate\\Routing\\Router->runRoute(Object(Illuminate\\Http\\Request), Object(Illuminate\\Routing\\Route))
#46 C:\\Users\\lenovo\\Downloads\\revdb\\vendor\\laravel\\framework\\src\\Illuminate\\Routing\\Router.php(729): Illuminate\\Routing\\Router->dispatchToRoute(Object(Illuminate\\Http\\Request))
#47 C:\\Users\\lenovo\\Downloads\\revdb\\vendor\\laravel\\framework\\src\\Illuminate\\Foundation\\Http\\Kernel.php(190): Illuminate\\Routing\\Router->dispatch(Object(Illuminate\\Http\\Request))
#48 C:\\Users\\lenovo\\Downloads\\revdb\\vendor\\laravel\\framework\\src\\Illuminate\\Pipeline\\Pipeline.php(141): Illuminate\\Foundation\\Http\\Kernel->Illuminate\\Foundation\\Http\\{closure}(Object(Illuminate\\Http\\Request))
#49 C:\\Users\\lenovo\\Downloads\\revdb\\vendor\\laravel\\framework\\src\\Illuminate\\Foundation\\Http\\Middleware\\TransformsRequest.php(21): Illuminate\\Pipeline\\Pipeline->Illuminate\\Pipeline\\{closure}(Object(Illuminate\\Http\\Request))
#50 C:\\Users\\lenovo\\Downloads\\revdb\\vendor\\laravel\\framework\\src\\Illuminate\\Foundation\\Http\\Middleware\\ConvertEmptyStringsToNull.php(31): Illuminate\\Foundation\\Http\\Middleware\\TransformsRequest->handle(Object(Illuminate\\Http\\Request), Object(Closure))
#51 C:\\Users\\lenovo\\Downloads\\revdb\\vendor\\laravel\\framework\\src\\Illuminate\\Pipeline\\Pipeline.php(180): Illuminate\\Foundation\\Http\\Middleware\\ConvertEmptyStringsToNull->handle(Object(Illuminate\\Http\\Request), Object(Closure))
#52 C:\\Users\\lenovo\\Downloads\\revdb\\vendor\\laravel\\framework\\src\\Illuminate\\Foundation\\Http\\Middleware\\TransformsRequest.php(21): Illuminate\\Pipeline\\Pipeline->Illuminate\\Pipeline\\{closure}(Object(Illuminate\\Http\\Request))
#53 C:\\Users\\lenovo\\Downloads\\revdb\\vendor\\laravel\\framework\\src\\Illuminate\\Foundation\\Http\\Middleware\\TrimStrings.php(40): Illuminate\\Foundation\\Http\\Middleware\\TransformsRequest->handle(Object(Illuminate\\Http\\Request), Object(Closure))
#54 C:\\Users\\lenovo\\Downloads\\revdb\\vendor\\laravel\\framework\\src\\Illuminate\\Pipeline\\Pipeline.php(180): Illuminate\\Foundation\\Http\\Middleware\\TrimStrings->handle(Object(Illuminate\\Http\\Request), Object(Closure))
#55 C:\\Users\\lenovo\\Downloads\\revdb\\vendor\\laravel\\framework\\src\\Illuminate\\Foundation\\Http\\Middleware\\ValidatePostSize.php(27): Illuminate\\Pipeline\\Pipeline->Illuminate\\Pipeline\\{closure}(Object(Illuminate\\Http\\Request))
#56 C:\\Users\\lenovo\\Downloads\\revdb\\vendor\\laravel\\framework\\src\\Illuminate\\Pipeline\\Pipeline.php(180): Illuminate\\Foundation\\Http\\Middleware\\ValidatePostSize->handle(Object(Illuminate\\Http\\Request), Object(Closure))
#57 C:\\Users\\lenovo\\Downloads\\revdb\\vendor\\laravel\\framework\\src\\Illuminate\\Foundation\\Http\\Middleware\\PreventRequestsDuringMaintenance.php(86): Illuminate\\Pipeline\\Pipeline->Illuminate\\Pipeline\\{closure}(Object(Illuminate\\Http\\Request))
#58 C:\\Users\\lenovo\\Downloads\\revdb\\vendor\\laravel\\framework\\src\\Illuminate\\Pipeline\\Pipeline.php(180): Illuminate\\Foundation\\Http\\Middleware\\PreventRequestsDuringMaintenance->handle(Object(Illuminate\\Http\\Request), Object(Closure))
#59 C:\\Users\\lenovo\\Downloads\\revdb\\vendor\\laravel\\framework\\src\\Illuminate\\Http\\Middleware\\HandleCors.php(49): Illuminate\\Pipeline\\Pipeline->Illuminate\\Pipeline\\{closure}(Object(Illuminate\\Http\\Request))
#60 C:\\Users\\lenovo\\Downloads\\revdb\\vendor\\laravel\\framework\\src\\Illuminate\\Pipeline\\Pipeline.php(180): Illuminate\\Http\\Middleware\\HandleCors->handle(Object(Illuminate\\Http\\Request), Object(Closure))
#61 C:\\Users\\lenovo\\Downloads\\revdb\\vendor\\laravel\\framework\\src\\Illuminate\\Http\\Middleware\\TrustProxies.php(39): Illuminate\\Pipeline\\Pipeline->Illuminate\\Pipeline\\{closure}(Object(Illuminate\\Http\\Request))
#62 C:\\Users\\lenovo\\Downloads\\revdb\\vendor\\laravel\\framework\\src\\Illuminate\\Pipeline\\Pipeline.php(180): Illuminate\\Http\\Middleware\\TrustProxies->handle(Object(Illuminate\\Http\\Request), Object(Closure))
#63 C:\\Users\\lenovo\\Downloads\\revdb\\vendor\\laravel\\framework\\src\\Illuminate\\Pipeline\\Pipeline.php(116): Illuminate\\Pipeline\\Pipeline->Illuminate\\Pipeline\\{closure}(Object(Illuminate\\Http\\Request))
#64 C:\\Users\\lenovo\\Downloads\\revdb\\vendor\\laravel\\framework\\src\\Illuminate\\Foundation\\Http\\Kernel.php(165): Illuminate\\Pipeline\\Pipeline->then(Object(Closure))
#65 C:\\Users\\lenovo\\Downloads\\revdb\\vendor\\laravel\\framework\\src\\Illuminate\\Foundation\\Http\\Kernel.php(134): Illuminate\\Foundation\\Http\\Kernel->sendRequestThroughRouter(Object(Illuminate\\Http\\Request))
#66 C:\\Users\\lenovo\\Downloads\\revdb\\public\\index.php(51): Illuminate\\Foundation\\Http\\Kernel->handle(Object(Illuminate\\Http\\Request))
#67 C:\\Users\\lenovo\\Downloads\\revdb\\vendor\\laravel\\framework\\src\\Illuminate\\Foundation\\resources\\server.php(16): require_once('C:\\\\Users\\\\lenovo...')
#68 {main}
"} 
[2025-10-09 11:04:43] local.ERROR: Unclosed '(' does not match '}' {"view":{"view":"C:\\Users\\lenovo\\Downloads\\revdb\\resources\\views\\auth\\publisher_register.blade.php","data":{"errors":"<pre class=sf-dump id=sf-dump-430229098 data-indent-pad=\"  \"><span class=sf-dump-note>Illuminate\\Support\\ViewErrorBag</span> {<a class=sf-dump-ref>#1422</a><samp data-depth=1 class=sf-dump-expanded>
  #<span class=sf-dump-protected title=\"Protected property\">bags</span>: []
</samp>}
</pre><script>Sfdump(\"sf-dump-430229098\", {\"maxDepth\":3,\"maxStringLength\":160})</script>
","stepOne":"<pre class=sf-dump id=sf-dump-1736246725 data-indent-pad=\"  \">[]
</pre><script>Sfdump(\"sf-dump-1736246725\", {\"maxDepth\":3,\"maxStringLength\":160})</script>
","stepTwo":"<pre class=sf-dump id=sf-dump-630343934 data-indent-pad=\"  \">[]
</pre><script>Sfdump(\"sf-dump-630343934\", {\"maxDepth\":3,\"maxStringLength\":160})</script>
","stepThree":"<pre class=sf-dump id=sf-dump-2108075624 data-indent-pad=\"  \">[]
</pre><script>Sfdump(\"sf-dump-2108075624\", {\"maxDepth\":3,\"maxStringLength\":160})</script>
","stepFour":"<pre class=sf-dump id=sf-dump-1857715468 data-indent-pad=\"  \">[]
</pre><script>Sfdump(\"sf-dump-1857715468\", {\"maxDepth\":3,\"maxStringLength\":160})</script>
","isStepOne":"<pre class=sf-dump id=sf-dump-470516881 data-indent-pad=\"  \"><span class=sf-dump-const>false</span>
</pre><script>Sfdump(\"sf-dump-470516881\", {\"maxDepth\":3,\"maxStringLength\":160})</script>
","isStepTwo":"<pre class=sf-dump id=sf-dump-2081231962 data-indent-pad=\"  \"><span class=sf-dump-const>false</span>
</pre><script>Sfdump(\"sf-dump-2081231962\", {\"maxDepth\":3,\"maxStringLength\":160})</script>
","isStepThree":"<pre class=sf-dump id=sf-dump-2132969070 data-indent-pad=\"  \"><span class=sf-dump-const>false</span>
</pre><script>Sfdump(\"sf-dump-2132969070\", {\"maxDepth\":3,\"maxStringLength\":160})</script>
","isStepFour":"<pre class=sf-dump id=sf-dump-559935857 data-indent-pad=\"  \"><span class=sf-dump-const>false</span>
</pre><script>Sfdump(\"sf-dump-559935857\", {\"maxDepth\":3,\"maxStringLength\":160})</script>
","account":"<pre class=sf-dump id=sf-dump-529594007 data-indent-pad=\"  \"><span class=sf-dump-note>App\\Enums\\AccountType</span> {<a class=sf-dump-ref>#1426</a><samp data-depth=1 class=sf-dump-expanded>
  +<span class=sf-dump-public title=\"Public property\">name</span>: \"<span class=sf-dump-str title=\"9 characters\">PUBLISHER</span>\"
  +<span class=sf-dump-public title=\"Public property\">value</span>: \"<span class=sf-dump-str title=\"9 characters\">publisher</span>\"
</samp>}
</pre><script>Sfdump(\"sf-dump-529594007\", {\"maxDepth\":3,\"maxStringLength\":160})</script>
","countries":"<pre class=sf-dump id=sf-dump-1271780172 data-indent-pad=\"  \">[]
</pre><script>Sfdump(\"sf-dump-1271780172\", {\"maxDepth\":3,\"maxStringLength\":160})</script>
","states":"<pre class=sf-dump id=sf-dump-1418592860 data-indent-pad=\"  \">[]
</pre><script>Sfdump(\"sf-dump-1418592860\", {\"maxDepth\":3,\"maxStringLength\":160})</script>
","cities":"<pre class=sf-dump id=sf-dump-1877568776 data-indent-pad=\"  \">[]
</pre><script>Sfdump(\"sf-dump-1877568776\", {\"maxDepth\":3,\"maxStringLength\":160})</script>
","categories":"<pre class=sf-dump id=sf-dump-9968098 data-indent-pad=\"  \">[]
</pre><script>Sfdump(\"sf-dump-9968098\", {\"maxDepth\":3,\"maxStringLength\":160})</script>
","partners":"<pre class=sf-dump id=sf-dump-1944532803 data-indent-pad=\"  \">[]
</pre><script>Sfdump(\"sf-dump-1944532803\", {\"maxDepth\":3,\"maxStringLength\":160})</script>
"}},"exception":"[object] (Spatie\\LaravelIgnition\\Exceptions\\ViewException(code: 0): Unclosed '(' does not match '}' at C:\\Users\\lenovo\\Downloads\\revdb\\resources\\views\\auth\\publisher_register.blade.php:228)
[stacktrace]
#0 C:\\Users\\lenovo\\Downloads\\revdb\\vendor\\laravel\\framework\\src\\Illuminate\\Filesystem\\Filesystem.php(110): Illuminate\\Filesystem\\Filesystem::Illuminate\\Filesystem\\{closure}()
#1 C:\\Users\\lenovo\\Downloads\\revdb\\vendor\\laravel\\framework\\src\\Illuminate\\View\\Engines\\PhpEngine.php(58): Illuminate\\Filesystem\\Filesystem->getRequire('C:\\\\Users\\\\lenovo...', Array)
#2 C:\\Users\\lenovo\\Downloads\\revdb\\vendor\\laravel\\framework\\src\\Illuminate\\View\\Engines\\CompilerEngine.php(70): Illuminate\\View\\Engines\\PhpEngine->evaluatePath('C:\\\\Users\\\\lenovo...', Array)
#3 C:\\Users\\lenovo\\Downloads\\revdb\\vendor\\laravel\\framework\\src\\Illuminate\\View\\View.php(195): Illuminate\\View\\Engines\\CompilerEngine->get('C:\\\\Users\\\\lenovo...', Array)
#4 C:\\Users\\lenovo\\Downloads\\revdb\\vendor\\laravel\\framework\\src\\Illuminate\\View\\View.php(178): Illuminate\\View\\View->getContents()
#5 C:\\Users\\lenovo\\Downloads\\revdb\\vendor\\laravel\\framework\\src\\Illuminate\\View\\View.php(147): Illuminate\\View\\View->renderContents()
#6 C:\\Users\\lenovo\\Downloads\\revdb\\vendor\\laravel\\framework\\src\\Illuminate\\Http\\Response.php(69): Illuminate\\View\\View->render()
#7 C:\\Users\\lenovo\\Downloads\\revdb\\vendor\\laravel\\framework\\src\\Illuminate\\Http\\Response.php(35): Illuminate\\Http\\Response->setContent(Object(Illuminate\\View\\View))
#8 C:\\Users\\lenovo\\Downloads\\revdb\\vendor\\laravel\\framework\\src\\Illuminate\\Routing\\Router.php(906): Illuminate\\Http\\Response->__construct(Object(Illuminate\\View\\View), 200, Array)
#9 C:\\Users\\lenovo\\Downloads\\revdb\\vendor\\laravel\\framework\\src\\Illuminate\\Routing\\Router.php(875): Illuminate\\Routing\\Router::toResponse(Object(Illuminate\\Http\\Request), Object(Illuminate\\View\\View))
#10 C:\\Users\\lenovo\\Downloads\\revdb\\vendor\\laravel\\framework\\src\\Illuminate\\Routing\\Router.php(797): Illuminate\\Routing\\Router->prepareResponse(Object(Illuminate\\Http\\Request), Object(Illuminate\\View\\View))
#11 C:\\Users\\lenovo\\Downloads\\revdb\\vendor\\laravel\\framework\\src\\Illuminate\\Pipeline\\Pipeline.php(141): Illuminate\\Routing\\Router->Illuminate\\Routing\\{closure}(Object(Illuminate\\Http\\Request))
#12 C:\\Users\\lenovo\\Downloads\\revdb\\app\\Http\\Middleware\\RedirectIfAuthenticated.php(33): Illuminate\\Pipeline\\Pipeline->Illuminate\\Pipeline\\{closure}(Object(Illuminate\\Http\\Request))
#13 C:\\Users\\lenovo\\Downloads\\revdb\\vendor\\laravel\\framework\\src\\Illuminate\\Pipeline\\Pipeline.php(180): App\\Http\\Middleware\\RedirectIfAuthenticated->handle(Object(Illuminate\\Http\\Request), Object(Closure))
#14 C:\\Users\\lenovo\\Downloads\\revdb\\app\\Http\\Middleware\\SetLocale.php(24): Illuminate\\Pipeline\\Pipeline->Illuminate\\Pipeline\\{closure}(Object(Illuminate\\Http\\Request))
#15 C:\\Users\\lenovo\\Downloads\\revdb\\vendor\\laravel\\framework\\src\\Illuminate\\Pipeline\\Pipeline.php(180): App\\Http\\Middleware\\SetLocale->handle(Object(Illuminate\\Http\\Request), Object(Closure))
#16 C:\\Users\\lenovo\\Downloads\\revdb\\app\\Http\\Middleware\\AuthGates.php(44): Illuminate\\Pipeline\\Pipeline->Illuminate\\Pipeline\\{closure}(Object(Illuminate\\Http\\Request))
#17 C:\\Users\\lenovo\\Downloads\\revdb\\vendor\\laravel\\framework\\src\\Illuminate\\Pipeline\\Pipeline.php(180): App\\Http\\Middleware\\AuthGates->handle(Object(Illuminate\\Http\\Request), Object(Closure))
#18 C:\\Users\\lenovo\\Downloads\\revdb\\vendor\\laravel\\framework\\src\\Illuminate\\Routing\\Middleware\\SubstituteBindings.php(50): Illuminate\\Pipeline\\Pipeline->Illuminate\\Pipeline\\{closure}(Object(Illuminate\\Http\\Request))
#19 C:\\Users\\lenovo\\Downloads\\revdb\\vendor\\laravel\\framework\\src\\Illuminate\\Pipeline\\Pipeline.php(180): Illuminate\\Routing\\Middleware\\SubstituteBindings->handle(Object(Illuminate\\Http\\Request), Object(Closure))
#20 C:\\Users\\lenovo\\Downloads\\revdb\\vendor\\laravel\\framework\\src\\Illuminate\\Foundation\\Http\\Middleware\\VerifyCsrfToken.php(78): Illuminate\\Pipeline\\Pipeline->Illuminate\\Pipeline\\{closure}(Object(Illuminate\\Http\\Request))
#21 C:\\Users\\lenovo\\Downloads\\revdb\\vendor\\laravel\\framework\\src\\Illuminate\\Pipeline\\Pipeline.php(180): Illuminate\\Foundation\\Http\\Middleware\\VerifyCsrfToken->handle(Object(Illuminate\\Http\\Request), Object(Closure))
#22 C:\\Users\\lenovo\\Downloads\\revdb\\vendor\\laravel\\framework\\src\\Illuminate\\View\\Middleware\\ShareErrorsFromSession.php(49): Illuminate\\Pipeline\\Pipeline->Illuminate\\Pipeline\\{closure}(Object(Illuminate\\Http\\Request))
#23 C:\\Users\\lenovo\\Downloads\\revdb\\vendor\\laravel\\framework\\src\\Illuminate\\Pipeline\\Pipeline.php(180): Illuminate\\View\\Middleware\\ShareErrorsFromSession->handle(Object(Illuminate\\Http\\Request), Object(Closure))
#24 C:\\Users\\lenovo\\Downloads\\revdb\\vendor\\laravel\\framework\\src\\Illuminate\\Session\\Middleware\\StartSession.php(121): Illuminate\\Pipeline\\Pipeline->Illuminate\\Pipeline\\{closure}(Object(Illuminate\\Http\\Request))
#25 C:\\Users\\lenovo\\Downloads\\revdb\\vendor\\laravel\\framework\\src\\Illuminate\\Session\\Middleware\\StartSession.php(64): Illuminate\\Session\\Middleware\\StartSession->handleStatefulRequest(Object(Illuminate\\Http\\Request), Object(Illuminate\\Session\\Store), Object(Closure))
#26 C:\\Users\\lenovo\\Downloads\\revdb\\vendor\\laravel\\framework\\src\\Illuminate\\Pipeline\\Pipeline.php(180): Illuminate\\Session\\Middleware\\StartSession->handle(Object(Illuminate\\Http\\Request), Object(Closure))
#27 C:\\Users\\lenovo\\Downloads\\revdb\\vendor\\laravel\\framework\\src\\Illuminate\\Cookie\\Middleware\\AddQueuedCookiesToResponse.php(37): Illuminate\\Pipeline\\Pipeline->Illuminate\\Pipeline\\{closure}(Object(Illuminate\\Http\\Request))
#28 C:\\Users\\lenovo\\Downloads\\revdb\\vendor\\laravel\\framework\\src\\Illuminate\\Pipeline\\Pipeline.php(180): Illuminate\\Cookie\\Middleware\\AddQueuedCookiesToResponse->handle(Object(Illuminate\\Http\\Request), Object(Closure))
#29 C:\\Users\\lenovo\\Downloads\\revdb\\vendor\\laravel\\framework\\src\\Illuminate\\Cookie\\Middleware\\EncryptCookies.php(67): Illuminate\\Pipeline\\Pipeline->Illuminate\\Pipeline\\{closure}(Object(Illuminate\\Http\\Request))
#30 C:\\Users\\lenovo\\Downloads\\revdb\\vendor\\laravel\\framework\\src\\Illuminate\\Pipeline\\Pipeline.php(180): Illuminate\\Cookie\\Middleware\\EncryptCookies->handle(Object(Illuminate\\Http\\Request), Object(Closure))
#31 C:\\Users\\lenovo\\Downloads\\revdb\\vendor\\laravel\\framework\\src\\Illuminate\\Pipeline\\Pipeline.php(116): Illuminate\\Pipeline\\Pipeline->Illuminate\\Pipeline\\{closure}(Object(Illuminate\\Http\\Request))
#32 C:\\Users\\lenovo\\Downloads\\revdb\\vendor\\laravel\\framework\\src\\Illuminate\\Routing\\Router.php(797): Illuminate\\Pipeline\\Pipeline->then(Object(Closure))
#33 C:\\Users\\lenovo\\Downloads\\revdb\\vendor\\laravel\\framework\\src\\Illuminate\\Routing\\Router.php(776): Illuminate\\Routing\\Router->runRouteWithinStack(Object(Illuminate\\Routing\\Route), Object(Illuminate\\Http\\Request))
#34 C:\\Users\\lenovo\\Downloads\\revdb\\vendor\\laravel\\framework\\src\\Illuminate\\Routing\\Router.php(740): Illuminate\\Routing\\Router->runRoute(Object(Illuminate\\Http\\Request), Object(Illuminate\\Routing\\Route))
#35 C:\\Users\\lenovo\\Downloads\\revdb\\vendor\\laravel\\framework\\src\\Illuminate\\Routing\\Router.php(729): Illuminate\\Routing\\Router->dispatchToRoute(Object(Illuminate\\Http\\Request))
#36 C:\\Users\\lenovo\\Downloads\\revdb\\vendor\\laravel\\framework\\src\\Illuminate\\Foundation\\Http\\Kernel.php(190): Illuminate\\Routing\\Router->dispatch(Object(Illuminate\\Http\\Request))
#37 C:\\Users\\lenovo\\Downloads\\revdb\\vendor\\laravel\\framework\\src\\Illuminate\\Pipeline\\Pipeline.php(141): Illuminate\\Foundation\\Http\\Kernel->Illuminate\\Foundation\\Http\\{closure}(Object(Illuminate\\Http\\Request))
#38 C:\\Users\\lenovo\\Downloads\\revdb\\vendor\\laravel\\framework\\src\\Illuminate\\Foundation\\Http\\Middleware\\TransformsRequest.php(21): Illuminate\\Pipeline\\Pipeline->Illuminate\\Pipeline\\{closure}(Object(Illuminate\\Http\\Request))
#39 C:\\Users\\lenovo\\Downloads\\revdb\\vendor\\laravel\\framework\\src\\Illuminate\\Foundation\\Http\\Middleware\\ConvertEmptyStringsToNull.php(31): Illuminate\\Foundation\\Http\\Middleware\\TransformsRequest->handle(Object(Illuminate\\Http\\Request), Object(Closure))
#40 C:\\Users\\lenovo\\Downloads\\revdb\\vendor\\laravel\\framework\\src\\Illuminate\\Pipeline\\Pipeline.php(180): Illuminate\\Foundation\\Http\\Middleware\\ConvertEmptyStringsToNull->handle(Object(Illuminate\\Http\\Request), Object(Closure))
#41 C:\\Users\\lenovo\\Downloads\\revdb\\vendor\\laravel\\framework\\src\\Illuminate\\Foundation\\Http\\Middleware\\TransformsRequest.php(21): Illuminate\\Pipeline\\Pipeline->Illuminate\\Pipeline\\{closure}(Object(Illuminate\\Http\\Request))
#42 C:\\Users\\lenovo\\Downloads\\revdb\\vendor\\laravel\\framework\\src\\Illuminate\\Foundation\\Http\\Middleware\\TrimStrings.php(40): Illuminate\\Foundation\\Http\\Middleware\\TransformsRequest->handle(Object(Illuminate\\Http\\Request), Object(Closure))
#43 C:\\Users\\lenovo\\Downloads\\revdb\\vendor\\laravel\\framework\\src\\Illuminate\\Pipeline\\Pipeline.php(180): Illuminate\\Foundation\\Http\\Middleware\\TrimStrings->handle(Object(Illuminate\\Http\\Request), Object(Closure))
#44 C:\\Users\\lenovo\\Downloads\\revdb\\vendor\\laravel\\framework\\src\\Illuminate\\Foundation\\Http\\Middleware\\ValidatePostSize.php(27): Illuminate\\Pipeline\\Pipeline->Illuminate\\Pipeline\\{closure}(Object(Illuminate\\Http\\Request))
#45 C:\\Users\\lenovo\\Downloads\\revdb\\vendor\\laravel\\framework\\src\\Illuminate\\Pipeline\\Pipeline.php(180): Illuminate\\Foundation\\Http\\Middleware\\ValidatePostSize->handle(Object(Illuminate\\Http\\Request), Object(Closure))
#46 C:\\Users\\lenovo\\Downloads\\revdb\\vendor\\laravel\\framework\\src\\Illuminate\\Foundation\\Http\\Middleware\\PreventRequestsDuringMaintenance.php(86): Illuminate\\Pipeline\\Pipeline->Illuminate\\Pipeline\\{closure}(Object(Illuminate\\Http\\Request))
#47 C:\\Users\\lenovo\\Downloads\\revdb\\vendor\\laravel\\framework\\src\\Illuminate\\Pipeline\\Pipeline.php(180): Illuminate\\Foundation\\Http\\Middleware\\PreventRequestsDuringMaintenance->handle(Object(Illuminate\\Http\\Request), Object(Closure))
#48 C:\\Users\\lenovo\\Downloads\\revdb\\vendor\\laravel\\framework\\src\\Illuminate\\Http\\Middleware\\HandleCors.php(49): Illuminate\\Pipeline\\Pipeline->Illuminate\\Pipeline\\{closure}(Object(Illuminate\\Http\\Request))
#49 C:\\Users\\lenovo\\Downloads\\revdb\\vendor\\laravel\\framework\\src\\Illuminate\\Pipeline\\Pipeline.php(180): Illuminate\\Http\\Middleware\\HandleCors->handle(Object(Illuminate\\Http\\Request), Object(Closure))
#50 C:\\Users\\lenovo\\Downloads\\revdb\\vendor\\laravel\\framework\\src\\Illuminate\\Http\\Middleware\\TrustProxies.php(39): Illuminate\\Pipeline\\Pipeline->Illuminate\\Pipeline\\{closure}(Object(Illuminate\\Http\\Request))
#51 C:\\Users\\lenovo\\Downloads\\revdb\\vendor\\laravel\\framework\\src\\Illuminate\\Pipeline\\Pipeline.php(180): Illuminate\\Http\\Middleware\\TrustProxies->handle(Object(Illuminate\\Http\\Request), Object(Closure))
#52 C:\\Users\\lenovo\\Downloads\\revdb\\vendor\\laravel\\framework\\src\\Illuminate\\Pipeline\\Pipeline.php(116): Illuminate\\Pipeline\\Pipeline->Illuminate\\Pipeline\\{closure}(Object(Illuminate\\Http\\Request))
#53 C:\\Users\\lenovo\\Downloads\\revdb\\vendor\\laravel\\framework\\src\\Illuminate\\Foundation\\Http\\Kernel.php(165): Illuminate\\Pipeline\\Pipeline->then(Object(Closure))
#54 C:\\Users\\lenovo\\Downloads\\revdb\\vendor\\laravel\\framework\\src\\Illuminate\\Foundation\\Http\\Kernel.php(134): Illuminate\\Foundation\\Http\\Kernel->sendRequestThroughRouter(Object(Illuminate\\Http\\Request))
#55 C:\\Users\\lenovo\\Downloads\\revdb\\public\\index.php(51): Illuminate\\Foundation\\Http\\Kernel->handle(Object(Illuminate\\Http\\Request))
#56 C:\\Users\\lenovo\\Downloads\\revdb\\vendor\\laravel\\framework\\src\\Illuminate\\Foundation\\resources\\server.php(16): require_once('C:\\\\Users\\\\lenovo...')
#57 {main}

[previous exception] [object] (ParseError(code: 0): Unclosed '(' does not match '}' at C:\\Users\\lenovo\\Downloads\\revdb\\storage\\framework\\views\\793438508e8fcd9f9c05ab0c6edeeff9178e4d82.php:226)
[stacktrace]
#0 C:\\Users\\lenovo\\Downloads\\revdb\\vendor\\laravel\\framework\\src\\Illuminate\\Filesystem\\Filesystem.php(110): Illuminate\\Filesystem\\Filesystem::Illuminate\\Filesystem\\{closure}()
#1 C:\\Users\\lenovo\\Downloads\\revdb\\vendor\\laravel\\framework\\src\\Illuminate\\View\\Engines\\PhpEngine.php(58): Illuminate\\Filesystem\\Filesystem->getRequire('C:\\\\Users\\\\lenovo...', Array)
#2 C:\\Users\\lenovo\\Downloads\\revdb\\vendor\\laravel\\framework\\src\\Illuminate\\View\\Engines\\CompilerEngine.php(70): Illuminate\\View\\Engines\\PhpEngine->evaluatePath('C:\\\\Users\\\\lenovo...', Array)
#3 C:\\Users\\lenovo\\Downloads\\revdb\\vendor\\laravel\\framework\\src\\Illuminate\\View\\View.php(195): Illuminate\\View\\Engines\\CompilerEngine->get('C:\\\\Users\\\\lenovo...', Array)
#4 C:\\Users\\lenovo\\Downloads\\revdb\\vendor\\laravel\\framework\\src\\Illuminate\\View\\View.php(178): Illuminate\\View\\View->getContents()
#5 C:\\Users\\lenovo\\Downloads\\revdb\\vendor\\laravel\\framework\\src\\Illuminate\\View\\View.php(147): Illuminate\\View\\View->renderContents()
#6 C:\\Users\\lenovo\\Downloads\\revdb\\vendor\\laravel\\framework\\src\\Illuminate\\Http\\Response.php(69): Illuminate\\View\\View->render()
#7 C:\\Users\\lenovo\\Downloads\\revdb\\vendor\\laravel\\framework\\src\\Illuminate\\Http\\Response.php(35): Illuminate\\Http\\Response->setContent(Object(Illuminate\\View\\View))
#8 C:\\Users\\lenovo\\Downloads\\revdb\\vendor\\laravel\\framework\\src\\Illuminate\\Routing\\Router.php(906): Illuminate\\Http\\Response->__construct(Object(Illuminate\\View\\View), 200, Array)
#9 C:\\Users\\lenovo\\Downloads\\revdb\\vendor\\laravel\\framework\\src\\Illuminate\\Routing\\Router.php(875): Illuminate\\Routing\\Router::toResponse(Object(Illuminate\\Http\\Request), Object(Illuminate\\View\\View))
#10 C:\\Users\\lenovo\\Downloads\\revdb\\vendor\\laravel\\framework\\src\\Illuminate\\Routing\\Router.php(797): Illuminate\\Routing\\Router->prepareResponse(Object(Illuminate\\Http\\Request), Object(Illuminate\\View\\View))
#11 C:\\Users\\lenovo\\Downloads\\revdb\\vendor\\laravel\\framework\\src\\Illuminate\\Pipeline\\Pipeline.php(141): Illuminate\\Routing\\Router->Illuminate\\Routing\\{closure}(Object(Illuminate\\Http\\Request))
#12 C:\\Users\\lenovo\\Downloads\\revdb\\app\\Http\\Middleware\\RedirectIfAuthenticated.php(33): Illuminate\\Pipeline\\Pipeline->Illuminate\\Pipeline\\{closure}(Object(Illuminate\\Http\\Request))
#13 C:\\Users\\lenovo\\Downloads\\revdb\\vendor\\laravel\\framework\\src\\Illuminate\\Pipeline\\Pipeline.php(180): App\\Http\\Middleware\\RedirectIfAuthenticated->handle(Object(Illuminate\\Http\\Request), Object(Closure))
#14 C:\\Users\\lenovo\\Downloads\\revdb\\app\\Http\\Middleware\\SetLocale.php(24): Illuminate\\Pipeline\\Pipeline->Illuminate\\Pipeline\\{closure}(Object(Illuminate\\Http\\Request))
#15 C:\\Users\\lenovo\\Downloads\\revdb\\vendor\\laravel\\framework\\src\\Illuminate\\Pipeline\\Pipeline.php(180): App\\Http\\Middleware\\SetLocale->handle(Object(Illuminate\\Http\\Request), Object(Closure))
#16 C:\\Users\\lenovo\\Downloads\\revdb\\app\\Http\\Middleware\\AuthGates.php(44): Illuminate\\Pipeline\\Pipeline->Illuminate\\Pipeline\\{closure}(Object(Illuminate\\Http\\Request))
#17 C:\\Users\\lenovo\\Downloads\\revdb\\vendor\\laravel\\framework\\src\\Illuminate\\Pipeline\\Pipeline.php(180): App\\Http\\Middleware\\AuthGates->handle(Object(Illuminate\\Http\\Request), Object(Closure))
#18 C:\\Users\\lenovo\\Downloads\\revdb\\vendor\\laravel\\framework\\src\\Illuminate\\Routing\\Middleware\\SubstituteBindings.php(50): Illuminate\\Pipeline\\Pipeline->Illuminate\\Pipeline\\{closure}(Object(Illuminate\\Http\\Request))
#19 C:\\Users\\lenovo\\Downloads\\revdb\\vendor\\laravel\\framework\\src\\Illuminate\\Pipeline\\Pipeline.php(180): Illuminate\\Routing\\Middleware\\SubstituteBindings->handle(Object(Illuminate\\Http\\Request), Object(Closure))
#20 C:\\Users\\lenovo\\Downloads\\revdb\\vendor\\laravel\\framework\\src\\Illuminate\\Foundation\\Http\\Middleware\\VerifyCsrfToken.php(78): Illuminate\\Pipeline\\Pipeline->Illuminate\\Pipeline\\{closure}(Object(Illuminate\\Http\\Request))
#21 C:\\Users\\lenovo\\Downloads\\revdb\\vendor\\laravel\\framework\\src\\Illuminate\\Pipeline\\Pipeline.php(180): Illuminate\\Foundation\\Http\\Middleware\\VerifyCsrfToken->handle(Object(Illuminate\\Http\\Request), Object(Closure))
#22 C:\\Users\\lenovo\\Downloads\\revdb\\vendor\\laravel\\framework\\src\\Illuminate\\View\\Middleware\\ShareErrorsFromSession.php(49): Illuminate\\Pipeline\\Pipeline->Illuminate\\Pipeline\\{closure}(Object(Illuminate\\Http\\Request))
#23 C:\\Users\\lenovo\\Downloads\\revdb\\vendor\\laravel\\framework\\src\\Illuminate\\Pipeline\\Pipeline.php(180): Illuminate\\View\\Middleware\\ShareErrorsFromSession->handle(Object(Illuminate\\Http\\Request), Object(Closure))
#24 C:\\Users\\lenovo\\Downloads\\revdb\\vendor\\laravel\\framework\\src\\Illuminate\\Session\\Middleware\\StartSession.php(121): Illuminate\\Pipeline\\Pipeline->Illuminate\\Pipeline\\{closure}(Object(Illuminate\\Http\\Request))
#25 C:\\Users\\lenovo\\Downloads\\revdb\\vendor\\laravel\\framework\\src\\Illuminate\\Session\\Middleware\\StartSession.php(64): Illuminate\\Session\\Middleware\\StartSession->handleStatefulRequest(Object(Illuminate\\Http\\Request), Object(Illuminate\\Session\\Store), Object(Closure))
#26 C:\\Users\\lenovo\\Downloads\\revdb\\vendor\\laravel\\framework\\src\\Illuminate\\Pipeline\\Pipeline.php(180): Illuminate\\Session\\Middleware\\StartSession->handle(Object(Illuminate\\Http\\Request), Object(Closure))
#27 C:\\Users\\lenovo\\Downloads\\revdb\\vendor\\laravel\\framework\\src\\Illuminate\\Cookie\\Middleware\\AddQueuedCookiesToResponse.php(37): Illuminate\\Pipeline\\Pipeline->Illuminate\\Pipeline\\{closure}(Object(Illuminate\\Http\\Request))
#28 C:\\Users\\lenovo\\Downloads\\revdb\\vendor\\laravel\\framework\\src\\Illuminate\\Pipeline\\Pipeline.php(180): Illuminate\\Cookie\\Middleware\\AddQueuedCookiesToResponse->handle(Object(Illuminate\\Http\\Request), Object(Closure))
#29 C:\\Users\\lenovo\\Downloads\\revdb\\vendor\\laravel\\framework\\src\\Illuminate\\Cookie\\Middleware\\EncryptCookies.php(67): Illuminate\\Pipeline\\Pipeline->Illuminate\\Pipeline\\{closure}(Object(Illuminate\\Http\\Request))
#30 C:\\Users\\lenovo\\Downloads\\revdb\\vendor\\laravel\\framework\\src\\Illuminate\\Pipeline\\Pipeline.php(180): Illuminate\\Cookie\\Middleware\\EncryptCookies->handle(Object(Illuminate\\Http\\Request), Object(Closure))
#31 C:\\Users\\lenovo\\Downloads\\revdb\\vendor\\laravel\\framework\\src\\Illuminate\\Pipeline\\Pipeline.php(116): Illuminate\\Pipeline\\Pipeline->Illuminate\\Pipeline\\{closure}(Object(Illuminate\\Http\\Request))
#32 C:\\Users\\lenovo\\Downloads\\revdb\\vendor\\laravel\\framework\\src\\Illuminate\\Routing\\Router.php(797): Illuminate\\Pipeline\\Pipeline->then(Object(Closure))
#33 C:\\Users\\lenovo\\Downloads\\revdb\\vendor\\laravel\\framework\\src\\Illuminate\\Routing\\Router.php(776): Illuminate\\Routing\\Router->runRouteWithinStack(Object(Illuminate\\Routing\\Route), Object(Illuminate\\Http\\Request))
#34 C:\\Users\\lenovo\\Downloads\\revdb\\vendor\\laravel\\framework\\src\\Illuminate\\Routing\\Router.php(740): Illuminate\\Routing\\Router->runRoute(Object(Illuminate\\Http\\Request), Object(Illuminate\\Routing\\Route))
#35 C:\\Users\\lenovo\\Downloads\\revdb\\vendor\\laravel\\framework\\src\\Illuminate\\Routing\\Router.php(729): Illuminate\\Routing\\Router->dispatchToRoute(Object(Illuminate\\Http\\Request))
#36 C:\\Users\\lenovo\\Downloads\\revdb\\vendor\\laravel\\framework\\src\\Illuminate\\Foundation\\Http\\Kernel.php(190): Illuminate\\Routing\\Router->dispatch(Object(Illuminate\\Http\\Request))
#37 C:\\Users\\lenovo\\Downloads\\revdb\\vendor\\laravel\\framework\\src\\Illuminate\\Pipeline\\Pipeline.php(141): Illuminate\\Foundation\\Http\\Kernel->Illuminate\\Foundation\\Http\\{closure}(Object(Illuminate\\Http\\Request))
#38 C:\\Users\\lenovo\\Downloads\\revdb\\vendor\\laravel\\framework\\src\\Illuminate\\Foundation\\Http\\Middleware\\TransformsRequest.php(21): Illuminate\\Pipeline\\Pipeline->Illuminate\\Pipeline\\{closure}(Object(Illuminate\\Http\\Request))
#39 C:\\Users\\lenovo\\Downloads\\revdb\\vendor\\laravel\\framework\\src\\Illuminate\\Foundation\\Http\\Middleware\\ConvertEmptyStringsToNull.php(31): Illuminate\\Foundation\\Http\\Middleware\\TransformsRequest->handle(Object(Illuminate\\Http\\Request), Object(Closure))
#40 C:\\Users\\lenovo\\Downloads\\revdb\\vendor\\laravel\\framework\\src\\Illuminate\\Pipeline\\Pipeline.php(180): Illuminate\\Foundation\\Http\\Middleware\\ConvertEmptyStringsToNull->handle(Object(Illuminate\\Http\\Request), Object(Closure))
#41 C:\\Users\\lenovo\\Downloads\\revdb\\vendor\\laravel\\framework\\src\\Illuminate\\Foundation\\Http\\Middleware\\TransformsRequest.php(21): Illuminate\\Pipeline\\Pipeline->Illuminate\\Pipeline\\{closure}(Object(Illuminate\\Http\\Request))
#42 C:\\Users\\lenovo\\Downloads\\revdb\\vendor\\laravel\\framework\\src\\Illuminate\\Foundation\\Http\\Middleware\\TrimStrings.php(40): Illuminate\\Foundation\\Http\\Middleware\\TransformsRequest->handle(Object(Illuminate\\Http\\Request), Object(Closure))
#43 C:\\Users\\lenovo\\Downloads\\revdb\\vendor\\laravel\\framework\\src\\Illuminate\\Pipeline\\Pipeline.php(180): Illuminate\\Foundation\\Http\\Middleware\\TrimStrings->handle(Object(Illuminate\\Http\\Request), Object(Closure))
#44 C:\\Users\\lenovo\\Downloads\\revdb\\vendor\\laravel\\framework\\src\\Illuminate\\Foundation\\Http\\Middleware\\ValidatePostSize.php(27): Illuminate\\Pipeline\\Pipeline->Illuminate\\Pipeline\\{closure}(Object(Illuminate\\Http\\Request))
#45 C:\\Users\\lenovo\\Downloads\\revdb\\vendor\\laravel\\framework\\src\\Illuminate\\Pipeline\\Pipeline.php(180): Illuminate\\Foundation\\Http\\Middleware\\ValidatePostSize->handle(Object(Illuminate\\Http\\Request), Object(Closure))
#46 C:\\Users\\lenovo\\Downloads\\revdb\\vendor\\laravel\\framework\\src\\Illuminate\\Foundation\\Http\\Middleware\\PreventRequestsDuringMaintenance.php(86): Illuminate\\Pipeline\\Pipeline->Illuminate\\Pipeline\\{closure}(Object(Illuminate\\Http\\Request))
#47 C:\\Users\\lenovo\\Downloads\\revdb\\vendor\\laravel\\framework\\src\\Illuminate\\Pipeline\\Pipeline.php(180): Illuminate\\Foundation\\Http\\Middleware\\PreventRequestsDuringMaintenance->handle(Object(Illuminate\\Http\\Request), Object(Closure))
#48 C:\\Users\\lenovo\\Downloads\\revdb\\vendor\\laravel\\framework\\src\\Illuminate\\Http\\Middleware\\HandleCors.php(49): Illuminate\\Pipeline\\Pipeline->Illuminate\\Pipeline\\{closure}(Object(Illuminate\\Http\\Request))
#49 C:\\Users\\lenovo\\Downloads\\revdb\\vendor\\laravel\\framework\\src\\Illuminate\\Pipeline\\Pipeline.php(180): Illuminate\\Http\\Middleware\\HandleCors->handle(Object(Illuminate\\Http\\Request), Object(Closure))
#50 C:\\Users\\lenovo\\Downloads\\revdb\\vendor\\laravel\\framework\\src\\Illuminate\\Http\\Middleware\\TrustProxies.php(39): Illuminate\\Pipeline\\Pipeline->Illuminate\\Pipeline\\{closure}(Object(Illuminate\\Http\\Request))
#51 C:\\Users\\lenovo\\Downloads\\revdb\\vendor\\laravel\\framework\\src\\Illuminate\\Pipeline\\Pipeline.php(180): Illuminate\\Http\\Middleware\\TrustProxies->handle(Object(Illuminate\\Http\\Request), Object(Closure))
#52 C:\\Users\\lenovo\\Downloads\\revdb\\vendor\\laravel\\framework\\src\\Illuminate\\Pipeline\\Pipeline.php(116): Illuminate\\Pipeline\\Pipeline->Illuminate\\Pipeline\\{closure}(Object(Illuminate\\Http\\Request))
#53 C:\\Users\\lenovo\\Downloads\\revdb\\vendor\\laravel\\framework\\src\\Illuminate\\Foundation\\Http\\Kernel.php(165): Illuminate\\Pipeline\\Pipeline->then(Object(Closure))
#54 C:\\Users\\lenovo\\Downloads\\revdb\\vendor\\laravel\\framework\\src\\Illuminate\\Foundation\\Http\\Kernel.php(134): Illuminate\\Foundation\\Http\\Kernel->sendRequestThroughRouter(Object(Illuminate\\Http\\Request))
#55 C:\\Users\\lenovo\\Downloads\\revdb\\public\\index.php(51): Illuminate\\Foundation\\Http\\Kernel->handle(Object(Illuminate\\Http\\Request))
#56 C:\\Users\\lenovo\\Downloads\\revdb\\vendor\\laravel\\framework\\src\\Illuminate\\Foundation\\resources\\server.php(16): require_once('C:\\\\Users\\\\lenovo...')
#57 {main}
"} 
[2025-10-09 11:50:09] local.ERROR: Missing required parameter for [Route: login] [URI: {type}/login] [Missing parameter: type]. {"view":{"view":"C:\\Users\\lenovo\\Downloads\\revdb\\resources\\views\\auth\\forgot-password.blade.php","data":{"errors":"<pre class=sf-dump id=sf-dump-1031862348 data-indent-pad=\"  \"><span class=sf-dump-note>Illuminate\\Support\\ViewErrorBag</span> {<a class=sf-dump-ref>#1425</a><samp data-depth=1 class=sf-dump-expanded>
  #<span class=sf-dump-protected title=\"Protected property\">bags</span>: []
</samp>}
</pre><script>Sfdump(\"sf-dump-1031862348\", {\"maxDepth\":3,\"maxStringLength\":160})</script>
"}},"userId":"6f0caca9-5e10-4375-928b-f3514b41068f","exception":"[object] (Spatie\\LaravelIgnition\\Exceptions\\ViewException(code: 0): Missing required parameter for [Route: login] [URI: {type}/login] [Missing parameter: type]. at C:\\Users\\lenovo\\Downloads\\revdb\\vendor\\laravel\\framework\\src\\Illuminate\\Routing\\Exceptions\\UrlGenerationException.php:35)
[stacktrace]
#0 C:\\Users\\lenovo\\Downloads\\revdb\\vendor\\laravel\\framework\\src\\Illuminate\\Routing\\RouteUrlGenerator.php(90): Illuminate\\Routing\\Exceptions\\UrlGenerationException::forMissingParameters(Object(Illuminate\\Routing\\Route), Array)
#1 C:\\Users\\lenovo\\Downloads\\revdb\\vendor\\laravel\\framework\\src\\Illuminate\\Routing\\UrlGenerator.php(492): Illuminate\\Routing\\RouteUrlGenerator->to(Object(Illuminate\\Routing\\Route), Array, true)
#2 C:\\Users\\lenovo\\Downloads\\revdb\\vendor\\laravel\\framework\\src\\Illuminate\\Routing\\UrlGenerator.php(464): Illuminate\\Routing\\UrlGenerator->toRoute(Object(Illuminate\\Routing\\Route), Array, true)
#3 C:\\Users\\lenovo\\Downloads\\revdb\\vendor\\laravel\\framework\\src\\Illuminate\\Foundation\\helpers.php(826): Illuminate\\Routing\\UrlGenerator->route('login', Array, true)
#4 C:\\Users\\lenovo\\Downloads\\revdb\\resources\\views\\auth\\forgot-password.blade.php(464): route('login')
#5 C:\\Users\\lenovo\\Downloads\\revdb\\vendor\\laravel\\framework\\src\\Illuminate\\Filesystem\\Filesystem.php(109): require('C:\\\\Users\\\\lenovo...')
#6 C:\\Users\\lenovo\\Downloads\\revdb\\vendor\\laravel\\framework\\src\\Illuminate\\Filesystem\\Filesystem.php(110): Illuminate\\Filesystem\\Filesystem::Illuminate\\Filesystem\\{closure}()
#7 C:\\Users\\lenovo\\Downloads\\revdb\\vendor\\laravel\\framework\\src\\Illuminate\\View\\Engines\\PhpEngine.php(58): Illuminate\\Filesystem\\Filesystem->getRequire('C:\\\\Users\\\\lenovo...', Array)
#8 C:\\Users\\lenovo\\Downloads\\revdb\\vendor\\laravel\\framework\\src\\Illuminate\\View\\Engines\\CompilerEngine.php(70): Illuminate\\View\\Engines\\PhpEngine->evaluatePath('C:\\\\Users\\\\lenovo...', Array)
#9 C:\\Users\\lenovo\\Downloads\\revdb\\vendor\\laravel\\framework\\src\\Illuminate\\View\\View.php(195): Illuminate\\View\\Engines\\CompilerEngine->get('C:\\\\Users\\\\lenovo...', Array)
#10 C:\\Users\\lenovo\\Downloads\\revdb\\vendor\\laravel\\framework\\src\\Illuminate\\View\\View.php(178): Illuminate\\View\\View->getContents()
#11 C:\\Users\\lenovo\\Downloads\\revdb\\vendor\\laravel\\framework\\src\\Illuminate\\View\\View.php(147): Illuminate\\View\\View->renderContents()
#12 C:\\Users\\lenovo\\Downloads\\revdb\\vendor\\laravel\\framework\\src\\Illuminate\\Http\\Response.php(69): Illuminate\\View\\View->render()
#13 C:\\Users\\lenovo\\Downloads\\revdb\\vendor\\laravel\\framework\\src\\Illuminate\\Http\\Response.php(35): Illuminate\\Http\\Response->setContent(Object(Illuminate\\View\\View))
#14 C:\\Users\\lenovo\\Downloads\\revdb\\vendor\\laravel\\framework\\src\\Illuminate\\Routing\\Router.php(906): Illuminate\\Http\\Response->__construct(Object(Illuminate\\View\\View), 200, Array)
#15 C:\\Users\\lenovo\\Downloads\\revdb\\vendor\\laravel\\framework\\src\\Illuminate\\Routing\\Router.php(875): Illuminate\\Routing\\Router::toResponse(Object(Illuminate\\Http\\Request), Object(Illuminate\\View\\View))
#16 C:\\Users\\lenovo\\Downloads\\revdb\\vendor\\laravel\\framework\\src\\Illuminate\\Routing\\Router.php(797): Illuminate\\Routing\\Router->prepareResponse(Object(Illuminate\\Http\\Request), Object(Illuminate\\View\\View))
#17 C:\\Users\\lenovo\\Downloads\\revdb\\vendor\\laravel\\framework\\src\\Illuminate\\Pipeline\\Pipeline.php(141): Illuminate\\Routing\\Router->Illuminate\\Routing\\{closure}(Object(Illuminate\\Http\\Request))
#18 C:\\Users\\lenovo\\Downloads\\revdb\\app\\Http\\Middleware\\RedirectIfAuthenticated.php(33): Illuminate\\Pipeline\\Pipeline->Illuminate\\Pipeline\\{closure}(Object(Illuminate\\Http\\Request))
#19 C:\\Users\\lenovo\\Downloads\\revdb\\vendor\\laravel\\framework\\src\\Illuminate\\Pipeline\\Pipeline.php(180): App\\Http\\Middleware\\RedirectIfAuthenticated->handle(Object(Illuminate\\Http\\Request), Object(Closure))
#20 C:\\Users\\lenovo\\Downloads\\revdb\\app\\Http\\Middleware\\SetLocale.php(24): Illuminate\\Pipeline\\Pipeline->Illuminate\\Pipeline\\{closure}(Object(Illuminate\\Http\\Request))
#21 C:\\Users\\lenovo\\Downloads\\revdb\\vendor\\laravel\\framework\\src\\Illuminate\\Pipeline\\Pipeline.php(180): App\\Http\\Middleware\\SetLocale->handle(Object(Illuminate\\Http\\Request), Object(Closure))
#22 C:\\Users\\lenovo\\Downloads\\revdb\\app\\Http\\Middleware\\AuthGates.php(44): Illuminate\\Pipeline\\Pipeline->Illuminate\\Pipeline\\{closure}(Object(Illuminate\\Http\\Request))
#23 C:\\Users\\lenovo\\Downloads\\revdb\\vendor\\laravel\\framework\\src\\Illuminate\\Pipeline\\Pipeline.php(180): App\\Http\\Middleware\\AuthGates->handle(Object(Illuminate\\Http\\Request), Object(Closure))
#24 C:\\Users\\lenovo\\Downloads\\revdb\\vendor\\laravel\\framework\\src\\Illuminate\\Routing\\Middleware\\SubstituteBindings.php(50): Illuminate\\Pipeline\\Pipeline->Illuminate\\Pipeline\\{closure}(Object(Illuminate\\Http\\Request))
#25 C:\\Users\\lenovo\\Downloads\\revdb\\vendor\\laravel\\framework\\src\\Illuminate\\Pipeline\\Pipeline.php(180): Illuminate\\Routing\\Middleware\\SubstituteBindings->handle(Object(Illuminate\\Http\\Request), Object(Closure))
#26 C:\\Users\\lenovo\\Downloads\\revdb\\vendor\\laravel\\framework\\src\\Illuminate\\Foundation\\Http\\Middleware\\VerifyCsrfToken.php(78): Illuminate\\Pipeline\\Pipeline->Illuminate\\Pipeline\\{closure}(Object(Illuminate\\Http\\Request))
#27 C:\\Users\\lenovo\\Downloads\\revdb\\vendor\\laravel\\framework\\src\\Illuminate\\Pipeline\\Pipeline.php(180): Illuminate\\Foundation\\Http\\Middleware\\VerifyCsrfToken->handle(Object(Illuminate\\Http\\Request), Object(Closure))
#28 C:\\Users\\lenovo\\Downloads\\revdb\\vendor\\laravel\\framework\\src\\Illuminate\\View\\Middleware\\ShareErrorsFromSession.php(49): Illuminate\\Pipeline\\Pipeline->Illuminate\\Pipeline\\{closure}(Object(Illuminate\\Http\\Request))
#29 C:\\Users\\lenovo\\Downloads\\revdb\\vendor\\laravel\\framework\\src\\Illuminate\\Pipeline\\Pipeline.php(180): Illuminate\\View\\Middleware\\ShareErrorsFromSession->handle(Object(Illuminate\\Http\\Request), Object(Closure))
#30 C:\\Users\\lenovo\\Downloads\\revdb\\vendor\\laravel\\framework\\src\\Illuminate\\Session\\Middleware\\StartSession.php(121): Illuminate\\Pipeline\\Pipeline->Illuminate\\Pipeline\\{closure}(Object(Illuminate\\Http\\Request))
#31 C:\\Users\\lenovo\\Downloads\\revdb\\vendor\\laravel\\framework\\src\\Illuminate\\Session\\Middleware\\StartSession.php(64): Illuminate\\Session\\Middleware\\StartSession->handleStatefulRequest(Object(Illuminate\\Http\\Request), Object(Illuminate\\Session\\Store), Object(Closure))
#32 C:\\Users\\lenovo\\Downloads\\revdb\\vendor\\laravel\\framework\\src\\Illuminate\\Pipeline\\Pipeline.php(180): Illuminate\\Session\\Middleware\\StartSession->handle(Object(Illuminate\\Http\\Request), Object(Closure))
#33 C:\\Users\\lenovo\\Downloads\\revdb\\vendor\\laravel\\framework\\src\\Illuminate\\Cookie\\Middleware\\AddQueuedCookiesToResponse.php(37): Illuminate\\Pipeline\\Pipeline->Illuminate\\Pipeline\\{closure}(Object(Illuminate\\Http\\Request))
#34 C:\\Users\\lenovo\\Downloads\\revdb\\vendor\\laravel\\framework\\src\\Illuminate\\Pipeline\\Pipeline.php(180): Illuminate\\Cookie\\Middleware\\AddQueuedCookiesToResponse->handle(Object(Illuminate\\Http\\Request), Object(Closure))
#35 C:\\Users\\lenovo\\Downloads\\revdb\\vendor\\laravel\\framework\\src\\Illuminate\\Cookie\\Middleware\\EncryptCookies.php(67): Illuminate\\Pipeline\\Pipeline->Illuminate\\Pipeline\\{closure}(Object(Illuminate\\Http\\Request))
#36 C:\\Users\\lenovo\\Downloads\\revdb\\vendor\\laravel\\framework\\src\\Illuminate\\Pipeline\\Pipeline.php(180): Illuminate\\Cookie\\Middleware\\EncryptCookies->handle(Object(Illuminate\\Http\\Request), Object(Closure))
#37 C:\\Users\\lenovo\\Downloads\\revdb\\vendor\\laravel\\framework\\src\\Illuminate\\Pipeline\\Pipeline.php(116): Illuminate\\Pipeline\\Pipeline->Illuminate\\Pipeline\\{closure}(Object(Illuminate\\Http\\Request))
#38 C:\\Users\\lenovo\\Downloads\\revdb\\vendor\\laravel\\framework\\src\\Illuminate\\Routing\\Router.php(797): Illuminate\\Pipeline\\Pipeline->then(Object(Closure))
#39 C:\\Users\\lenovo\\Downloads\\revdb\\vendor\\laravel\\framework\\src\\Illuminate\\Routing\\Router.php(776): Illuminate\\Routing\\Router->runRouteWithinStack(Object(Illuminate\\Routing\\Route), Object(Illuminate\\Http\\Request))
#40 C:\\Users\\lenovo\\Downloads\\revdb\\vendor\\laravel\\framework\\src\\Illuminate\\Routing\\Router.php(740): Illuminate\\Routing\\Router->runRoute(Object(Illuminate\\Http\\Request), Object(Illuminate\\Routing\\Route))
#41 C:\\Users\\lenovo\\Downloads\\revdb\\vendor\\laravel\\framework\\src\\Illuminate\\Routing\\Router.php(729): Illuminate\\Routing\\Router->dispatchToRoute(Object(Illuminate\\Http\\Request))
#42 C:\\Users\\lenovo\\Downloads\\revdb\\vendor\\laravel\\framework\\src\\Illuminate\\Foundation\\Http\\Kernel.php(190): Illuminate\\Routing\\Router->dispatch(Object(Illuminate\\Http\\Request))
#43 C:\\Users\\lenovo\\Downloads\\revdb\\vendor\\laravel\\framework\\src\\Illuminate\\Pipeline\\Pipeline.php(141): Illuminate\\Foundation\\Http\\Kernel->Illuminate\\Foundation\\Http\\{closure}(Object(Illuminate\\Http\\Request))
#44 C:\\Users\\lenovo\\Downloads\\revdb\\vendor\\laravel\\framework\\src\\Illuminate\\Foundation\\Http\\Middleware\\TransformsRequest.php(21): Illuminate\\Pipeline\\Pipeline->Illuminate\\Pipeline\\{closure}(Object(Illuminate\\Http\\Request))
#45 C:\\Users\\lenovo\\Downloads\\revdb\\vendor\\laravel\\framework\\src\\Illuminate\\Foundation\\Http\\Middleware\\ConvertEmptyStringsToNull.php(31): Illuminate\\Foundation\\Http\\Middleware\\TransformsRequest->handle(Object(Illuminate\\Http\\Request), Object(Closure))
#46 C:\\Users\\lenovo\\Downloads\\revdb\\vendor\\laravel\\framework\\src\\Illuminate\\Pipeline\\Pipeline.php(180): Illuminate\\Foundation\\Http\\Middleware\\ConvertEmptyStringsToNull->handle(Object(Illuminate\\Http\\Request), Object(Closure))
#47 C:\\Users\\lenovo\\Downloads\\revdb\\vendor\\laravel\\framework\\src\\Illuminate\\Foundation\\Http\\Middleware\\TransformsRequest.php(21): Illuminate\\Pipeline\\Pipeline->Illuminate\\Pipeline\\{closure}(Object(Illuminate\\Http\\Request))
#48 C:\\Users\\lenovo\\Downloads\\revdb\\vendor\\laravel\\framework\\src\\Illuminate\\Foundation\\Http\\Middleware\\TrimStrings.php(40): Illuminate\\Foundation\\Http\\Middleware\\TransformsRequest->handle(Object(Illuminate\\Http\\Request), Object(Closure))
#49 C:\\Users\\lenovo\\Downloads\\revdb\\vendor\\laravel\\framework\\src\\Illuminate\\Pipeline\\Pipeline.php(180): Illuminate\\Foundation\\Http\\Middleware\\TrimStrings->handle(Object(Illuminate\\Http\\Request), Object(Closure))
#50 C:\\Users\\lenovo\\Downloads\\revdb\\vendor\\laravel\\framework\\src\\Illuminate\\Foundation\\Http\\Middleware\\ValidatePostSize.php(27): Illuminate\\Pipeline\\Pipeline->Illuminate\\Pipeline\\{closure}(Object(Illuminate\\Http\\Request))
#51 C:\\Users\\lenovo\\Downloads\\revdb\\vendor\\laravel\\framework\\src\\Illuminate\\Pipeline\\Pipeline.php(180): Illuminate\\Foundation\\Http\\Middleware\\ValidatePostSize->handle(Object(Illuminate\\Http\\Request), Object(Closure))
#52 C:\\Users\\lenovo\\Downloads\\revdb\\vendor\\laravel\\framework\\src\\Illuminate\\Foundation\\Http\\Middleware\\PreventRequestsDuringMaintenance.php(86): Illuminate\\Pipeline\\Pipeline->Illuminate\\Pipeline\\{closure}(Object(Illuminate\\Http\\Request))
#53 C:\\Users\\lenovo\\Downloads\\revdb\\vendor\\laravel\\framework\\src\\Illuminate\\Pipeline\\Pipeline.php(180): Illuminate\\Foundation\\Http\\Middleware\\PreventRequestsDuringMaintenance->handle(Object(Illuminate\\Http\\Request), Object(Closure))
#54 C:\\Users\\lenovo\\Downloads\\revdb\\vendor\\laravel\\framework\\src\\Illuminate\\Http\\Middleware\\HandleCors.php(49): Illuminate\\Pipeline\\Pipeline->Illuminate\\Pipeline\\{closure}(Object(Illuminate\\Http\\Request))
#55 C:\\Users\\lenovo\\Downloads\\revdb\\vendor\\laravel\\framework\\src\\Illuminate\\Pipeline\\Pipeline.php(180): Illuminate\\Http\\Middleware\\HandleCors->handle(Object(Illuminate\\Http\\Request), Object(Closure))
#56 C:\\Users\\lenovo\\Downloads\\revdb\\vendor\\laravel\\framework\\src\\Illuminate\\Http\\Middleware\\TrustProxies.php(39): Illuminate\\Pipeline\\Pipeline->Illuminate\\Pipeline\\{closure}(Object(Illuminate\\Http\\Request))
#57 C:\\Users\\lenovo\\Downloads\\revdb\\vendor\\laravel\\framework\\src\\Illuminate\\Pipeline\\Pipeline.php(180): Illuminate\\Http\\Middleware\\TrustProxies->handle(Object(Illuminate\\Http\\Request), Object(Closure))
#58 C:\\Users\\lenovo\\Downloads\\revdb\\vendor\\laravel\\framework\\src\\Illuminate\\Pipeline\\Pipeline.php(116): Illuminate\\Pipeline\\Pipeline->Illuminate\\Pipeline\\{closure}(Object(Illuminate\\Http\\Request))
#59 C:\\Users\\lenovo\\Downloads\\revdb\\vendor\\laravel\\framework\\src\\Illuminate\\Foundation\\Http\\Kernel.php(165): Illuminate\\Pipeline\\Pipeline->then(Object(Closure))
#60 C:\\Users\\lenovo\\Downloads\\revdb\\vendor\\laravel\\framework\\src\\Illuminate\\Foundation\\Http\\Kernel.php(134): Illuminate\\Foundation\\Http\\Kernel->sendRequestThroughRouter(Object(Illuminate\\Http\\Request))
#61 C:\\Users\\lenovo\\Downloads\\revdb\\public\\index.php(51): Illuminate\\Foundation\\Http\\Kernel->handle(Object(Illuminate\\Http\\Request))
#62 C:\\Users\\lenovo\\Downloads\\revdb\\vendor\\laravel\\framework\\src\\Illuminate\\Foundation\\resources\\server.php(16): require_once('C:\\\\Users\\\\lenovo...')
#63 {main}

[previous exception] [object] (Illuminate\\Routing\\Exceptions\\UrlGenerationException(code: 0): Missing required parameter for [Route: login] [URI: {type}/login] [Missing parameter: type]. at C:\\Users\\lenovo\\Downloads\\revdb\\vendor\\laravel\\framework\\src\\Illuminate\\Routing\\Exceptions\\UrlGenerationException.php:35)
[stacktrace]
#0 C:\\Users\\lenovo\\Downloads\\revdb\\vendor\\laravel\\framework\\src\\Illuminate\\Routing\\RouteUrlGenerator.php(90): Illuminate\\Routing\\Exceptions\\UrlGenerationException::forMissingParameters(Object(Illuminate\\Routing\\Route), Array)
#1 C:\\Users\\lenovo\\Downloads\\revdb\\vendor\\laravel\\framework\\src\\Illuminate\\Routing\\UrlGenerator.php(492): Illuminate\\Routing\\RouteUrlGenerator->to(Object(Illuminate\\Routing\\Route), Array, true)
#2 C:\\Users\\lenovo\\Downloads\\revdb\\vendor\\laravel\\framework\\src\\Illuminate\\Routing\\UrlGenerator.php(464): Illuminate\\Routing\\UrlGenerator->toRoute(Object(Illuminate\\Routing\\Route), Array, true)
#3 C:\\Users\\lenovo\\Downloads\\revdb\\vendor\\laravel\\framework\\src\\Illuminate\\Foundation\\helpers.php(826): Illuminate\\Routing\\UrlGenerator->route('login', Array, true)
#4 C:\\Users\\lenovo\\Downloads\\revdb\\storage\\framework\\views\\9a1c3322194bcc4d4fb0a988151c687d8b7a674f.php(470): route('login')
#5 C:\\Users\\lenovo\\Downloads\\revdb\\vendor\\laravel\\framework\\src\\Illuminate\\Filesystem\\Filesystem.php(109): require('C:\\\\Users\\\\lenovo...')
#6 C:\\Users\\lenovo\\Downloads\\revdb\\vendor\\laravel\\framework\\src\\Illuminate\\Filesystem\\Filesystem.php(110): Illuminate\\Filesystem\\Filesystem::Illuminate\\Filesystem\\{closure}()
#7 C:\\Users\\lenovo\\Downloads\\revdb\\vendor\\laravel\\framework\\src\\Illuminate\\View\\Engines\\PhpEngine.php(58): Illuminate\\Filesystem\\Filesystem->getRequire('C:\\\\Users\\\\lenovo...', Array)
#8 C:\\Users\\lenovo\\Downloads\\revdb\\vendor\\laravel\\framework\\src\\Illuminate\\View\\Engines\\CompilerEngine.php(70): Illuminate\\View\\Engines\\PhpEngine->evaluatePath('C:\\\\Users\\\\lenovo...', Array)
#9 C:\\Users\\lenovo\\Downloads\\revdb\\vendor\\laravel\\framework\\src\\Illuminate\\View\\View.php(195): Illuminate\\View\\Engines\\CompilerEngine->get('C:\\\\Users\\\\lenovo...', Array)
#10 C:\\Users\\lenovo\\Downloads\\revdb\\vendor\\laravel\\framework\\src\\Illuminate\\View\\View.php(178): Illuminate\\View\\View->getContents()
#11 C:\\Users\\lenovo\\Downloads\\revdb\\vendor\\laravel\\framework\\src\\Illuminate\\View\\View.php(147): Illuminate\\View\\View->renderContents()
#12 C:\\Users\\lenovo\\Downloads\\revdb\\vendor\\laravel\\framework\\src\\Illuminate\\Http\\Response.php(69): Illuminate\\View\\View->render()
#13 C:\\Users\\lenovo\\Downloads\\revdb\\vendor\\laravel\\framework\\src\\Illuminate\\Http\\Response.php(35): Illuminate\\Http\\Response->setContent(Object(Illuminate\\View\\View))
#14 C:\\Users\\lenovo\\Downloads\\revdb\\vendor\\laravel\\framework\\src\\Illuminate\\Routing\\Router.php(906): Illuminate\\Http\\Response->__construct(Object(Illuminate\\View\\View), 200, Array)
#15 C:\\Users\\lenovo\\Downloads\\revdb\\vendor\\laravel\\framework\\src\\Illuminate\\Routing\\Router.php(875): Illuminate\\Routing\\Router::toResponse(Object(Illuminate\\Http\\Request), Object(Illuminate\\View\\View))
#16 C:\\Users\\lenovo\\Downloads\\revdb\\vendor\\laravel\\framework\\src\\Illuminate\\Routing\\Router.php(797): Illuminate\\Routing\\Router->prepareResponse(Object(Illuminate\\Http\\Request), Object(Illuminate\\View\\View))
#17 C:\\Users\\lenovo\\Downloads\\revdb\\vendor\\laravel\\framework\\src\\Illuminate\\Pipeline\\Pipeline.php(141): Illuminate\\Routing\\Router->Illuminate\\Routing\\{closure}(Object(Illuminate\\Http\\Request))
#18 C:\\Users\\lenovo\\Downloads\\revdb\\app\\Http\\Middleware\\RedirectIfAuthenticated.php(33): Illuminate\\Pipeline\\Pipeline->Illuminate\\Pipeline\\{closure}(Object(Illuminate\\Http\\Request))
#19 C:\\Users\\lenovo\\Downloads\\revdb\\vendor\\laravel\\framework\\src\\Illuminate\\Pipeline\\Pipeline.php(180): App\\Http\\Middleware\\RedirectIfAuthenticated->handle(Object(Illuminate\\Http\\Request), Object(Closure))
#20 C:\\Users\\lenovo\\Downloads\\revdb\\app\\Http\\Middleware\\SetLocale.php(24): Illuminate\\Pipeline\\Pipeline->Illuminate\\Pipeline\\{closure}(Object(Illuminate\\Http\\Request))
#21 C:\\Users\\lenovo\\Downloads\\revdb\\vendor\\laravel\\framework\\src\\Illuminate\\Pipeline\\Pipeline.php(180): App\\Http\\Middleware\\SetLocale->handle(Object(Illuminate\\Http\\Request), Object(Closure))
#22 C:\\Users\\lenovo\\Downloads\\revdb\\app\\Http\\Middleware\\AuthGates.php(44): Illuminate\\Pipeline\\Pipeline->Illuminate\\Pipeline\\{closure}(Object(Illuminate\\Http\\Request))
#23 C:\\Users\\lenovo\\Downloads\\revdb\\vendor\\laravel\\framework\\src\\Illuminate\\Pipeline\\Pipeline.php(180): App\\Http\\Middleware\\AuthGates->handle(Object(Illuminate\\Http\\Request), Object(Closure))
#24 C:\\Users\\lenovo\\Downloads\\revdb\\vendor\\laravel\\framework\\src\\Illuminate\\Routing\\Middleware\\SubstituteBindings.php(50): Illuminate\\Pipeline\\Pipeline->Illuminate\\Pipeline\\{closure}(Object(Illuminate\\Http\\Request))
#25 C:\\Users\\lenovo\\Downloads\\revdb\\vendor\\laravel\\framework\\src\\Illuminate\\Pipeline\\Pipeline.php(180): Illuminate\\Routing\\Middleware\\SubstituteBindings->handle(Object(Illuminate\\Http\\Request), Object(Closure))
#26 C:\\Users\\lenovo\\Downloads\\revdb\\vendor\\laravel\\framework\\src\\Illuminate\\Foundation\\Http\\Middleware\\VerifyCsrfToken.php(78): Illuminate\\Pipeline\\Pipeline->Illuminate\\Pipeline\\{closure}(Object(Illuminate\\Http\\Request))
#27 C:\\Users\\lenovo\\Downloads\\revdb\\vendor\\laravel\\framework\\src\\Illuminate\\Pipeline\\Pipeline.php(180): Illuminate\\Foundation\\Http\\Middleware\\VerifyCsrfToken->handle(Object(Illuminate\\Http\\Request), Object(Closure))
#28 C:\\Users\\lenovo\\Downloads\\revdb\\vendor\\laravel\\framework\\src\\Illuminate\\View\\Middleware\\ShareErrorsFromSession.php(49): Illuminate\\Pipeline\\Pipeline->Illuminate\\Pipeline\\{closure}(Object(Illuminate\\Http\\Request))
#29 C:\\Users\\lenovo\\Downloads\\revdb\\vendor\\laravel\\framework\\src\\Illuminate\\Pipeline\\Pipeline.php(180): Illuminate\\View\\Middleware\\ShareErrorsFromSession->handle(Object(Illuminate\\Http\\Request), Object(Closure))
#30 C:\\Users\\lenovo\\Downloads\\revdb\\vendor\\laravel\\framework\\src\\Illuminate\\Session\\Middleware\\StartSession.php(121): Illuminate\\Pipeline\\Pipeline->Illuminate\\Pipeline\\{closure}(Object(Illuminate\\Http\\Request))
#31 C:\\Users\\lenovo\\Downloads\\revdb\\vendor\\laravel\\framework\\src\\Illuminate\\Session\\Middleware\\StartSession.php(64): Illuminate\\Session\\Middleware\\StartSession->handleStatefulRequest(Object(Illuminate\\Http\\Request), Object(Illuminate\\Session\\Store), Object(Closure))
#32 C:\\Users\\lenovo\\Downloads\\revdb\\vendor\\laravel\\framework\\src\\Illuminate\\Pipeline\\Pipeline.php(180): Illuminate\\Session\\Middleware\\StartSession->handle(Object(Illuminate\\Http\\Request), Object(Closure))
#33 C:\\Users\\lenovo\\Downloads\\revdb\\vendor\\laravel\\framework\\src\\Illuminate\\Cookie\\Middleware\\AddQueuedCookiesToResponse.php(37): Illuminate\\Pipeline\\Pipeline->Illuminate\\Pipeline\\{closure}(Object(Illuminate\\Http\\Request))
#34 C:\\Users\\lenovo\\Downloads\\revdb\\vendor\\laravel\\framework\\src\\Illuminate\\Pipeline\\Pipeline.php(180): Illuminate\\Cookie\\Middleware\\AddQueuedCookiesToResponse->handle(Object(Illuminate\\Http\\Request), Object(Closure))
#35 C:\\Users\\lenovo\\Downloads\\revdb\\vendor\\laravel\\framework\\src\\Illuminate\\Cookie\\Middleware\\EncryptCookies.php(67): Illuminate\\Pipeline\\Pipeline->Illuminate\\Pipeline\\{closure}(Object(Illuminate\\Http\\Request))
#36 C:\\Users\\lenovo\\Downloads\\revdb\\vendor\\laravel\\framework\\src\\Illuminate\\Pipeline\\Pipeline.php(180): Illuminate\\Cookie\\Middleware\\EncryptCookies->handle(Object(Illuminate\\Http\\Request), Object(Closure))
#37 C:\\Users\\lenovo\\Downloads\\revdb\\vendor\\laravel\\framework\\src\\Illuminate\\Pipeline\\Pipeline.php(116): Illuminate\\Pipeline\\Pipeline->Illuminate\\Pipeline\\{closure}(Object(Illuminate\\Http\\Request))
#38 C:\\Users\\lenovo\\Downloads\\revdb\\vendor\\laravel\\framework\\src\\Illuminate\\Routing\\Router.php(797): Illuminate\\Pipeline\\Pipeline->then(Object(Closure))
#39 C:\\Users\\lenovo\\Downloads\\revdb\\vendor\\laravel\\framework\\src\\Illuminate\\Routing\\Router.php(776): Illuminate\\Routing\\Router->runRouteWithinStack(Object(Illuminate\\Routing\\Route), Object(Illuminate\\Http\\Request))
#40 C:\\Users\\lenovo\\Downloads\\revdb\\vendor\\laravel\\framework\\src\\Illuminate\\Routing\\Router.php(740): Illuminate\\Routing\\Router->runRoute(Object(Illuminate\\Http\\Request), Object(Illuminate\\Routing\\Route))
#41 C:\\Users\\lenovo\\Downloads\\revdb\\vendor\\laravel\\framework\\src\\Illuminate\\Routing\\Router.php(729): Illuminate\\Routing\\Router->dispatchToRoute(Object(Illuminate\\Http\\Request))
#42 C:\\Users\\lenovo\\Downloads\\revdb\\vendor\\laravel\\framework\\src\\Illuminate\\Foundation\\Http\\Kernel.php(190): Illuminate\\Routing\\Router->dispatch(Object(Illuminate\\Http\\Request))
#43 C:\\Users\\lenovo\\Downloads\\revdb\\vendor\\laravel\\framework\\src\\Illuminate\\Pipeline\\Pipeline.php(141): Illuminate\\Foundation\\Http\\Kernel->Illuminate\\Foundation\\Http\\{closure}(Object(Illuminate\\Http\\Request))
#44 C:\\Users\\lenovo\\Downloads\\revdb\\vendor\\laravel\\framework\\src\\Illuminate\\Foundation\\Http\\Middleware\\TransformsRequest.php(21): Illuminate\\Pipeline\\Pipeline->Illuminate\\Pipeline\\{closure}(Object(Illuminate\\Http\\Request))
#45 C:\\Users\\lenovo\\Downloads\\revdb\\vendor\\laravel\\framework\\src\\Illuminate\\Foundation\\Http\\Middleware\\ConvertEmptyStringsToNull.php(31): Illuminate\\Foundation\\Http\\Middleware\\TransformsRequest->handle(Object(Illuminate\\Http\\Request), Object(Closure))
#46 C:\\Users\\lenovo\\Downloads\\revdb\\vendor\\laravel\\framework\\src\\Illuminate\\Pipeline\\Pipeline.php(180): Illuminate\\Foundation\\Http\\Middleware\\ConvertEmptyStringsToNull->handle(Object(Illuminate\\Http\\Request), Object(Closure))
#47 C:\\Users\\lenovo\\Downloads\\revdb\\vendor\\laravel\\framework\\src\\Illuminate\\Foundation\\Http\\Middleware\\TransformsRequest.php(21): Illuminate\\Pipeline\\Pipeline->Illuminate\\Pipeline\\{closure}(Object(Illuminate\\Http\\Request))
#48 C:\\Users\\lenovo\\Downloads\\revdb\\vendor\\laravel\\framework\\src\\Illuminate\\Foundation\\Http\\Middleware\\TrimStrings.php(40): Illuminate\\Foundation\\Http\\Middleware\\TransformsRequest->handle(Object(Illuminate\\Http\\Request), Object(Closure))
#49 C:\\Users\\lenovo\\Downloads\\revdb\\vendor\\laravel\\framework\\src\\Illuminate\\Pipeline\\Pipeline.php(180): Illuminate\\Foundation\\Http\\Middleware\\TrimStrings->handle(Object(Illuminate\\Http\\Request), Object(Closure))
#50 C:\\Users\\lenovo\\Downloads\\revdb\\vendor\\laravel\\framework\\src\\Illuminate\\Foundation\\Http\\Middleware\\ValidatePostSize.php(27): Illuminate\\Pipeline\\Pipeline->Illuminate\\Pipeline\\{closure}(Object(Illuminate\\Http\\Request))
#51 C:\\Users\\lenovo\\Downloads\\revdb\\vendor\\laravel\\framework\\src\\Illuminate\\Pipeline\\Pipeline.php(180): Illuminate\\Foundation\\Http\\Middleware\\ValidatePostSize->handle(Object(Illuminate\\Http\\Request), Object(Closure))
#52 C:\\Users\\lenovo\\Downloads\\revdb\\vendor\\laravel\\framework\\src\\Illuminate\\Foundation\\Http\\Middleware\\PreventRequestsDuringMaintenance.php(86): Illuminate\\Pipeline\\Pipeline->Illuminate\\Pipeline\\{closure}(Object(Illuminate\\Http\\Request))
#53 C:\\Users\\lenovo\\Downloads\\revdb\\vendor\\laravel\\framework\\src\\Illuminate\\Pipeline\\Pipeline.php(180): Illuminate\\Foundation\\Http\\Middleware\\PreventRequestsDuringMaintenance->handle(Object(Illuminate\\Http\\Request), Object(Closure))
#54 C:\\Users\\lenovo\\Downloads\\revdb\\vendor\\laravel\\framework\\src\\Illuminate\\Http\\Middleware\\HandleCors.php(49): Illuminate\\Pipeline\\Pipeline->Illuminate\\Pipeline\\{closure}(Object(Illuminate\\Http\\Request))
#55 C:\\Users\\lenovo\\Downloads\\revdb\\vendor\\laravel\\framework\\src\\Illuminate\\Pipeline\\Pipeline.php(180): Illuminate\\Http\\Middleware\\HandleCors->handle(Object(Illuminate\\Http\\Request), Object(Closure))
#56 C:\\Users\\lenovo\\Downloads\\revdb\\vendor\\laravel\\framework\\src\\Illuminate\\Http\\Middleware\\TrustProxies.php(39): Illuminate\\Pipeline\\Pipeline->Illuminate\\Pipeline\\{closure}(Object(Illuminate\\Http\\Request))
#57 C:\\Users\\lenovo\\Downloads\\revdb\\vendor\\laravel\\framework\\src\\Illuminate\\Pipeline\\Pipeline.php(180): Illuminate\\Http\\Middleware\\TrustProxies->handle(Object(Illuminate\\Http\\Request), Object(Closure))
#58 C:\\Users\\lenovo\\Downloads\\revdb\\vendor\\laravel\\framework\\src\\Illuminate\\Pipeline\\Pipeline.php(116): Illuminate\\Pipeline\\Pipeline->Illuminate\\Pipeline\\{closure}(Object(Illuminate\\Http\\Request))
#59 C:\\Users\\lenovo\\Downloads\\revdb\\vendor\\laravel\\framework\\src\\Illuminate\\Foundation\\Http\\Kernel.php(165): Illuminate\\Pipeline\\Pipeline->then(Object(Closure))
#60 C:\\Users\\lenovo\\Downloads\\revdb\\vendor\\laravel\\framework\\src\\Illuminate\\Foundation\\Http\\Kernel.php(134): Illuminate\\Foundation\\Http\\Kernel->sendRequestThroughRouter(Object(Illuminate\\Http\\Request))
#61 C:\\Users\\lenovo\\Downloads\\revdb\\public\\index.php(51): Illuminate\\Foundation\\Http\\Kernel->handle(Object(Illuminate\\Http\\Request))
#62 C:\\Users\\lenovo\\Downloads\\revdb\\vendor\\laravel\\framework\\src\\Illuminate\\Foundation\\resources\\server.php(16): require_once('C:\\\\Users\\\\lenovo...')
#63 {main}
"} 
[2025-10-09 12:17:59] local.ERROR: syntax error, unexpected token "if" {"exception":"[object] (ParseError(code: 0): syntax error, unexpected token \"if\" at C:\\Users\\lenovo\\Downloads\\revdb\\app\\Http\\Controllers\\Auth\\AuthenticatedSessionController.php:74)
[stacktrace]
#0 C:\\Users\\lenovo\\Downloads\\revdb\\vendor\\composer\\ClassLoader.php(427): Composer\\Autoload\\{closure}('C:\\\\Users\\\\lenovo...')
#1 [internal function]: Composer\\Autoload\\ClassLoader->loadClass('App\\\\Http\\\\Contro...')
#2 C:\\Users\\lenovo\\Downloads\\revdb\\vendor\\laravel\\framework\\src\\Illuminate\\Routing\\Route.php(1091): is_a('App\\\\Http\\\\Contro...', 'Illuminate\\\\Rout...', true)
#3 C:\\Users\\lenovo\\Downloads\\revdb\\vendor\\laravel\\framework\\src\\Illuminate\\Routing\\Route.php(1030): Illuminate\\Routing\\Route->controllerMiddleware()
#4 C:\\Users\\lenovo\\Downloads\\revdb\\vendor\\laravel\\framework\\src\\Illuminate\\Routing\\Router.php(810): Illuminate\\Routing\\Route->gatherMiddleware()
#5 C:\\Users\\lenovo\\Downloads\\revdb\\vendor\\laravel\\framework\\src\\Illuminate\\Routing\\Router.php(792): Illuminate\\Routing\\Router->gatherRouteMiddleware(Object(Illuminate\\Routing\\Route))
#6 C:\\Users\\lenovo\\Downloads\\revdb\\vendor\\laravel\\framework\\src\\Illuminate\\Routing\\Router.php(776): Illuminate\\Routing\\Router->runRouteWithinStack(Object(Illuminate\\Routing\\Route), Object(Illuminate\\Http\\Request))
#7 C:\\Users\\lenovo\\Downloads\\revdb\\vendor\\laravel\\framework\\src\\Illuminate\\Routing\\Router.php(740): Illuminate\\Routing\\Router->runRoute(Object(Illuminate\\Http\\Request), Object(Illuminate\\Routing\\Route))
#8 C:\\Users\\lenovo\\Downloads\\revdb\\vendor\\laravel\\framework\\src\\Illuminate\\Routing\\Router.php(729): Illuminate\\Routing\\Router->dispatchToRoute(Object(Illuminate\\Http\\Request))
#9 C:\\Users\\lenovo\\Downloads\\revdb\\vendor\\laravel\\framework\\src\\Illuminate\\Foundation\\Http\\Kernel.php(190): Illuminate\\Routing\\Router->dispatch(Object(Illuminate\\Http\\Request))
#10 C:\\Users\\lenovo\\Downloads\\revdb\\vendor\\laravel\\framework\\src\\Illuminate\\Pipeline\\Pipeline.php(141): Illuminate\\Foundation\\Http\\Kernel->Illuminate\\Foundation\\Http\\{closure}(Object(Illuminate\\Http\\Request))
#11 C:\\Users\\lenovo\\Downloads\\revdb\\vendor\\laravel\\framework\\src\\Illuminate\\Foundation\\Http\\Middleware\\TransformsRequest.php(21): Illuminate\\Pipeline\\Pipeline->Illuminate\\Pipeline\\{closure}(Object(Illuminate\\Http\\Request))
#12 C:\\Users\\lenovo\\Downloads\\revdb\\vendor\\laravel\\framework\\src\\Illuminate\\Foundation\\Http\\Middleware\\ConvertEmptyStringsToNull.php(31): Illuminate\\Foundation\\Http\\Middleware\\TransformsRequest->handle(Object(Illuminate\\Http\\Request), Object(Closure))
#13 C:\\Users\\lenovo\\Downloads\\revdb\\vendor\\laravel\\framework\\src\\Illuminate\\Pipeline\\Pipeline.php(180): Illuminate\\Foundation\\Http\\Middleware\\ConvertEmptyStringsToNull->handle(Object(Illuminate\\Http\\Request), Object(Closure))
#14 C:\\Users\\lenovo\\Downloads\\revdb\\vendor\\laravel\\framework\\src\\Illuminate\\Foundation\\Http\\Middleware\\TransformsRequest.php(21): Illuminate\\Pipeline\\Pipeline->Illuminate\\Pipeline\\{closure}(Object(Illuminate\\Http\\Request))
#15 C:\\Users\\lenovo\\Downloads\\revdb\\vendor\\laravel\\framework\\src\\Illuminate\\Foundation\\Http\\Middleware\\TrimStrings.php(40): Illuminate\\Foundation\\Http\\Middleware\\TransformsRequest->handle(Object(Illuminate\\Http\\Request), Object(Closure))
#16 C:\\Users\\lenovo\\Downloads\\revdb\\vendor\\laravel\\framework\\src\\Illuminate\\Pipeline\\Pipeline.php(180): Illuminate\\Foundation\\Http\\Middleware\\TrimStrings->handle(Object(Illuminate\\Http\\Request), Object(Closure))
#17 C:\\Users\\lenovo\\Downloads\\revdb\\vendor\\laravel\\framework\\src\\Illuminate\\Foundation\\Http\\Middleware\\ValidatePostSize.php(27): Illuminate\\Pipeline\\Pipeline->Illuminate\\Pipeline\\{closure}(Object(Illuminate\\Http\\Request))
#18 C:\\Users\\lenovo\\Downloads\\revdb\\vendor\\laravel\\framework\\src\\Illuminate\\Pipeline\\Pipeline.php(180): Illuminate\\Foundation\\Http\\Middleware\\ValidatePostSize->handle(Object(Illuminate\\Http\\Request), Object(Closure))
#19 C:\\Users\\lenovo\\Downloads\\revdb\\vendor\\laravel\\framework\\src\\Illuminate\\Foundation\\Http\\Middleware\\PreventRequestsDuringMaintenance.php(86): Illuminate\\Pipeline\\Pipeline->Illuminate\\Pipeline\\{closure}(Object(Illuminate\\Http\\Request))
#20 C:\\Users\\lenovo\\Downloads\\revdb\\vendor\\laravel\\framework\\src\\Illuminate\\Pipeline\\Pipeline.php(180): Illuminate\\Foundation\\Http\\Middleware\\PreventRequestsDuringMaintenance->handle(Object(Illuminate\\Http\\Request), Object(Closure))
#21 C:\\Users\\lenovo\\Downloads\\revdb\\vendor\\laravel\\framework\\src\\Illuminate\\Http\\Middleware\\HandleCors.php(49): Illuminate\\Pipeline\\Pipeline->Illuminate\\Pipeline\\{closure}(Object(Illuminate\\Http\\Request))
#22 C:\\Users\\lenovo\\Downloads\\revdb\\vendor\\laravel\\framework\\src\\Illuminate\\Pipeline\\Pipeline.php(180): Illuminate\\Http\\Middleware\\HandleCors->handle(Object(Illuminate\\Http\\Request), Object(Closure))
#23 C:\\Users\\lenovo\\Downloads\\revdb\\vendor\\laravel\\framework\\src\\Illuminate\\Http\\Middleware\\TrustProxies.php(39): Illuminate\\Pipeline\\Pipeline->Illuminate\\Pipeline\\{closure}(Object(Illuminate\\Http\\Request))
#24 C:\\Users\\lenovo\\Downloads\\revdb\\vendor\\laravel\\framework\\src\\Illuminate\\Pipeline\\Pipeline.php(180): Illuminate\\Http\\Middleware\\TrustProxies->handle(Object(Illuminate\\Http\\Request), Object(Closure))
#25 C:\\Users\\lenovo\\Downloads\\revdb\\vendor\\laravel\\framework\\src\\Illuminate\\Pipeline\\Pipeline.php(116): Illuminate\\Pipeline\\Pipeline->Illuminate\\Pipeline\\{closure}(Object(Illuminate\\Http\\Request))
#26 C:\\Users\\lenovo\\Downloads\\revdb\\vendor\\laravel\\framework\\src\\Illuminate\\Foundation\\Http\\Kernel.php(165): Illuminate\\Pipeline\\Pipeline->then(Object(Closure))
#27 C:\\Users\\lenovo\\Downloads\\revdb\\vendor\\laravel\\framework\\src\\Illuminate\\Foundation\\Http\\Kernel.php(134): Illuminate\\Foundation\\Http\\Kernel->sendRequestThroughRouter(Object(Illuminate\\Http\\Request))
#28 C:\\Users\\lenovo\\Downloads\\revdb\\public\\index.php(51): Illuminate\\Foundation\\Http\\Kernel->handle(Object(Illuminate\\Http\\Request))
#29 C:\\Users\\lenovo\\Downloads\\revdb\\vendor\\laravel\\framework\\src\\Illuminate\\Foundation\\resources\\server.php(16): require_once('C:\\\\Users\\\\lenovo...')
#30 {main}
"} 
[2025-10-09 16:08:36] local.ERROR: Unclosed '(' does not match '}' {"view":{"view":"C:\\Users\\lenovo\\Downloads\\revdb\\resources\\views\\layouts\\panel_guest.blade.php","data":{"errors":"<pre class=sf-dump id=sf-dump-1773573824 data-indent-pad=\"  \"><span class=sf-dump-note>Illuminate\\Support\\ViewErrorBag</span> {<a class=sf-dump-ref>#1422</a><samp data-depth=1 class=sf-dump-expanded>
  #<span class=sf-dump-protected title=\"Protected property\">bags</span>: []
</samp>}
</pre><script>Sfdump(\"sf-dump-1773573824\", {\"maxDepth\":3,\"maxStringLength\":160})</script>
","stepOne":"<pre class=sf-dump id=sf-dump-1977071626 data-indent-pad=\"  \">[]
</pre><script>Sfdump(\"sf-dump-1977071626\", {\"maxDepth\":3,\"maxStringLength\":160})</script>
","stepTwo":"<pre class=sf-dump id=sf-dump-321909613 data-indent-pad=\"  \">[]
</pre><script>Sfdump(\"sf-dump-321909613\", {\"maxDepth\":3,\"maxStringLength\":160})</script>
","stepThree":"<pre class=sf-dump id=sf-dump-59033873 data-indent-pad=\"  \">[]
</pre><script>Sfdump(\"sf-dump-59033873\", {\"maxDepth\":3,\"maxStringLength\":160})</script>
","isStepOne":"<pre class=sf-dump id=sf-dump-618217184 data-indent-pad=\"  \"><span class=sf-dump-const>false</span>
</pre><script>Sfdump(\"sf-dump-618217184\", {\"maxDepth\":3,\"maxStringLength\":160})</script>
","isStepTwo":"<pre class=sf-dump id=sf-dump-1641500808 data-indent-pad=\"  \"><span class=sf-dump-const>false</span>
</pre><script>Sfdump(\"sf-dump-1641500808\", {\"maxDepth\":3,\"maxStringLength\":160})</script>
","isStepThree":"<pre class=sf-dump id=sf-dump-1099664662 data-indent-pad=\"  \"><span class=sf-dump-const>false</span>
</pre><script>Sfdump(\"sf-dump-1099664662\", {\"maxDepth\":3,\"maxStringLength\":160})</script>
","account":"<pre class=sf-dump id=sf-dump-176158585 data-indent-pad=\"  \">\"<span class=sf-dump-str title=\"10 characters\">advertiser</span>\"
</pre><script>Sfdump(\"sf-dump-176158585\", {\"maxDepth\":3,\"maxStringLength\":160})</script>
","countries":"<pre class=sf-dump id=sf-dump-34771174 data-indent-pad=\"  \">[]
</pre><script>Sfdump(\"sf-dump-34771174\", {\"maxDepth\":3,\"maxStringLength\":160})</script>
","states":"<pre class=sf-dump id=sf-dump-1196021776 data-indent-pad=\"  \">[]
</pre><script>Sfdump(\"sf-dump-1196021776\", {\"maxDepth\":3,\"maxStringLength\":160})</script>
","cities":"<pre class=sf-dump id=sf-dump-2011962132 data-indent-pad=\"  \">[]
</pre><script>Sfdump(\"sf-dump-2011962132\", {\"maxDepth\":3,\"maxStringLength\":160})</script>
"}},"exception":"[object] (Spatie\\LaravelIgnition\\Exceptions\\ViewException(code: 0): Unclosed '(' does not match '}' at C:\\Users\\lenovo\\Downloads\\revdb\\resources\\views\\layouts\\panel_guest.blade.php:548)
[stacktrace]
#0 C:\\Users\\lenovo\\Downloads\\revdb\\vendor\\laravel\\framework\\src\\Illuminate\\Filesystem\\Filesystem.php(110): Illuminate\\Filesystem\\Filesystem::Illuminate\\Filesystem\\{closure}()
#1 C:\\Users\\lenovo\\Downloads\\revdb\\vendor\\laravel\\framework\\src\\Illuminate\\View\\Engines\\PhpEngine.php(58): Illuminate\\Filesystem\\Filesystem->getRequire('C:\\\\Users\\\\lenovo...', Array)
#2 C:\\Users\\lenovo\\Downloads\\revdb\\vendor\\laravel\\framework\\src\\Illuminate\\View\\Engines\\CompilerEngine.php(70): Illuminate\\View\\Engines\\PhpEngine->evaluatePath('C:\\\\Users\\\\lenovo...', Array)
#3 C:\\Users\\lenovo\\Downloads\\revdb\\vendor\\laravel\\framework\\src\\Illuminate\\View\\View.php(195): Illuminate\\View\\Engines\\CompilerEngine->get('C:\\\\Users\\\\lenovo...', Array)
#4 C:\\Users\\lenovo\\Downloads\\revdb\\vendor\\laravel\\framework\\src\\Illuminate\\View\\View.php(178): Illuminate\\View\\View->getContents()
#5 C:\\Users\\lenovo\\Downloads\\revdb\\vendor\\laravel\\framework\\src\\Illuminate\\View\\View.php(147): Illuminate\\View\\View->renderContents()
#6 C:\\Users\\lenovo\\Downloads\\revdb\\resources\\views\\auth\\advertiser_register.blade.php(363): Illuminate\\View\\View->render()
#7 C:\\Users\\lenovo\\Downloads\\revdb\\vendor\\laravel\\framework\\src\\Illuminate\\Filesystem\\Filesystem.php(109): require('C:\\\\Users\\\\lenovo...')
#8 C:\\Users\\lenovo\\Downloads\\revdb\\vendor\\laravel\\framework\\src\\Illuminate\\Filesystem\\Filesystem.php(110): Illuminate\\Filesystem\\Filesystem::Illuminate\\Filesystem\\{closure}()
#9 C:\\Users\\lenovo\\Downloads\\revdb\\vendor\\laravel\\framework\\src\\Illuminate\\View\\Engines\\PhpEngine.php(58): Illuminate\\Filesystem\\Filesystem->getRequire('C:\\\\Users\\\\lenovo...', Array)
#10 C:\\Users\\lenovo\\Downloads\\revdb\\vendor\\laravel\\framework\\src\\Illuminate\\View\\Engines\\CompilerEngine.php(70): Illuminate\\View\\Engines\\PhpEngine->evaluatePath('C:\\\\Users\\\\lenovo...', Array)
#11 C:\\Users\\lenovo\\Downloads\\revdb\\vendor\\laravel\\framework\\src\\Illuminate\\View\\View.php(195): Illuminate\\View\\Engines\\CompilerEngine->get('C:\\\\Users\\\\lenovo...', Array)
#12 C:\\Users\\lenovo\\Downloads\\revdb\\vendor\\laravel\\framework\\src\\Illuminate\\View\\View.php(178): Illuminate\\View\\View->getContents()
#13 C:\\Users\\lenovo\\Downloads\\revdb\\vendor\\laravel\\framework\\src\\Illuminate\\View\\View.php(147): Illuminate\\View\\View->renderContents()
#14 C:\\Users\\lenovo\\Downloads\\revdb\\vendor\\laravel\\framework\\src\\Illuminate\\Http\\Response.php(69): Illuminate\\View\\View->render()
#15 C:\\Users\\lenovo\\Downloads\\revdb\\vendor\\laravel\\framework\\src\\Illuminate\\Http\\Response.php(35): Illuminate\\Http\\Response->setContent(Object(Illuminate\\View\\View))
#16 C:\\Users\\lenovo\\Downloads\\revdb\\vendor\\laravel\\framework\\src\\Illuminate\\Routing\\Router.php(906): Illuminate\\Http\\Response->__construct(Object(Illuminate\\View\\View), 200, Array)
#17 C:\\Users\\lenovo\\Downloads\\revdb\\vendor\\laravel\\framework\\src\\Illuminate\\Routing\\Router.php(875): Illuminate\\Routing\\Router::toResponse(Object(Illuminate\\Http\\Request), Object(Illuminate\\View\\View))
#18 C:\\Users\\lenovo\\Downloads\\revdb\\vendor\\laravel\\framework\\src\\Illuminate\\Routing\\Router.php(797): Illuminate\\Routing\\Router->prepareResponse(Object(Illuminate\\Http\\Request), Object(Illuminate\\View\\View))
#19 C:\\Users\\lenovo\\Downloads\\revdb\\vendor\\laravel\\framework\\src\\Illuminate\\Pipeline\\Pipeline.php(141): Illuminate\\Routing\\Router->Illuminate\\Routing\\{closure}(Object(Illuminate\\Http\\Request))
#20 C:\\Users\\lenovo\\Downloads\\revdb\\app\\Http\\Middleware\\RedirectIfAuthenticated.php(33): Illuminate\\Pipeline\\Pipeline->Illuminate\\Pipeline\\{closure}(Object(Illuminate\\Http\\Request))
#21 C:\\Users\\lenovo\\Downloads\\revdb\\vendor\\laravel\\framework\\src\\Illuminate\\Pipeline\\Pipeline.php(180): App\\Http\\Middleware\\RedirectIfAuthenticated->handle(Object(Illuminate\\Http\\Request), Object(Closure))
#22 C:\\Users\\lenovo\\Downloads\\revdb\\app\\Http\\Middleware\\SetLocale.php(24): Illuminate\\Pipeline\\Pipeline->Illuminate\\Pipeline\\{closure}(Object(Illuminate\\Http\\Request))
#23 C:\\Users\\lenovo\\Downloads\\revdb\\vendor\\laravel\\framework\\src\\Illuminate\\Pipeline\\Pipeline.php(180): App\\Http\\Middleware\\SetLocale->handle(Object(Illuminate\\Http\\Request), Object(Closure))
#24 C:\\Users\\lenovo\\Downloads\\revdb\\app\\Http\\Middleware\\AuthGates.php(44): Illuminate\\Pipeline\\Pipeline->Illuminate\\Pipeline\\{closure}(Object(Illuminate\\Http\\Request))
#25 C:\\Users\\lenovo\\Downloads\\revdb\\vendor\\laravel\\framework\\src\\Illuminate\\Pipeline\\Pipeline.php(180): App\\Http\\Middleware\\AuthGates->handle(Object(Illuminate\\Http\\Request), Object(Closure))
#26 C:\\Users\\lenovo\\Downloads\\revdb\\vendor\\laravel\\framework\\src\\Illuminate\\Routing\\Middleware\\SubstituteBindings.php(50): Illuminate\\Pipeline\\Pipeline->Illuminate\\Pipeline\\{closure}(Object(Illuminate\\Http\\Request))
#27 C:\\Users\\lenovo\\Downloads\\revdb\\vendor\\laravel\\framework\\src\\Illuminate\\Pipeline\\Pipeline.php(180): Illuminate\\Routing\\Middleware\\SubstituteBindings->handle(Object(Illuminate\\Http\\Request), Object(Closure))
#28 C:\\Users\\lenovo\\Downloads\\revdb\\vendor\\laravel\\framework\\src\\Illuminate\\Foundation\\Http\\Middleware\\VerifyCsrfToken.php(78): Illuminate\\Pipeline\\Pipeline->Illuminate\\Pipeline\\{closure}(Object(Illuminate\\Http\\Request))
#29 C:\\Users\\lenovo\\Downloads\\revdb\\vendor\\laravel\\framework\\src\\Illuminate\\Pipeline\\Pipeline.php(180): Illuminate\\Foundation\\Http\\Middleware\\VerifyCsrfToken->handle(Object(Illuminate\\Http\\Request), Object(Closure))
#30 C:\\Users\\lenovo\\Downloads\\revdb\\vendor\\laravel\\framework\\src\\Illuminate\\View\\Middleware\\ShareErrorsFromSession.php(49): Illuminate\\Pipeline\\Pipeline->Illuminate\\Pipeline\\{closure}(Object(Illuminate\\Http\\Request))
#31 C:\\Users\\lenovo\\Downloads\\revdb\\vendor\\laravel\\framework\\src\\Illuminate\\Pipeline\\Pipeline.php(180): Illuminate\\View\\Middleware\\ShareErrorsFromSession->handle(Object(Illuminate\\Http\\Request), Object(Closure))
#32 C:\\Users\\lenovo\\Downloads\\revdb\\vendor\\laravel\\framework\\src\\Illuminate\\Session\\Middleware\\StartSession.php(121): Illuminate\\Pipeline\\Pipeline->Illuminate\\Pipeline\\{closure}(Object(Illuminate\\Http\\Request))
#33 C:\\Users\\lenovo\\Downloads\\revdb\\vendor\\laravel\\framework\\src\\Illuminate\\Session\\Middleware\\StartSession.php(64): Illuminate\\Session\\Middleware\\StartSession->handleStatefulRequest(Object(Illuminate\\Http\\Request), Object(Illuminate\\Session\\Store), Object(Closure))
#34 C:\\Users\\lenovo\\Downloads\\revdb\\vendor\\laravel\\framework\\src\\Illuminate\\Pipeline\\Pipeline.php(180): Illuminate\\Session\\Middleware\\StartSession->handle(Object(Illuminate\\Http\\Request), Object(Closure))
#35 C:\\Users\\lenovo\\Downloads\\revdb\\vendor\\laravel\\framework\\src\\Illuminate\\Cookie\\Middleware\\AddQueuedCookiesToResponse.php(37): Illuminate\\Pipeline\\Pipeline->Illuminate\\Pipeline\\{closure}(Object(Illuminate\\Http\\Request))
#36 C:\\Users\\lenovo\\Downloads\\revdb\\vendor\\laravel\\framework\\src\\Illuminate\\Pipeline\\Pipeline.php(180): Illuminate\\Cookie\\Middleware\\AddQueuedCookiesToResponse->handle(Object(Illuminate\\Http\\Request), Object(Closure))
#37 C:\\Users\\lenovo\\Downloads\\revdb\\vendor\\laravel\\framework\\src\\Illuminate\\Cookie\\Middleware\\EncryptCookies.php(67): Illuminate\\Pipeline\\Pipeline->Illuminate\\Pipeline\\{closure}(Object(Illuminate\\Http\\Request))
#38 C:\\Users\\lenovo\\Downloads\\revdb\\vendor\\laravel\\framework\\src\\Illuminate\\Pipeline\\Pipeline.php(180): Illuminate\\Cookie\\Middleware\\EncryptCookies->handle(Object(Illuminate\\Http\\Request), Object(Closure))
#39 C:\\Users\\lenovo\\Downloads\\revdb\\vendor\\laravel\\framework\\src\\Illuminate\\Pipeline\\Pipeline.php(116): Illuminate\\Pipeline\\Pipeline->Illuminate\\Pipeline\\{closure}(Object(Illuminate\\Http\\Request))
#40 C:\\Users\\lenovo\\Downloads\\revdb\\vendor\\laravel\\framework\\src\\Illuminate\\Routing\\Router.php(797): Illuminate\\Pipeline\\Pipeline->then(Object(Closure))
#41 C:\\Users\\lenovo\\Downloads\\revdb\\vendor\\laravel\\framework\\src\\Illuminate\\Routing\\Router.php(776): Illuminate\\Routing\\Router->runRouteWithinStack(Object(Illuminate\\Routing\\Route), Object(Illuminate\\Http\\Request))
#42 C:\\Users\\lenovo\\Downloads\\revdb\\vendor\\laravel\\framework\\src\\Illuminate\\Routing\\Router.php(740): Illuminate\\Routing\\Router->runRoute(Object(Illuminate\\Http\\Request), Object(Illuminate\\Routing\\Route))
#43 C:\\Users\\lenovo\\Downloads\\revdb\\vendor\\laravel\\framework\\src\\Illuminate\\Routing\\Router.php(729): Illuminate\\Routing\\Router->dispatchToRoute(Object(Illuminate\\Http\\Request))
#44 C:\\Users\\lenovo\\Downloads\\revdb\\vendor\\laravel\\framework\\src\\Illuminate\\Foundation\\Http\\Kernel.php(190): Illuminate\\Routing\\Router->dispatch(Object(Illuminate\\Http\\Request))
#45 C:\\Users\\lenovo\\Downloads\\revdb\\vendor\\laravel\\framework\\src\\Illuminate\\Pipeline\\Pipeline.php(141): Illuminate\\Foundation\\Http\\Kernel->Illuminate\\Foundation\\Http\\{closure}(Object(Illuminate\\Http\\Request))
#46 C:\\Users\\lenovo\\Downloads\\revdb\\vendor\\laravel\\framework\\src\\Illuminate\\Foundation\\Http\\Middleware\\TransformsRequest.php(21): Illuminate\\Pipeline\\Pipeline->Illuminate\\Pipeline\\{closure}(Object(Illuminate\\Http\\Request))
#47 C:\\Users\\lenovo\\Downloads\\revdb\\vendor\\laravel\\framework\\src\\Illuminate\\Foundation\\Http\\Middleware\\ConvertEmptyStringsToNull.php(31): Illuminate\\Foundation\\Http\\Middleware\\TransformsRequest->handle(Object(Illuminate\\Http\\Request), Object(Closure))
#48 C:\\Users\\lenovo\\Downloads\\revdb\\vendor\\laravel\\framework\\src\\Illuminate\\Pipeline\\Pipeline.php(180): Illuminate\\Foundation\\Http\\Middleware\\ConvertEmptyStringsToNull->handle(Object(Illuminate\\Http\\Request), Object(Closure))
#49 C:\\Users\\lenovo\\Downloads\\revdb\\vendor\\laravel\\framework\\src\\Illuminate\\Foundation\\Http\\Middleware\\TransformsRequest.php(21): Illuminate\\Pipeline\\Pipeline->Illuminate\\Pipeline\\{closure}(Object(Illuminate\\Http\\Request))
#50 C:\\Users\\lenovo\\Downloads\\revdb\\vendor\\laravel\\framework\\src\\Illuminate\\Foundation\\Http\\Middleware\\TrimStrings.php(40): Illuminate\\Foundation\\Http\\Middleware\\TransformsRequest->handle(Object(Illuminate\\Http\\Request), Object(Closure))
#51 C:\\Users\\lenovo\\Downloads\\revdb\\vendor\\laravel\\framework\\src\\Illuminate\\Pipeline\\Pipeline.php(180): Illuminate\\Foundation\\Http\\Middleware\\TrimStrings->handle(Object(Illuminate\\Http\\Request), Object(Closure))
#52 C:\\Users\\lenovo\\Downloads\\revdb\\vendor\\laravel\\framework\\src\\Illuminate\\Foundation\\Http\\Middleware\\ValidatePostSize.php(27): Illuminate\\Pipeline\\Pipeline->Illuminate\\Pipeline\\{closure}(Object(Illuminate\\Http\\Request))
#53 C:\\Users\\lenovo\\Downloads\\revdb\\vendor\\laravel\\framework\\src\\Illuminate\\Pipeline\\Pipeline.php(180): Illuminate\\Foundation\\Http\\Middleware\\ValidatePostSize->handle(Object(Illuminate\\Http\\Request), Object(Closure))
#54 C:\\Users\\lenovo\\Downloads\\revdb\\vendor\\laravel\\framework\\src\\Illuminate\\Foundation\\Http\\Middleware\\PreventRequestsDuringMaintenance.php(86): Illuminate\\Pipeline\\Pipeline->Illuminate\\Pipeline\\{closure}(Object(Illuminate\\Http\\Request))
#55 C:\\Users\\lenovo\\Downloads\\revdb\\vendor\\laravel\\framework\\src\\Illuminate\\Pipeline\\Pipeline.php(180): Illuminate\\Foundation\\Http\\Middleware\\PreventRequestsDuringMaintenance->handle(Object(Illuminate\\Http\\Request), Object(Closure))
#56 C:\\Users\\lenovo\\Downloads\\revdb\\vendor\\laravel\\framework\\src\\Illuminate\\Http\\Middleware\\HandleCors.php(49): Illuminate\\Pipeline\\Pipeline->Illuminate\\Pipeline\\{closure}(Object(Illuminate\\Http\\Request))
#57 C:\\Users\\lenovo\\Downloads\\revdb\\vendor\\laravel\\framework\\src\\Illuminate\\Pipeline\\Pipeline.php(180): Illuminate\\Http\\Middleware\\HandleCors->handle(Object(Illuminate\\Http\\Request), Object(Closure))
#58 C:\\Users\\lenovo\\Downloads\\revdb\\vendor\\laravel\\framework\\src\\Illuminate\\Http\\Middleware\\TrustProxies.php(39): Illuminate\\Pipeline\\Pipeline->Illuminate\\Pipeline\\{closure}(Object(Illuminate\\Http\\Request))
#59 C:\\Users\\lenovo\\Downloads\\revdb\\vendor\\laravel\\framework\\src\\Illuminate\\Pipeline\\Pipeline.php(180): Illuminate\\Http\\Middleware\\TrustProxies->handle(Object(Illuminate\\Http\\Request), Object(Closure))
#60 C:\\Users\\lenovo\\Downloads\\revdb\\vendor\\laravel\\framework\\src\\Illuminate\\Pipeline\\Pipeline.php(116): Illuminate\\Pipeline\\Pipeline->Illuminate\\Pipeline\\{closure}(Object(Illuminate\\Http\\Request))
#61 C:\\Users\\lenovo\\Downloads\\revdb\\vendor\\laravel\\framework\\src\\Illuminate\\Foundation\\Http\\Kernel.php(165): Illuminate\\Pipeline\\Pipeline->then(Object(Closure))
#62 C:\\Users\\lenovo\\Downloads\\revdb\\vendor\\laravel\\framework\\src\\Illuminate\\Foundation\\Http\\Kernel.php(134): Illuminate\\Foundation\\Http\\Kernel->sendRequestThroughRouter(Object(Illuminate\\Http\\Request))
#63 C:\\Users\\lenovo\\Downloads\\revdb\\public\\index.php(51): Illuminate\\Foundation\\Http\\Kernel->handle(Object(Illuminate\\Http\\Request))
#64 C:\\Users\\lenovo\\Downloads\\revdb\\vendor\\laravel\\framework\\src\\Illuminate\\Foundation\\resources\\server.php(16): require_once('C:\\\\Users\\\\lenovo...')
#65 {main}

[previous exception] [object] (ParseError(code: 0): Unclosed '(' does not match '}' at C:\\Users\\lenovo\\Downloads\\revdb\\storage\\framework\\views\\5653b688c2c30d14600158a982a62e148272f6f3.php:552)
[stacktrace]
#0 C:\\Users\\lenovo\\Downloads\\revdb\\vendor\\laravel\\framework\\src\\Illuminate\\Filesystem\\Filesystem.php(110): Illuminate\\Filesystem\\Filesystem::Illuminate\\Filesystem\\{closure}()
#1 C:\\Users\\lenovo\\Downloads\\revdb\\vendor\\laravel\\framework\\src\\Illuminate\\View\\Engines\\PhpEngine.php(58): Illuminate\\Filesystem\\Filesystem->getRequire('C:\\\\Users\\\\lenovo...', Array)
#2 C:\\Users\\lenovo\\Downloads\\revdb\\vendor\\laravel\\framework\\src\\Illuminate\\View\\Engines\\CompilerEngine.php(70): Illuminate\\View\\Engines\\PhpEngine->evaluatePath('C:\\\\Users\\\\lenovo...', Array)
#3 C:\\Users\\lenovo\\Downloads\\revdb\\vendor\\laravel\\framework\\src\\Illuminate\\View\\View.php(195): Illuminate\\View\\Engines\\CompilerEngine->get('C:\\\\Users\\\\lenovo...', Array)
#4 C:\\Users\\lenovo\\Downloads\\revdb\\vendor\\laravel\\framework\\src\\Illuminate\\View\\View.php(178): Illuminate\\View\\View->getContents()
#5 C:\\Users\\lenovo\\Downloads\\revdb\\vendor\\laravel\\framework\\src\\Illuminate\\View\\View.php(147): Illuminate\\View\\View->renderContents()
#6 C:\\Users\\lenovo\\Downloads\\revdb\\storage\\framework\\views\\2103f6841421542a91cb59743d8fc4cf56abc2b9.php(363): Illuminate\\View\\View->render()
#7 C:\\Users\\lenovo\\Downloads\\revdb\\vendor\\laravel\\framework\\src\\Illuminate\\Filesystem\\Filesystem.php(109): require('C:\\\\Users\\\\lenovo...')
#8 C:\\Users\\lenovo\\Downloads\\revdb\\vendor\\laravel\\framework\\src\\Illuminate\\Filesystem\\Filesystem.php(110): Illuminate\\Filesystem\\Filesystem::Illuminate\\Filesystem\\{closure}()
#9 C:\\Users\\lenovo\\Downloads\\revdb\\vendor\\laravel\\framework\\src\\Illuminate\\View\\Engines\\PhpEngine.php(58): Illuminate\\Filesystem\\Filesystem->getRequire('C:\\\\Users\\\\lenovo...', Array)
#10 C:\\Users\\lenovo\\Downloads\\revdb\\vendor\\laravel\\framework\\src\\Illuminate\\View\\Engines\\CompilerEngine.php(70): Illuminate\\View\\Engines\\PhpEngine->evaluatePath('C:\\\\Users\\\\lenovo...', Array)
#11 C:\\Users\\lenovo\\Downloads\\revdb\\vendor\\laravel\\framework\\src\\Illuminate\\View\\View.php(195): Illuminate\\View\\Engines\\CompilerEngine->get('C:\\\\Users\\\\lenovo...', Array)
#12 C:\\Users\\lenovo\\Downloads\\revdb\\vendor\\laravel\\framework\\src\\Illuminate\\View\\View.php(178): Illuminate\\View\\View->getContents()
#13 C:\\Users\\lenovo\\Downloads\\revdb\\vendor\\laravel\\framework\\src\\Illuminate\\View\\View.php(147): Illuminate\\View\\View->renderContents()
#14 C:\\Users\\lenovo\\Downloads\\revdb\\vendor\\laravel\\framework\\src\\Illuminate\\Http\\Response.php(69): Illuminate\\View\\View->render()
#15 C:\\Users\\lenovo\\Downloads\\revdb\\vendor\\laravel\\framework\\src\\Illuminate\\Http\\Response.php(35): Illuminate\\Http\\Response->setContent(Object(Illuminate\\View\\View))
#16 C:\\Users\\lenovo\\Downloads\\revdb\\vendor\\laravel\\framework\\src\\Illuminate\\Routing\\Router.php(906): Illuminate\\Http\\Response->__construct(Object(Illuminate\\View\\View), 200, Array)
#17 C:\\Users\\lenovo\\Downloads\\revdb\\vendor\\laravel\\framework\\src\\Illuminate\\Routing\\Router.php(875): Illuminate\\Routing\\Router::toResponse(Object(Illuminate\\Http\\Request), Object(Illuminate\\View\\View))
#18 C:\\Users\\lenovo\\Downloads\\revdb\\vendor\\laravel\\framework\\src\\Illuminate\\Routing\\Router.php(797): Illuminate\\Routing\\Router->prepareResponse(Object(Illuminate\\Http\\Request), Object(Illuminate\\View\\View))
#19 C:\\Users\\lenovo\\Downloads\\revdb\\vendor\\laravel\\framework\\src\\Illuminate\\Pipeline\\Pipeline.php(141): Illuminate\\Routing\\Router->Illuminate\\Routing\\{closure}(Object(Illuminate\\Http\\Request))
#20 C:\\Users\\lenovo\\Downloads\\revdb\\app\\Http\\Middleware\\RedirectIfAuthenticated.php(33): Illuminate\\Pipeline\\Pipeline->Illuminate\\Pipeline\\{closure}(Object(Illuminate\\Http\\Request))
#21 C:\\Users\\lenovo\\Downloads\\revdb\\vendor\\laravel\\framework\\src\\Illuminate\\Pipeline\\Pipeline.php(180): App\\Http\\Middleware\\RedirectIfAuthenticated->handle(Object(Illuminate\\Http\\Request), Object(Closure))
#22 C:\\Users\\lenovo\\Downloads\\revdb\\app\\Http\\Middleware\\SetLocale.php(24): Illuminate\\Pipeline\\Pipeline->Illuminate\\Pipeline\\{closure}(Object(Illuminate\\Http\\Request))
#23 C:\\Users\\lenovo\\Downloads\\revdb\\vendor\\laravel\\framework\\src\\Illuminate\\Pipeline\\Pipeline.php(180): App\\Http\\Middleware\\SetLocale->handle(Object(Illuminate\\Http\\Request), Object(Closure))
#24 C:\\Users\\lenovo\\Downloads\\revdb\\app\\Http\\Middleware\\AuthGates.php(44): Illuminate\\Pipeline\\Pipeline->Illuminate\\Pipeline\\{closure}(Object(Illuminate\\Http\\Request))
#25 C:\\Users\\lenovo\\Downloads\\revdb\\vendor\\laravel\\framework\\src\\Illuminate\\Pipeline\\Pipeline.php(180): App\\Http\\Middleware\\AuthGates->handle(Object(Illuminate\\Http\\Request), Object(Closure))
#26 C:\\Users\\lenovo\\Downloads\\revdb\\vendor\\laravel\\framework\\src\\Illuminate\\Routing\\Middleware\\SubstituteBindings.php(50): Illuminate\\Pipeline\\Pipeline->Illuminate\\Pipeline\\{closure}(Object(Illuminate\\Http\\Request))
#27 C:\\Users\\lenovo\\Downloads\\revdb\\vendor\\laravel\\framework\\src\\Illuminate\\Pipeline\\Pipeline.php(180): Illuminate\\Routing\\Middleware\\SubstituteBindings->handle(Object(Illuminate\\Http\\Request), Object(Closure))
#28 C:\\Users\\lenovo\\Downloads\\revdb\\vendor\\laravel\\framework\\src\\Illuminate\\Foundation\\Http\\Middleware\\VerifyCsrfToken.php(78): Illuminate\\Pipeline\\Pipeline->Illuminate\\Pipeline\\{closure}(Object(Illuminate\\Http\\Request))
#29 C:\\Users\\lenovo\\Downloads\\revdb\\vendor\\laravel\\framework\\src\\Illuminate\\Pipeline\\Pipeline.php(180): Illuminate\\Foundation\\Http\\Middleware\\VerifyCsrfToken->handle(Object(Illuminate\\Http\\Request), Object(Closure))
#30 C:\\Users\\lenovo\\Downloads\\revdb\\vendor\\laravel\\framework\\src\\Illuminate\\View\\Middleware\\ShareErrorsFromSession.php(49): Illuminate\\Pipeline\\Pipeline->Illuminate\\Pipeline\\{closure}(Object(Illuminate\\Http\\Request))
#31 C:\\Users\\lenovo\\Downloads\\revdb\\vendor\\laravel\\framework\\src\\Illuminate\\Pipeline\\Pipeline.php(180): Illuminate\\View\\Middleware\\ShareErrorsFromSession->handle(Object(Illuminate\\Http\\Request), Object(Closure))
#32 C:\\Users\\lenovo\\Downloads\\revdb\\vendor\\laravel\\framework\\src\\Illuminate\\Session\\Middleware\\StartSession.php(121): Illuminate\\Pipeline\\Pipeline->Illuminate\\Pipeline\\{closure}(Object(Illuminate\\Http\\Request))
#33 C:\\Users\\lenovo\\Downloads\\revdb\\vendor\\laravel\\framework\\src\\Illuminate\\Session\\Middleware\\StartSession.php(64): Illuminate\\Session\\Middleware\\StartSession->handleStatefulRequest(Object(Illuminate\\Http\\Request), Object(Illuminate\\Session\\Store), Object(Closure))
#34 C:\\Users\\lenovo\\Downloads\\revdb\\vendor\\laravel\\framework\\src\\Illuminate\\Pipeline\\Pipeline.php(180): Illuminate\\Session\\Middleware\\StartSession->handle(Object(Illuminate\\Http\\Request), Object(Closure))
#35 C:\\Users\\lenovo\\Downloads\\revdb\\vendor\\laravel\\framework\\src\\Illuminate\\Cookie\\Middleware\\AddQueuedCookiesToResponse.php(37): Illuminate\\Pipeline\\Pipeline->Illuminate\\Pipeline\\{closure}(Object(Illuminate\\Http\\Request))
#36 C:\\Users\\lenovo\\Downloads\\revdb\\vendor\\laravel\\framework\\src\\Illuminate\\Pipeline\\Pipeline.php(180): Illuminate\\Cookie\\Middleware\\AddQueuedCookiesToResponse->handle(Object(Illuminate\\Http\\Request), Object(Closure))
#37 C:\\Users\\lenovo\\Downloads\\revdb\\vendor\\laravel\\framework\\src\\Illuminate\\Cookie\\Middleware\\EncryptCookies.php(67): Illuminate\\Pipeline\\Pipeline->Illuminate\\Pipeline\\{closure}(Object(Illuminate\\Http\\Request))
#38 C:\\Users\\lenovo\\Downloads\\revdb\\vendor\\laravel\\framework\\src\\Illuminate\\Pipeline\\Pipeline.php(180): Illuminate\\Cookie\\Middleware\\EncryptCookies->handle(Object(Illuminate\\Http\\Request), Object(Closure))
#39 C:\\Users\\lenovo\\Downloads\\revdb\\vendor\\laravel\\framework\\src\\Illuminate\\Pipeline\\Pipeline.php(116): Illuminate\\Pipeline\\Pipeline->Illuminate\\Pipeline\\{closure}(Object(Illuminate\\Http\\Request))
#40 C:\\Users\\lenovo\\Downloads\\revdb\\vendor\\laravel\\framework\\src\\Illuminate\\Routing\\Router.php(797): Illuminate\\Pipeline\\Pipeline->then(Object(Closure))
#41 C:\\Users\\lenovo\\Downloads\\revdb\\vendor\\laravel\\framework\\src\\Illuminate\\Routing\\Router.php(776): Illuminate\\Routing\\Router->runRouteWithinStack(Object(Illuminate\\Routing\\Route), Object(Illuminate\\Http\\Request))
#42 C:\\Users\\lenovo\\Downloads\\revdb\\vendor\\laravel\\framework\\src\\Illuminate\\Routing\\Router.php(740): Illuminate\\Routing\\Router->runRoute(Object(Illuminate\\Http\\Request), Object(Illuminate\\Routing\\Route))
#43 C:\\Users\\lenovo\\Downloads\\revdb\\vendor\\laravel\\framework\\src\\Illuminate\\Routing\\Router.php(729): Illuminate\\Routing\\Router->dispatchToRoute(Object(Illuminate\\Http\\Request))
#44 C:\\Users\\lenovo\\Downloads\\revdb\\vendor\\laravel\\framework\\src\\Illuminate\\Foundation\\Http\\Kernel.php(190): Illuminate\\Routing\\Router->dispatch(Object(Illuminate\\Http\\Request))
#45 C:\\Users\\lenovo\\Downloads\\revdb\\vendor\\laravel\\framework\\src\\Illuminate\\Pipeline\\Pipeline.php(141): Illuminate\\Foundation\\Http\\Kernel->Illuminate\\Foundation\\Http\\{closure}(Object(Illuminate\\Http\\Request))
#46 C:\\Users\\lenovo\\Downloads\\revdb\\vendor\\laravel\\framework\\src\\Illuminate\\Foundation\\Http\\Middleware\\TransformsRequest.php(21): Illuminate\\Pipeline\\Pipeline->Illuminate\\Pipeline\\{closure}(Object(Illuminate\\Http\\Request))
#47 C:\\Users\\lenovo\\Downloads\\revdb\\vendor\\laravel\\framework\\src\\Illuminate\\Foundation\\Http\\Middleware\\ConvertEmptyStringsToNull.php(31): Illuminate\\Foundation\\Http\\Middleware\\TransformsRequest->handle(Object(Illuminate\\Http\\Request), Object(Closure))
#48 C:\\Users\\lenovo\\Downloads\\revdb\\vendor\\laravel\\framework\\src\\Illuminate\\Pipeline\\Pipeline.php(180): Illuminate\\Foundation\\Http\\Middleware\\ConvertEmptyStringsToNull->handle(Object(Illuminate\\Http\\Request), Object(Closure))
#49 C:\\Users\\lenovo\\Downloads\\revdb\\vendor\\laravel\\framework\\src\\Illuminate\\Foundation\\Http\\Middleware\\TransformsRequest.php(21): Illuminate\\Pipeline\\Pipeline->Illuminate\\Pipeline\\{closure}(Object(Illuminate\\Http\\Request))
#50 C:\\Users\\lenovo\\Downloads\\revdb\\vendor\\laravel\\framework\\src\\Illuminate\\Foundation\\Http\\Middleware\\TrimStrings.php(40): Illuminate\\Foundation\\Http\\Middleware\\TransformsRequest->handle(Object(Illuminate\\Http\\Request), Object(Closure))
#51 C:\\Users\\lenovo\\Downloads\\revdb\\vendor\\laravel\\framework\\src\\Illuminate\\Pipeline\\Pipeline.php(180): Illuminate\\Foundation\\Http\\Middleware\\TrimStrings->handle(Object(Illuminate\\Http\\Request), Object(Closure))
#52 C:\\Users\\lenovo\\Downloads\\revdb\\vendor\\laravel\\framework\\src\\Illuminate\\Foundation\\Http\\Middleware\\ValidatePostSize.php(27): Illuminate\\Pipeline\\Pipeline->Illuminate\\Pipeline\\{closure}(Object(Illuminate\\Http\\Request))
#53 C:\\Users\\lenovo\\Downloads\\revdb\\vendor\\laravel\\framework\\src\\Illuminate\\Pipeline\\Pipeline.php(180): Illuminate\\Foundation\\Http\\Middleware\\ValidatePostSize->handle(Object(Illuminate\\Http\\Request), Object(Closure))
#54 C:\\Users\\lenovo\\Downloads\\revdb\\vendor\\laravel\\framework\\src\\Illuminate\\Foundation\\Http\\Middleware\\PreventRequestsDuringMaintenance.php(86): Illuminate\\Pipeline\\Pipeline->Illuminate\\Pipeline\\{closure}(Object(Illuminate\\Http\\Request))
#55 C:\\Users\\lenovo\\Downloads\\revdb\\vendor\\laravel\\framework\\src\\Illuminate\\Pipeline\\Pipeline.php(180): Illuminate\\Foundation\\Http\\Middleware\\PreventRequestsDuringMaintenance->handle(Object(Illuminate\\Http\\Request), Object(Closure))
#56 C:\\Users\\lenovo\\Downloads\\revdb\\vendor\\laravel\\framework\\src\\Illuminate\\Http\\Middleware\\HandleCors.php(49): Illuminate\\Pipeline\\Pipeline->Illuminate\\Pipeline\\{closure}(Object(Illuminate\\Http\\Request))
#57 C:\\Users\\lenovo\\Downloads\\revdb\\vendor\\laravel\\framework\\src\\Illuminate\\Pipeline\\Pipeline.php(180): Illuminate\\Http\\Middleware\\HandleCors->handle(Object(Illuminate\\Http\\Request), Object(Closure))
#58 C:\\Users\\lenovo\\Downloads\\revdb\\vendor\\laravel\\framework\\src\\Illuminate\\Http\\Middleware\\TrustProxies.php(39): Illuminate\\Pipeline\\Pipeline->Illuminate\\Pipeline\\{closure}(Object(Illuminate\\Http\\Request))
#59 C:\\Users\\lenovo\\Downloads\\revdb\\vendor\\laravel\\framework\\src\\Illuminate\\Pipeline\\Pipeline.php(180): Illuminate\\Http\\Middleware\\TrustProxies->handle(Object(Illuminate\\Http\\Request), Object(Closure))
#60 C:\\Users\\lenovo\\Downloads\\revdb\\vendor\\laravel\\framework\\src\\Illuminate\\Pipeline\\Pipeline.php(116): Illuminate\\Pipeline\\Pipeline->Illuminate\\Pipeline\\{closure}(Object(Illuminate\\Http\\Request))
#61 C:\\Users\\lenovo\\Downloads\\revdb\\vendor\\laravel\\framework\\src\\Illuminate\\Foundation\\Http\\Kernel.php(165): Illuminate\\Pipeline\\Pipeline->then(Object(Closure))
#62 C:\\Users\\lenovo\\Downloads\\revdb\\vendor\\laravel\\framework\\src\\Illuminate\\Foundation\\Http\\Kernel.php(134): Illuminate\\Foundation\\Http\\Kernel->sendRequestThroughRouter(Object(Illuminate\\Http\\Request))
#63 C:\\Users\\lenovo\\Downloads\\revdb\\public\\index.php(51): Illuminate\\Foundation\\Http\\Kernel->handle(Object(Illuminate\\Http\\Request))
#64 C:\\Users\\lenovo\\Downloads\\revdb\\vendor\\laravel\\framework\\src\\Illuminate\\Foundation\\resources\\server.php(16): require_once('C:\\\\Users\\\\lenovo...')
#65 {main}
"} 
